shape_id,shape_pt_lat,shape_pt_lon,shape_pt_sequence
10468,52.416373,13.495092,0
10468,52.416813,13.494312,1
10468,52.417288,13.493605,2
10468,52.421613,13.487947,3
10468,52.422178,13.487020,4
10468,52.422600,13.486136,5
10468,52.422994,13.485062,6
10468,52.423325,13.483738,7
10468,52.423325,13.483738,8
10468,52.423459,13.483150,9
10468,52.423557,13.482326,10
10468,52.423574,13.481488,11
10468,52.423340,13.474727,12
10468,52.423340,13.474727,13
10468,52.423302,13.472846,14
10468,52.423346,13.472125,15
10468,52.424145,13.464875,16
10468,52.424332,13.463890,17
10468,52.424565,13.463051,18
10468,52.424807,13.462374,19
10468,52.424807,13.462374,20
10468,52.425451,13.460460,21
10468,52.425970,13.459120,22
10468,52.426633,13.457692,23
10468,52.427386,13.456322,24
10468,52.428301,13.454819,25
10468,52.428812,13.454023,26
10468,52.429207,13.453566,27
10468,52.429207,13.453566,28
10468,52.430068,13.452592,29
10468,52.431028,13.451603,30
10468,52.432042,13.450746,31
10468,52.432922,13.450199,32
10468,52.433892,13.449710,33
10468,52.437835,13.448165,34
10468,52.437835,13.448165,35
10468,52.440278,13.447199,36
10468,52.440898,13.447123,37
10468,52.441401,13.447194,38
10468,52.441887,13.447413,39
10468,52.442273,13.447661,40
10468,52.442543,13.447866,41
10468,52.443614,13.448935,42
10468,52.443929,13.449184,43
10468,52.444316,13.449433,44
10468,52.444730,13.449593,45
10468,52.444730,13.449593,46
10468,52.445332,13.449826,47
10468,52.445836,13.449897,48
10468,52.446564,13.450012,49
10468,52.447274,13.450068,50
10468,52.447984,13.450124,51
10468,52.448649,13.450092,52
10468,52.449754,13.449926,53
10468,52.450832,13.449642,54
10468,52.452170,13.449239,55
10468,52.452170,13.449239,56
10468,52.453356,13.448823,57
10468,52.455179,13.448330,58
10468,52.455683,13.448343,59
10468,52.456159,13.448473,60
10468,52.456528,13.448604,61
10468,52.456959,13.448646,62
10468,52.457561,13.448600,63
10468,52.458073,13.448362,64
10468,52.462813,13.444856,65
10468,52.462813,13.444856,66
10468,52.463639,13.444264,67
10468,52.464051,13.443895,68
10468,52.465272,13.442698,69
10468,52.465586,13.442461,70
10468,52.465990,13.442327,71
10468,52.468676,13.441874,72
10468,52.468676,13.441874,73
10468,52.472585,13.441225,74
10468,52.472989,13.441106,75
10468,52.474964,13.440008,76
10468,52.476527,13.439251,77
10468,52.476527,13.439251,78
10468,52.477469,13.438762,79
10468,52.479381,13.437340,80
10468,52.479857,13.436882,81
10468,52.481731,13.434122,82
10468,52.481731,13.434122,83
10468,52.482179,13.433472,84
10468,52.482591,13.432793,85
10468,52.485931,13.425462,86
10468,52.486432,13.424238,87
10467,52.416373,13.495092,0
10467,52.416813,13.494312,1
10467,52.417288,13.493605,2
10467,52.421613,13.487947,3
10467,52.422178,13.487020,4
10467,52.422600,13.486136,5
10467,52.422994,13.485062,6
10467,52.423325,13.483738,7
10467,52.423325,13.483738,8
10467,52.423459,13.483150,9
10467,52.423557,13.482326,10
10467,52.423574,13.481488,11
10467,52.423340,13.474727,12
10467,52.423340,13.474727,13
10467,52.423302,13.472846,14
10467,52.423346,13.472125,15
10467,52.424145,13.464875,16
10467,52.424332,13.463890,17
10467,52.424565,13.463051,18
10467,52.424807,13.462374,19
10467,52.424807,13.462374,20
10467,52.425451,13.460460,21
10467,52.425970,13.459120,22
10467,52.426633,13.457692,23
10467,52.427386,13.456322,24
10467,52.428301,13.454819,25
10467,52.428812,13.454023,26
10467,52.429207,13.453566,27
10467,52.429207,13.453566,28
10467,52.430068,13.452592,29
10467,52.431028,13.451603,30
10467,52.432042,13.450746,31
10467,52.432922,13.450199,32
10467,52.433892,13.449710,33
10467,52.437835,13.448165,34
10467,52.437835,13.448165,35
10467,52.440278,13.447199,36
10467,52.440898,13.447123,37
10467,52.441401,13.447194,38
10467,52.441887,13.447413,39
10467,52.442273,13.447661,40
10467,52.442543,13.447866,41
10467,52.443614,13.448935,42
10467,52.443929,13.449184,43
10467,52.444316,13.449433,44
10467,52.444730,13.449593,45
10467,52.444730,13.449593,46
10467,52.445332,13.449826,47
10467,52.445836,13.449897,48
10467,52.446564,13.450012,49
10467,52.447274,13.450068,50
10467,52.447984,13.450124,51
10467,52.448649,13.450092,52
10467,52.449754,13.449926,53
10467,52.450832,13.449642,54
10467,52.452170,13.449239,55
10467,52.452170,13.449239,56
10467,52.453356,13.448823,57
10467,52.455179,13.448330,58
10467,52.455683,13.448343,59
10467,52.456159,13.448473,60
10467,52.456528,13.448604,61
10467,52.456959,13.448646,62
10467,52.457561,13.448600,63
10467,52.458073,13.448362,64
10467,52.462813,13.444856,65
10467,52.462813,13.444856,66
10467,52.463639,13.444264,67
10467,52.464051,13.443895,68
10467,52.465272,13.442698,69
10467,52.465586,13.442461,70
10467,52.465990,13.442327,71
10467,52.468676,13.441874,72
10467,52.468676,13.441874,73
10467,52.472585,13.441225,74
10467,52.472989,13.441106,75
10467,52.474964,13.440008,76
10467,52.476527,13.439251,77
10467,52.476527,13.439251,78
10467,52.477469,13.438762,79
10467,52.479381,13.437340,80
10467,52.479857,13.436882,81
10467,52.481731,13.434122,82
10467,52.481731,13.434122,83
10467,52.482179,13.433472,84
10467,52.482591,13.432793,85
10467,52.485931,13.425462,86
10467,52.486432,13.424238,87
10467,52.486432,13.424238,88
10467,52.487165,13.421629,89
10467,52.487361,13.420730,90
10467,52.488877,13.409373,91
10467,52.488975,13.408842,92
10467,52.489225,13.407914,93
10467,52.489225,13.407914,94
10467,52.489493,13.407044,95
10467,52.489591,13.406675,96
10467,52.489626,13.406160,97
10467,52.489598,13.405600,98
10467,52.489588,13.404776,99
10467,52.489605,13.404408,100
10467,52.489667,13.403951,101
10467,52.491341,13.395728,102
10467,52.491341,13.395728,103
10467,52.492240,13.391321,104
10467,52.492354,13.390290,105
10467,52.492424,13.389303,106
10467,52.492540,13.388890,107
10467,52.492692,13.388565,108
10467,52.492890,13.388284,109
10467,52.493150,13.388136,110
10467,52.493401,13.388120,111
10467,52.493779,13.388324,112
10467,52.494166,13.388557,113
10467,52.494499,13.388835,114
10467,52.494499,13.388835,115
10467,52.495183,13.389479,116
10467,52.495588,13.389727,117
10467,52.495993,13.389769,118
10467,52.496325,13.389635,119
10467,52.496792,13.389338,120
10467,52.497375,13.388746,121
10467,52.497688,13.388258,122
10467,52.497957,13.387565,123
10467,52.498518,13.385176,124
10467,52.498704,13.383909,125
10467,52.498738,13.383173,126
10467,52.498738,13.383173,127
10467,52.498643,13.380390,128
10467,52.498515,13.379404,129
10467,52.498234,13.378463,130
10467,52.497909,13.377685,131
10467,52.497494,13.377054,132
10467,52.497080,13.376585,133
10467,52.496639,13.376278,134
10467,52.494813,13.375288,135
10467,52.494327,13.374908,136
10467,52.493894,13.374380,137
10467,52.493524,13.373734,138
10467,52.493262,13.372955,139
10467,52.493080,13.371985,140
10467,52.493033,13.370896,141
10467,52.493033,13.370896,142
10467,52.492977,13.369806,143
10467,52.492840,13.368939,144
10467,52.492587,13.368277,145
10467,52.492307,13.367749,146
10467,52.491424,13.366547,147
10467,52.491081,13.365872,148
10467,52.490846,13.365108,149
10467,52.490700,13.364269,150
10467,52.490361,13.361445,151
10467,52.490394,13.360223,152
10467,52.490394,13.360223,153
10467,52.490437,13.359398,154
10467,52.490444,13.358426,155
10467,52.489608,13.350334,156
10467,52.489608,13.350334,157
10467,52.488715,13.341477,158
10467,52.488715,13.341477,159
10467,52.488374,13.337887,160
10467,52.488227,13.336622,161
10467,52.488062,13.335402,162
10467,52.487341,13.330961,163
10467,52.487341,13.330961,164
10467,52.486631,13.327226,165
10467,52.486529,13.326137,166
10467,52.486420,13.321943,167
10467,52.486420,13.321943,168
10467,52.486471,13.321118,169
10467,52.486614,13.320440,170
10467,52.486828,13.319894,171
10467,52.488930,13.316331,172
10467,52.489423,13.315636,173
10467,52.490453,13.314318,174
10466,52.416373,13.495092,0
10466,52.416813,13.494312,1
10466,52.417288,13.493605,2
10466,52.421613,13.487947,3
10466,52.422178,13.487020,4
10466,52.422600,13.486136,5
10466,52.422994,13.485062,6
10466,52.423325,13.483738,7
10466,52.423325,13.483738,8
10466,52.423459,13.483150,9
10466,52.423557,13.482326,10
10466,52.423574,13.481488,11
10466,52.423340,13.474727,12
10466,52.423340,13.474727,13
10466,52.423302,13.472846,14
10466,52.423346,13.472125,15
10466,52.424145,13.464875,16
10466,52.424332,13.463890,17
10466,52.424565,13.463051,18
10466,52.424807,13.462374,19
10466,52.424807,13.462374,20
10466,52.425451,13.460460,21
10466,52.425970,13.459120,22
10466,52.426633,13.457692,23
10466,52.427386,13.456322,24
10466,52.428301,13.454819,25
10466,52.428812,13.454023,26
10466,52.429207,13.453566,27
10466,52.429207,13.453566,28
10466,52.430068,13.452592,29
10466,52.431028,13.451603,30
10466,52.432042,13.450746,31
10466,52.432922,13.450199,32
10466,52.433892,13.449710,33
10466,52.437835,13.448165,34
10466,52.437835,13.448165,35
10466,52.440278,13.447199,36
10466,52.440898,13.447123,37
10466,52.441401,13.447194,38
10466,52.441887,13.447413,39
10466,52.442273,13.447661,40
10466,52.442543,13.447866,41
10466,52.443614,13.448935,42
10466,52.443929,13.449184,43
10466,52.444316,13.449433,44
10466,52.444730,13.449593,45
10466,52.444730,13.449593,46
10466,52.445332,13.449826,47
10466,52.445836,13.449897,48
10466,52.446564,13.450012,49
10466,52.447274,13.450068,50
10466,52.447984,13.450124,51
10466,52.448649,13.450092,52
10466,52.449754,13.449926,53
10466,52.450832,13.449642,54
10466,52.452170,13.449239,55
10466,52.452170,13.449239,56
10466,52.453356,13.448823,57
10466,52.455179,13.448330,58
10466,52.455683,13.448343,59
10466,52.456159,13.448473,60
10466,52.456528,13.448604,61
10466,52.456959,13.448646,62
10466,52.457561,13.448600,63
10466,52.458073,13.448362,64
10466,52.462813,13.444856,65
10466,52.462813,13.444856,66
10466,52.463639,13.444264,67
10466,52.464051,13.443895,68
10466,52.465272,13.442698,69
10466,52.465586,13.442461,70
10466,52.465990,13.442327,71
10466,52.468676,13.441874,72
10466,52.468676,13.441874,73
10466,52.472585,13.441225,74
10466,52.472989,13.441106,75
10466,52.474964,13.440008,76
10466,52.476527,13.439251,77
10466,52.476527,13.439251,78
10466,52.477469,13.438762,79
10466,52.479381,13.437340,80
10466,52.479857,13.436882,81
10466,52.481731,13.434122,82
10466,52.481731,13.434122,83
10466,52.482179,13.433472,84
10466,52.482591,13.432793,85
10466,52.485931,13.425462,86
10466,52.486432,13.424238,87
10466,52.486432,13.424238,88
10466,52.487165,13.421629,89
10466,52.487361,13.420730,90
10466,52.488877,13.409373,91
10466,52.488975,13.408842,92
10466,52.489225,13.407914,93
10466,52.489225,13.407914,94
10466,52.489493,13.407044,95
10466,52.489591,13.406675,96
10466,52.489626,13.406160,97
10466,52.489598,13.405600,98
10466,52.489588,13.404776,99
10466,52.489605,13.404408,100
10466,52.489667,13.403951,101
10466,52.491341,13.395728,102
10466,52.491341,13.395728,103
10466,52.492240,13.391321,104
10466,52.492354,13.390290,105
10466,52.492424,13.389303,106
10466,52.492540,13.388890,107
10466,52.492692,13.388565,108
10466,52.492890,13.388284,109
10466,52.493150,13.388136,110
10466,52.493401,13.388120,111
10466,52.493779,13.388324,112
10466,52.494166,13.388557,113
10466,52.494499,13.388835,114
10466,52.494499,13.388835,115
10466,52.495183,13.389479,116
10466,52.495588,13.389727,117
10466,52.495993,13.389769,118
10466,52.496325,13.389635,119
10466,52.496792,13.389338,120
10466,52.497375,13.388746,121
10466,52.497688,13.388258,122
10466,52.497957,13.387565,123
10466,52.498518,13.385176,124
10466,52.498704,13.383909,125
10466,52.498738,13.383173,126
10466,52.498738,13.383173,127
10466,52.498643,13.380390,128
10466,52.498515,13.379404,129
10466,52.498234,13.378463,130
10466,52.497909,13.377685,131
10466,52.497494,13.377054,132
10466,52.497080,13.376585,133
10466,52.496639,13.376278,134
10466,52.494813,13.375288,135
10466,52.494327,13.374908,136
10466,52.493894,13.374380,137
10466,52.493524,13.373734,138
10466,52.493262,13.372955,139
10466,52.493080,13.371985,140
10466,52.493033,13.370896,141
10466,52.493033,13.370896,142
10466,52.492977,13.369806,143
10466,52.492840,13.368939,144
10466,52.492587,13.368277,145
10466,52.492307,13.367749,146
10466,52.491424,13.366547,147
10466,52.491081,13.365872,148
10466,52.490846,13.365108,149
10466,52.490700,13.364269,150
10466,52.490361,13.361445,151
10466,52.490394,13.360223,152
10466,52.490394,13.360223,153
10466,52.490437,13.359398,154
10466,52.490444,13.358426,155
10466,52.489608,13.350334,156
10466,52.489608,13.350334,157
10466,52.488715,13.341477,158
10466,52.488715,13.341477,159
10466,52.488374,13.337887,160
10466,52.488227,13.336622,161
10466,52.488062,13.335402,162
10466,52.487341,13.330961,163
10466,52.487341,13.330961,164
10466,52.486631,13.327226,165
10466,52.486529,13.326137,166
10466,52.486420,13.321943,167
10466,52.486420,13.321943,168
10466,52.486471,13.321118,169
10466,52.486614,13.320440,170
10466,52.486828,13.319894,171
10466,52.488930,13.316331,172
10466,52.489423,13.315636,173
10466,52.490453,13.314318,174
10466,52.490453,13.314318,175
10466,52.493444,13.310248,176
10466,52.494062,13.309552,177
10466,52.494609,13.309077,178
10466,52.494609,13.309077,179
10466,52.495264,13.308674,180
10466,52.495937,13.308360,181
10466,52.499295,13.307438,182
10466,52.500032,13.307344,183
10466,52.500032,13.307344,184
10466,52.500787,13.307471,185
10466,52.501768,13.307803,186
10466,52.502433,13.307901,187
10466,52.503089,13.307837,188
10466,52.506582,13.306752,189
10466,52.506582,13.306752,190
10466,52.511511,13.305243,191
10466,52.511511,13.305243,192
10466,52.512059,13.305151,193
10466,52.512454,13.305133,194
10466,52.513174,13.305275,195
10466,52.513831,13.305580,196
10466,52.515082,13.306440,197
10466,52.515676,13.306686,198
10466,52.516269,13.306770,199
10466,52.516637,13.306708,200
10465,52.416373,13.495092,0
10465,52.416813,13.494312,1
10465,52.417288,13.493605,2
10465,52.421613,13.487947,3
10465,52.422178,13.487020,4
10465,52.422600,13.486136,5
10465,52.422994,13.485062,6
10465,52.423325,13.483738,7
10465,52.423325,13.483738,8
10465,52.423459,13.483150,9
10465,52.423557,13.482326,10
10465,52.423574,13.481488,11
10465,52.423340,13.474727,12
10465,52.423340,13.474727,13
10465,52.423302,13.472846,14
10465,52.423346,13.472125,15
10465,52.424145,13.464875,16
10465,52.424332,13.463890,17
10465,52.424565,13.463051,18
10465,52.424807,13.462374,19
10465,52.424807,13.462374,20
10465,52.425451,13.460460,21
10465,52.425970,13.459120,22
10465,52.426633,13.457692,23
10465,52.427386,13.456322,24
10465,52.428301,13.454819,25
10465,52.428812,13.454023,26
10465,52.429207,13.453566,27
10465,52.429207,13.453566,28
10465,52.430068,13.452592,29
10465,52.431028,13.451603,30
10465,52.432042,13.450746,31
10465,52.432922,13.450199,32
10465,52.433892,13.449710,33
10465,52.437835,13.448165,34
10465,52.437835,13.448165,35
10465,52.440278,13.447199,36
10465,52.440898,13.447123,37
10465,52.441401,13.447194,38
10465,52.441887,13.447413,39
10465,52.442273,13.447661,40
10465,52.442543,13.447866,41
10465,52.443614,13.448935,42
10465,52.443929,13.449184,43
10465,52.444316,13.449433,44
10465,52.444730,13.449593,45
10465,52.444730,13.449593,46
10465,52.445332,13.449826,47
10465,52.445836,13.449897,48
10465,52.446564,13.450012,49
10465,52.447274,13.450068,50
10465,52.447984,13.450124,51
10465,52.448649,13.450092,52
10465,52.449754,13.449926,53
10465,52.450832,13.449642,54
10465,52.452170,13.449239,55
10465,52.452170,13.449239,56
10465,52.453356,13.448823,57
10465,52.455179,13.448330,58
10465,52.455683,13.448343,59
10465,52.456159,13.448473,60
10465,52.456528,13.448604,61
10465,52.456959,13.448646,62
10465,52.457561,13.448600,63
10465,52.458073,13.448362,64
10465,52.462813,13.444856,65
10465,52.462813,13.444856,66
10465,52.463639,13.444264,67
10465,52.464051,13.443895,68
10465,52.465272,13.442698,69
10465,52.465586,13.442461,70
10465,52.465990,13.442327,71
10465,52.468676,13.441874,72
10465,52.468676,13.441874,73
10465,52.472585,13.441225,74
10465,52.472989,13.441106,75
10465,52.474964,13.440008,76
10465,52.476527,13.439251,77
10465,52.476527,13.439251,78
10465,52.477469,13.438762,79
10465,52.479381,13.437340,80
10465,52.479857,13.436882,81
10465,52.481731,13.434122,82
10465,52.481731,13.434122,83
10465,52.482179,13.433472,84
10465,52.482591,13.432793,85
10465,52.485931,13.425462,86
10465,52.486432,13.424238,87
10465,52.486432,13.424238,88
10465,52.487165,13.421629,89
10465,52.487361,13.420730,90
10465,52.488877,13.409373,91
10465,52.488975,13.408842,92
10465,52.489225,13.407914,93
10465,52.489225,13.407914,94
10465,52.489493,13.407044,95
10465,52.489591,13.406675,96
10465,52.489626,13.406160,97
10465,52.489598,13.405600,98
10465,52.489588,13.404776,99
10465,52.489605,13.404408,100
10465,52.489667,13.403951,101
10465,52.491341,13.395728,102
10465,52.491341,13.395728,103
10465,52.492240,13.391321,104
10465,52.492354,13.390290,105
10465,52.492424,13.389303,106
10465,52.492540,13.388890,107
10465,52.492692,13.388565,108
10465,52.492890,13.388284,109
10465,52.493150,13.388136,110
10465,52.493401,13.388120,111
10465,52.493779,13.388324,112
10465,52.494166,13.388557,113
10465,52.494499,13.388835,114
10465,52.494499,13.388835,115
10465,52.495183,13.389479,116
10465,52.495588,13.389727,117
10465,52.495993,13.389769,118
10465,52.496325,13.389635,119
10465,52.496792,13.389338,120
10465,52.497375,13.388746,121
10465,52.497688,13.388258,122
10465,52.497957,13.387565,123
10465,52.498518,13.385176,124
10465,52.498704,13.383909,125
10465,52.498738,13.383173,126
10465,52.498738,13.383173,127
10465,52.498643,13.380390,128
10465,52.498515,13.379404,129
10465,52.498234,13.378463,130
10465,52.497909,13.377685,131
10465,52.497494,13.377054,132
10465,52.497080,13.376585,133
10465,52.496639,13.376278,134
10465,52.494813,13.375288,135
10465,52.494327,13.374908,136
10465,52.493894,13.374380,137
10465,52.493524,13.373734,138
10465,52.493262,13.372955,139
10465,52.493080,13.371985,140
10465,52.493033,13.370896,141
10465,52.493033,13.370896,142
10465,52.492977,13.369806,143
10465,52.492840,13.368939,144
10465,52.492587,13.368277,145
10465,52.492307,13.367749,146
10465,52.491424,13.366547,147
10465,52.491081,13.365872,148
10465,52.490846,13.365108,149
10465,52.490700,13.364269,150
10465,52.490361,13.361445,151
10465,52.490394,13.360223,152
10465,52.490394,13.360223,153
10465,52.490437,13.359398,154
10465,52.490444,13.358426,155
10465,52.489608,13.350334,156
10465,52.489608,13.350334,157
10465,52.488715,13.341477,158
10465,52.488715,13.341477,159
10465,52.488374,13.337887,160
10465,52.488227,13.336622,161
10465,52.488062,13.335402,162
10465,52.487341,13.330961,163
10465,52.487341,13.330961,164
10465,52.486631,13.327226,165
10465,52.486529,13.326137,166
10465,52.486420,13.321943,167
10465,52.486420,13.321943,168
10465,52.486471,13.321118,169
10465,52.486614,13.320440,170
10465,52.486828,13.319894,171
10465,52.488930,13.316331,172
10465,52.489423,13.315636,173
10465,52.490453,13.314318,174
10465,52.490453,13.314318,175
10465,52.493444,13.310248,176
10465,52.494062,13.309552,177
10465,52.494609,13.309077,178
10465,52.494609,13.309077,179
10465,52.495264,13.308674,180
10465,52.495937,13.308360,181
10465,52.499295,13.307438,182
10465,52.500032,13.307344,183
10465,52.500032,13.307344,184
10465,52.500787,13.307471,185
10465,52.501768,13.307803,186
10465,52.502433,13.307901,187
10465,52.503089,13.307837,188
10465,52.506582,13.306752,189
10465,52.506582,13.306752,190
10465,52.511511,13.305243,191
10465,52.511511,13.305243,192
10465,52.512059,13.305151,193
10465,52.512454,13.305133,194
10465,52.513174,13.305275,195
10465,52.513831,13.305580,196
10465,52.515082,13.306440,197
10465,52.515676,13.306686,198
10465,52.516269,13.306770,199
10465,52.516637,13.306708,200
10465,52.516637,13.306708,201
10465,52.517221,13.306645,202
10465,52.518659,13.306443,203
10465,52.519270,13.306453,204
10465,52.520007,13.306610,205
10465,52.520663,13.306694,206
10465,52.521140,13.306646,207
10465,52.521615,13.306495,208
10465,52.522693,13.306104,209
10465,52.523474,13.306040,210
10465,52.524086,13.306124,211
10465,52.524652,13.306075,212
10465,52.525343,13.305790,213
10465,52.525917,13.305300,214
10465,52.526302,13.304899,215
10465,52.526302,13.304899,216
10465,52.527600,13.302886,217
10465,52.528236,13.302174,218
10465,52.528747,13.301699,219
10465,52.529384,13.301326,220
10465,52.529931,13.301071,221
10465,52.530955,13.300680,222
10465,52.530955,13.300680,223
10465,52.533219,13.300457,224
10465,52.534000,13.300172,225
10465,52.534565,13.299740,226
10465,52.535075,13.299117,227
10465,52.535522,13.298377,228
10465,52.535825,13.297432,229
10465,52.536065,13.296177,230
10465,52.536273,13.293714,231
10465,52.536273,13.293714,232
10465,52.536606,13.290602,233
10465,52.536690,13.288700,234
10465,52.536683,13.286254,235
10465,52.536683,13.286254,236
10465,52.536669,13.284412,237
10465,52.536970,13.276716,238
10465,52.536966,13.275449,239
10465,52.536796,13.272680,240
10465,52.536796,13.272680,241
10465,52.536758,13.271825,242
10465,52.536830,13.265974,243
10465,52.536905,13.263983,244
10465,52.537017,13.262509,245
10460,52.416373,13.495092,0
10460,52.416813,13.494312,1
10460,52.417288,13.493605,2
10460,52.421613,13.487947,3
10460,52.422178,13.487020,4
10460,52.422600,13.486136,5
10460,52.422994,13.485062,6
10460,52.423325,13.483738,7
10460,52.423325,13.483738,8
10460,52.423459,13.483150,9
10460,52.423557,13.482326,10
10460,52.423574,13.481488,11
10460,52.423340,13.474727,12
10460,52.423340,13.474727,13
10460,52.423302,13.472846,14
10460,52.423346,13.472125,15
10460,52.424145,13.464875,16
10460,52.424332,13.463890,17
10460,52.424565,13.463051,18
10460,52.424807,13.462374,19
10460,52.424807,13.462374,20
10460,52.425451,13.460460,21
10460,52.425970,13.459120,22
10460,52.426633,13.457692,23
10460,52.427386,13.456322,24
10460,52.428301,13.454819,25
10460,52.428812,13.454023,26
10460,52.429207,13.453566,27
10460,52.429207,13.453566,28
10460,52.430068,13.452592,29
10460,52.431028,13.451603,30
10460,52.432042,13.450746,31
10460,52.432922,13.450199,32
10460,52.433892,13.449710,33
10460,52.437835,13.448165,34
10460,52.437835,13.448165,35
10460,52.440278,13.447199,36
10460,52.440898,13.447123,37
10460,52.441401,13.447194,38
10460,52.441887,13.447413,39
10460,52.442273,13.447661,40
10460,52.442543,13.447866,41
10460,52.443614,13.448935,42
10460,52.443929,13.449184,43
10460,52.444316,13.449433,44
10460,52.444730,13.449593,45
10460,52.444730,13.449593,46
10460,52.445332,13.449826,47
10460,52.445836,13.449897,48
10460,52.446564,13.450012,49
10460,52.447274,13.450068,50
10460,52.447984,13.450124,51
10460,52.448649,13.450092,52
10460,52.449754,13.449926,53
10460,52.450832,13.449642,54
10460,52.452170,13.449239,55
10460,52.452170,13.449239,56
10460,52.453356,13.448823,57
10460,52.455179,13.448330,58
10460,52.455683,13.448343,59
10460,52.456159,13.448473,60
10460,52.456528,13.448604,61
10460,52.456959,13.448646,62
10460,52.457561,13.448600,63
10460,52.458073,13.448362,64
10460,52.462813,13.444856,65
10460,52.462813,13.444856,66
10460,52.463639,13.444264,67
10460,52.464051,13.443895,68
10460,52.465272,13.442698,69
10460,52.465586,13.442461,70
10460,52.465990,13.442327,71
10460,52.468676,13.441874,72
10460,52.468676,13.441874,73
10460,52.472585,13.441225,74
10460,52.472989,13.441106,75
10460,52.474964,13.440008,76
10460,52.476527,13.439251,77
10460,52.476527,13.439251,78
10460,52.477469,13.438762,79
10460,52.479381,13.437340,80
10460,52.479857,13.436882,81
10460,52.481731,13.434122,82
10460,52.481731,13.434122,83
10460,52.482179,13.433472,84
10460,52.482591,13.432793,85
10460,52.485931,13.425462,86
10460,52.486432,13.424238,87
10460,52.486432,13.424238,88
10460,52.487165,13.421629,89
10460,52.487361,13.420730,90
10460,52.488877,13.409373,91
10460,52.488975,13.408842,92
10460,52.489225,13.407914,93
10460,52.489225,13.407914,94
10460,52.489493,13.407044,95
10460,52.489591,13.406675,96
10460,52.489626,13.406160,97
10460,52.489598,13.405600,98
10460,52.489588,13.404776,99
10460,52.489605,13.404408,100
10460,52.489667,13.403951,101
10460,52.491341,13.395728,102
10460,52.491341,13.395728,103
10460,52.492240,13.391321,104
10460,52.492354,13.390290,105
10460,52.492424,13.389303,106
10460,52.492540,13.388890,107
10460,52.492692,13.388565,108
10460,52.492890,13.388284,109
10460,52.493150,13.388136,110
10460,52.493401,13.388120,111
10460,52.493779,13.388324,112
10460,52.494166,13.388557,113
10460,52.494499,13.388835,114
10460,52.494499,13.388835,115
10460,52.495183,13.389479,116
10460,52.495588,13.389727,117
10460,52.495993,13.389769,118
10460,52.496325,13.389635,119
10460,52.496792,13.389338,120
10460,52.497375,13.388746,121
10460,52.497688,13.388258,122
10460,52.497957,13.387565,123
10460,52.498518,13.385176,124
10460,52.498704,13.383909,125
10460,52.498738,13.383173,126
10460,52.498738,13.383173,127
10460,52.498643,13.380390,128
10460,52.498515,13.379404,129
10460,52.498234,13.378463,130
10460,52.497909,13.377685,131
10460,52.497494,13.377054,132
10460,52.497080,13.376585,133
10460,52.496639,13.376278,134
10460,52.494813,13.375288,135
10460,52.494327,13.374908,136
10460,52.493894,13.374380,137
10460,52.493524,13.373734,138
10460,52.493262,13.372955,139
10460,52.493080,13.371985,140
10460,52.493033,13.370896,141
10460,52.493033,13.370896,142
10460,52.492977,13.369806,143
10460,52.492840,13.368939,144
10460,52.492587,13.368277,145
10460,52.492307,13.367749,146
10460,52.491424,13.366547,147
10460,52.491081,13.365872,148
10460,52.490846,13.365108,149
10460,52.490700,13.364269,150
10460,52.490361,13.361445,151
10460,52.490394,13.360223,152
10460,52.490394,13.360223,153
10460,52.490437,13.359398,154
10460,52.490444,13.358426,155
10460,52.489608,13.350334,156
10460,52.489608,13.350334,157
10460,52.488715,13.341477,158
10460,52.488715,13.341477,159
10460,52.488374,13.337887,160
10460,52.488227,13.336622,161
10460,52.488062,13.335402,162
10460,52.487341,13.330961,163
10460,52.487341,13.330961,164
10460,52.486631,13.327226,165
10460,52.486529,13.326137,166
10460,52.486420,13.321943,167
10460,52.486420,13.321943,168
10460,52.486471,13.321118,169
10460,52.486614,13.320440,170
10460,52.486828,13.319894,171
10460,52.488930,13.316331,172
10460,52.489423,13.315636,173
10460,52.490453,13.314318,174
10460,52.490453,13.314318,175
10460,52.493444,13.310248,176
10460,52.494062,13.309552,177
10460,52.494609,13.309077,178
10460,52.494609,13.309077,179
10460,52.495264,13.308674,180
10460,52.495937,13.308360,181
10460,52.499295,13.307438,182
10460,52.500032,13.307344,183
10460,52.500032,13.307344,184
10460,52.500787,13.307471,185
10460,52.501768,13.307803,186
10460,52.502433,13.307901,187
10460,52.503089,13.307837,188
10460,52.506582,13.306752,189
10460,52.506582,13.306752,190
10460,52.511511,13.305243,191
10460,52.511511,13.305243,192
10460,52.512059,13.305151,193
10460,52.512454,13.305133,194
10460,52.513174,13.305275,195
10460,52.513831,13.305580,196
10460,52.515082,13.306440,197
10460,52.515676,13.306686,198
10460,52.516269,13.306770,199
10460,52.516637,13.306708,200
10460,52.516637,13.306708,201
10460,52.517221,13.306645,202
10460,52.518659,13.306443,203
10460,52.519270,13.306453,204
10460,52.520007,13.306610,205
10460,52.520663,13.306694,206
10460,52.521140,13.306646,207
10460,52.521615,13.306495,208
10460,52.522693,13.306104,209
10460,52.523474,13.306040,210
10460,52.524086,13.306124,211
10460,52.524652,13.306075,212
10460,52.525343,13.305790,213
10460,52.525917,13.305300,214
10460,52.526302,13.304899,215
10460,52.526302,13.304899,216
10460,52.527600,13.302886,217
10460,52.528236,13.302174,218
10460,52.528747,13.301699,219
10460,52.529384,13.301326,220
10460,52.529931,13.301071,221
10460,52.530955,13.300680,222
10460,52.530955,13.300680,223
10460,52.533219,13.300457,224
10460,52.534000,13.300172,225
10460,52.534565,13.299740,226
10460,52.535075,13.299117,227
10460,52.535522,13.298377,228
10460,52.535825,13.297432,229
10460,52.536065,13.296177,230
10460,52.536273,13.293714,231
10460,52.536273,13.293714,232
10460,52.536606,13.290602,233
10460,52.536690,13.288700,234
10460,52.536683,13.286254,235
10460,52.536683,13.286254,236
10460,52.536669,13.284412,237
10460,52.536970,13.276716,238
10460,52.536966,13.275449,239
10460,52.536796,13.272680,240
10460,52.536796,13.272680,241
10460,52.536758,13.271825,242
10460,52.536830,13.265974,243
10460,52.536905,13.263983,244
10460,52.537017,13.262509,245
10460,52.537017,13.262509,246
10460,52.538049,13.247570,247
10460,52.538049,13.247570,248
10460,52.538203,13.245255,249
10460,52.538342,13.243721,250
10460,52.538894,13.239324,251
10460,52.539041,13.237554,252
10460,52.539044,13.235815,253
10460,52.538931,13.234298,254
10460,52.538766,13.233165,255
10460,52.538766,13.233165,256
10460,52.538005,13.228912,257
10460,52.536958,13.221980,258
10460,52.536947,13.221449,259
10460,52.536988,13.220462,260
10460,52.537084,13.219635,261
10460,52.537226,13.218941,262
10460,52.537661,13.217581,263
10460,52.537661,13.217581,264
10460,52.538212,13.215837,265
10460,52.538380,13.215010,266
10460,52.538485,13.213978,267
10460,52.538427,13.212873,268
10460,52.538186,13.210738,269
10460,52.538164,13.209810,270
10460,52.538207,13.209013,271
10460,52.538445,13.207758,272
10460,52.538889,13.206369,273
10460,52.538889,13.206369,274
10460,52.539111,13.205497,275
10460,52.539198,13.204789,276
10460,52.539222,13.203816,277
10460,52.539101,13.202800,278
10460,52.538856,13.202006,279
10460,52.538502,13.201258,280
10460,52.538078,13.200732,281
10460,52.537709,13.200426,282
10460,52.537205,13.200210,283
10460,52.536063,13.200029,284
10460,52.535163,13.199758,285
10474,52.437826,13.448047,0
10474,52.433874,13.449592,1
10474,52.432904,13.450052,2
10474,52.432015,13.450629,3
10474,52.431001,13.451486,4
10474,52.430041,13.452489,5
10474,52.429171,13.453478,6
10474,52.429171,13.453478,7
10474,52.428776,13.453920,8
10474,52.428247,13.454716,9
10474,52.427314,13.456205,10
10474,52.426588,13.457589,11
10474,52.425916,13.459047,12
10474,52.425379,13.460416,13
10474,52.424744,13.462300,14
10474,52.424744,13.462300,15
10474,52.424502,13.462977,16
10474,52.424261,13.463846,17
10474,52.424082,13.464846,18
10474,52.423283,13.472081,19
10474,52.423257,13.472831,20
10474,52.423277,13.474727,21
10474,52.423277,13.474727,22
10474,52.423520,13.481503,23
10474,52.423503,13.482312,24
10474,52.423405,13.483106,25
10474,52.423271,13.483709,26
10474,52.423271,13.483709,27
10474,52.416373,13.495092,28
10456,52.437826,13.448047,0
10456,52.433874,13.449592,1
10456,52.432904,13.450052,2
10456,52.432015,13.450629,3
10456,52.431001,13.451486,4
10456,52.430041,13.452489,5
10456,52.429171,13.453478,6
10456,52.429171,13.453478,7
10456,52.428776,13.453920,8
10456,52.428247,13.454716,9
10456,52.427314,13.456205,10
10456,52.426588,13.457589,11
10456,52.425916,13.459047,12
10456,52.425379,13.460416,13
10456,52.424744,13.462300,14
10456,52.424744,13.462300,15
10456,52.424502,13.462977,16
10456,52.424261,13.463846,17
10456,52.424082,13.464846,18
10456,52.423283,13.472081,19
10456,52.423257,13.472831,20
10456,52.423277,13.474727,21
10456,52.423277,13.474727,22
10456,52.423520,13.481503,23
10456,52.423503,13.482312,24
10456,52.423405,13.483106,25
10456,52.423271,13.483709,26
10456,52.423271,13.483709,27
10456,52.422940,13.485003,28
10456,52.422555,13.486092,29
10456,52.422133,13.486961,30
10456,52.421577,13.487874,31
10456,52.417234,13.493532,32
10456,52.416750,13.494239,33
10456,52.416337,13.495019,34
10463,52.437835,13.448165,0
10463,52.440278,13.447199,1
10463,52.440898,13.447123,2
10463,52.441401,13.447194,3
10463,52.441887,13.447413,4
10463,52.442273,13.447661,5
10463,52.442543,13.447866,6
10463,52.443614,13.448935,7
10463,52.443929,13.449184,8
10463,52.444316,13.449433,9
10463,52.444730,13.449593,10
10463,52.444730,13.449593,11
10463,52.445332,13.449826,12
10463,52.445836,13.449897,13
10463,52.446564,13.450012,14
10463,52.447274,13.450068,15
10463,52.447984,13.450124,16
10463,52.448649,13.450092,17
10463,52.449754,13.449926,18
10463,52.450832,13.449642,19
10463,52.452170,13.449239,20
10463,52.452170,13.449239,21
10463,52.453356,13.448823,22
10463,52.455179,13.448330,23
10463,52.455683,13.448343,24
10463,52.456159,13.448473,25
10463,52.456528,13.448604,26
10463,52.456959,13.448646,27
10463,52.457561,13.448600,28
10463,52.458073,13.448362,29
10463,52.462813,13.444856,30
10463,52.462813,13.444856,31
10463,52.463639,13.444264,32
10463,52.464051,13.443895,33
10463,52.465272,13.442698,34
10463,52.465586,13.442461,35
10463,52.465990,13.442327,36
10463,52.468676,13.441874,37
10463,52.468676,13.441874,38
10463,52.472585,13.441225,39
10463,52.472989,13.441106,40
10463,52.474964,13.440008,41
10463,52.476527,13.439251,42
10463,52.476527,13.439251,43
10463,52.477469,13.438762,44
10463,52.479381,13.437340,45
10463,52.479857,13.436882,46
10463,52.481731,13.434122,47
10463,52.481731,13.434122,48
10463,52.482179,13.433472,49
10463,52.482591,13.432793,50
10463,52.485931,13.425462,51
10463,52.486432,13.424238,52
10463,52.486432,13.424238,53
10463,52.487165,13.421629,54
10463,52.487361,13.420730,55
10463,52.488877,13.409373,56
10463,52.488975,13.408842,57
10463,52.489225,13.407914,58
10463,52.489225,13.407914,59
10463,52.489493,13.407044,60
10463,52.489591,13.406675,61
10463,52.489626,13.406160,62
10463,52.489598,13.405600,63
10463,52.489588,13.404776,64
10463,52.489605,13.404408,65
10463,52.489667,13.403951,66
10463,52.491341,13.395728,67
10463,52.491341,13.395728,68
10463,52.492240,13.391321,69
10463,52.492354,13.390290,70
10463,52.492424,13.389303,71
10463,52.492540,13.388890,72
10463,52.492692,13.388565,73
10463,52.492890,13.388284,74
10463,52.493150,13.388136,75
10463,52.493401,13.388120,76
10463,52.493779,13.388324,77
10463,52.494166,13.388557,78
10463,52.494499,13.388835,79
10463,52.494499,13.388835,80
10463,52.495183,13.389479,81
10463,52.495588,13.389727,82
10463,52.495993,13.389769,83
10463,52.496325,13.389635,84
10463,52.496792,13.389338,85
10463,52.497375,13.388746,86
10463,52.497688,13.388258,87
10463,52.497957,13.387565,88
10463,52.498518,13.385176,89
10463,52.498704,13.383909,90
10463,52.498738,13.383173,91
10463,52.498738,13.383173,92
10463,52.498643,13.380390,93
10463,52.498515,13.379404,94
10463,52.498234,13.378463,95
10463,52.497909,13.377685,96
10463,52.497494,13.377054,97
10463,52.497080,13.376585,98
10463,52.496639,13.376278,99
10463,52.494813,13.375288,100
10463,52.494327,13.374908,101
10463,52.493894,13.374380,102
10463,52.493524,13.373734,103
10463,52.493262,13.372955,104
10463,52.493080,13.371985,105
10463,52.493033,13.370896,106
10463,52.493033,13.370896,107
10463,52.492977,13.369806,108
10463,52.492840,13.368939,109
10463,52.492587,13.368277,110
10463,52.492307,13.367749,111
10463,52.491424,13.366547,112
10463,52.491081,13.365872,113
10463,52.490846,13.365108,114
10463,52.490700,13.364269,115
10463,52.490361,13.361445,116
10463,52.490394,13.360223,117
10463,52.490394,13.360223,118
10463,52.490437,13.359398,119
10463,52.490444,13.358426,120
10463,52.489608,13.350334,121
10463,52.489608,13.350334,122
10463,52.488715,13.341477,123
10463,52.488715,13.341477,124
10463,52.488374,13.337887,125
10463,52.488227,13.336622,126
10463,52.488062,13.335402,127
10463,52.487341,13.330961,128
10463,52.487341,13.330961,129
10463,52.486631,13.327226,130
10463,52.486529,13.326137,131
10463,52.486420,13.321943,132
10463,52.486420,13.321943,133
10463,52.486471,13.321118,134
10463,52.486614,13.320440,135
10463,52.486828,13.319894,136
10463,52.488930,13.316331,137
10463,52.489423,13.315636,138
10463,52.490453,13.314318,139
10463,52.490453,13.314318,140
10463,52.493444,13.310248,141
10463,52.494062,13.309552,142
10463,52.494609,13.309077,143
10463,52.494609,13.309077,144
10463,52.495264,13.308674,145
10463,52.495937,13.308360,146
10463,52.499295,13.307438,147
10463,52.500032,13.307344,148
10463,52.500032,13.307344,149
10463,52.500787,13.307471,150
10463,52.501768,13.307803,151
10463,52.502433,13.307901,152
10463,52.503089,13.307837,153
10463,52.506582,13.306752,154
10463,52.506582,13.306752,155
10463,52.511511,13.305243,156
10463,52.511511,13.305243,157
10463,52.512059,13.305151,158
10463,52.512454,13.305133,159
10463,52.513174,13.305275,160
10463,52.513831,13.305580,161
10463,52.515082,13.306440,162
10463,52.515676,13.306686,163
10463,52.516269,13.306770,164
10463,52.516637,13.306708,165
10463,52.516637,13.306708,166
10463,52.517221,13.306645,167
10463,52.518659,13.306443,168
10463,52.519270,13.306453,169
10463,52.520007,13.306610,170
10463,52.520663,13.306694,171
10463,52.521140,13.306646,172
10463,52.521615,13.306495,173
10463,52.522693,13.306104,174
10463,52.523474,13.306040,175
10463,52.524086,13.306124,176
10463,52.524652,13.306075,177
10463,52.525343,13.305790,178
10463,52.525917,13.305300,179
10463,52.526302,13.304899,180
10463,52.526302,13.304899,181
10463,52.527600,13.302886,182
10463,52.528236,13.302174,183
10463,52.528747,13.301699,184
10463,52.529384,13.301326,185
10463,52.529931,13.301071,186
10463,52.530955,13.300680,187
10463,52.530955,13.300680,188
10463,52.533219,13.300457,189
10463,52.534000,13.300172,190
10463,52.534565,13.299740,191
10463,52.535075,13.299117,192
10463,52.535522,13.298377,193
10463,52.535825,13.297432,194
10463,52.536065,13.296177,195
10463,52.536273,13.293714,196
10463,52.536273,13.293714,197
10463,52.536606,13.290602,198
10463,52.536690,13.288700,199
10463,52.536683,13.286254,200
10463,52.536683,13.286254,201
10463,52.536669,13.284412,202
10463,52.536970,13.276716,203
10463,52.536966,13.275449,204
10463,52.536796,13.272680,205
10463,52.536796,13.272680,206
10463,52.536758,13.271825,207
10463,52.536830,13.265974,208
10463,52.536905,13.263983,209
10463,52.537017,13.262509,210
10463,52.537017,13.262509,211
10463,52.538049,13.247570,212
10463,52.538049,13.247570,213
10463,52.538203,13.245255,214
10463,52.538342,13.243721,215
10463,52.538894,13.239324,216
10463,52.539041,13.237554,217
10463,52.539044,13.235815,218
10463,52.538931,13.234298,219
10463,52.538766,13.233165,220
10463,52.538766,13.233165,221
10463,52.538005,13.228912,222
10463,52.536958,13.221980,223
10463,52.536947,13.221449,224
10463,52.536988,13.220462,225
10463,52.537084,13.219635,226
10463,52.537226,13.218941,227
10463,52.537661,13.217581,228
10463,52.537661,13.217581,229
10463,52.538212,13.215837,230
10463,52.538380,13.215010,231
10463,52.538485,13.213978,232
10463,52.538427,13.212873,233
10463,52.538186,13.210738,234
10463,52.538164,13.209810,235
10463,52.538207,13.209013,236
10463,52.538445,13.207758,237
10463,52.538889,13.206369,238
10463,52.538889,13.206369,239
10463,52.539111,13.205497,240
10463,52.539198,13.204789,241
10463,52.539222,13.203816,242
10463,52.539101,13.202800,243
10463,52.538856,13.202006,244
10463,52.538502,13.201258,245
10463,52.538078,13.200732,246
10463,52.537709,13.200426,247
10463,52.537205,13.200210,248
10463,52.536063,13.200029,249
10463,52.535163,13.199758,250
10439,52.439920,13.387497,0
10439,52.443261,13.386331,1
10439,52.446324,13.385697,2
10439,52.446324,13.385697,3
10439,52.451993,13.384666,4
10439,52.452892,13.384676,5
10439,52.453871,13.384479,6
10439,52.453871,13.384479,7
10439,52.456179,13.384010,8
10439,52.456781,13.384007,9
10439,52.457231,13.384049,10
10439,52.460072,13.384710,11
10439,52.460072,13.384710,12
10439,52.463417,13.385604,13
10439,52.463902,13.385660,14
10439,52.464280,13.385673,15
10439,52.465349,13.385696,16
10439,52.465349,13.385696,17
10439,52.468656,13.385781,18
10439,52.469735,13.385672,19
10438,52.439920,13.387497,0
10438,52.443261,13.386331,1
10438,52.446324,13.385697,2
10438,52.446324,13.385697,3
10438,52.451993,13.384666,4
10438,52.452892,13.384676,5
10438,52.453871,13.384479,6
10438,52.453871,13.384479,7
10438,52.456179,13.384010,8
10438,52.456781,13.384007,9
10438,52.457231,13.384049,10
10438,52.460072,13.384710,11
10438,52.460072,13.384710,12
10438,52.463417,13.385604,13
10438,52.463902,13.385660,14
10438,52.464280,13.385673,15
10438,52.465349,13.385696,16
10438,52.465349,13.385696,17
10438,52.468656,13.385781,18
10438,52.469735,13.385672,19
10438,52.469735,13.385672,20
10438,52.470984,13.385666,21
10438,52.471496,13.385795,22
10438,52.472189,13.386115,23
10438,52.472647,13.386216,24
10438,52.478246,13.386318,25
10438,52.478246,13.386318,26
10438,52.482623,13.386397,27
10438,52.483189,13.386320,28
10438,52.483970,13.386066,29
10438,52.484258,13.385990,30
10438,52.485875,13.385937,31
10441,52.439920,13.387497,0
10441,52.443261,13.386331,1
10441,52.446324,13.385697,2
10441,52.446324,13.385697,3
10441,52.451993,13.384666,4
10441,52.452892,13.384676,5
10441,52.453871,13.384479,6
10441,52.453871,13.384479,7
10441,52.456179,13.384010,8
10441,52.456781,13.384007,9
10441,52.457231,13.384049,10
10441,52.460072,13.384710,11
10441,52.460072,13.384710,12
10441,52.463417,13.385604,13
10441,52.463902,13.385660,14
10441,52.464280,13.385673,15
10441,52.465349,13.385696,16
10441,52.465349,13.385696,17
10441,52.468656,13.385781,18
10441,52.469735,13.385672,19
10441,52.469735,13.385672,20
10441,52.470984,13.385666,21
10441,52.471496,13.385795,22
10441,52.472189,13.386115,23
10441,52.472647,13.386216,24
10441,52.478246,13.386318,25
10441,52.478246,13.386318,26
10441,52.482623,13.386397,27
10441,52.483189,13.386320,28
10441,52.483970,13.386066,29
10441,52.484258,13.385990,30
10441,52.485875,13.385937,31
10441,52.485875,13.385937,32
10441,52.486954,13.385917,33
10441,52.488113,13.386043,34
10441,52.489596,13.386270,35
10441,52.490280,13.386458,36
10441,52.491998,13.387155,37
10441,52.494481,13.388924,38
10441,52.494481,13.388924,39
10441,52.495526,13.389875,40
10441,52.496850,13.391296,41
10441,52.497102,13.391471,42
10441,52.498351,13.391803,43
10441,52.498980,13.391785,44
10440,52.439920,13.387497,0
10440,52.443261,13.386331,1
10440,52.446324,13.385697,2
10440,52.446324,13.385697,3
10440,52.451993,13.384666,4
10440,52.452892,13.384676,5
10440,52.453871,13.384479,6
10440,52.453871,13.384479,7
10440,52.456179,13.384010,8
10440,52.456781,13.384007,9
10440,52.457231,13.384049,10
10440,52.460072,13.384710,11
10440,52.460072,13.384710,12
10440,52.463417,13.385604,13
10440,52.463902,13.385660,14
10440,52.464280,13.385673,15
10440,52.465349,13.385696,16
10440,52.465349,13.385696,17
10440,52.468656,13.385781,18
10440,52.469735,13.385672,19
10440,52.469735,13.385672,20
10440,52.470984,13.385666,21
10440,52.471496,13.385795,22
10440,52.472189,13.386115,23
10440,52.472647,13.386216,24
10440,52.478246,13.386318,25
10440,52.478246,13.386318,26
10440,52.482623,13.386397,27
10440,52.483189,13.386320,28
10440,52.483970,13.386066,29
10440,52.484258,13.385990,30
10440,52.485875,13.385937,31
10440,52.485875,13.385937,32
10440,52.486954,13.385917,33
10440,52.488113,13.386043,34
10440,52.489596,13.386270,35
10440,52.490280,13.386458,36
10440,52.491998,13.387155,37
10440,52.494481,13.388924,38
10440,52.494481,13.388924,39
10440,52.495526,13.389875,40
10440,52.496850,13.391296,41
10440,52.497102,13.391471,42
10440,52.498351,13.391803,43
10440,52.498980,13.391785,44
10440,52.498980,13.391785,45
10440,52.499645,13.391708,46
10440,52.506042,13.390643,47
10440,52.506042,13.390643,48
10440,52.510264,13.389958,49
10440,52.510264,13.389958,50
10440,52.516454,13.388952,51
10440,52.516454,13.388952,52
10440,52.520218,13.388343,53
10440,52.520218,13.388343,54
10440,52.525545,13.387415,55
10440,52.525545,13.387415,56
10440,52.526605,13.387247,57
10440,52.526946,13.387172,58
10440,52.527171,13.387112,59
10440,52.527413,13.386948,60
10440,52.527709,13.386681,61
10440,52.531393,13.382093,62
10440,52.531393,13.382093,63
10440,52.535588,13.376838,64
10440,52.535588,13.376838,65
10440,52.536296,13.375994,66
10440,52.540130,13.370180,67
10440,52.540130,13.370180,68
10440,52.540497,13.369632,69
10440,52.543102,13.365063,70
10434,52.439920,13.387497,0
10434,52.443261,13.386331,1
10434,52.446324,13.385697,2
10434,52.446324,13.385697,3
10434,52.451993,13.384666,4
10434,52.452892,13.384676,5
10434,52.453871,13.384479,6
10434,52.453871,13.384479,7
10434,52.456179,13.384010,8
10434,52.456781,13.384007,9
10434,52.457231,13.384049,10
10434,52.460072,13.384710,11
10434,52.460072,13.384710,12
10434,52.463417,13.385604,13
10434,52.463902,13.385660,14
10434,52.464280,13.385673,15
10434,52.465349,13.385696,16
10434,52.465349,13.385696,17
10434,52.468656,13.385781,18
10434,52.469735,13.385672,19
10434,52.469735,13.385672,20
10434,52.470984,13.385666,21
10434,52.471496,13.385795,22
10434,52.472189,13.386115,23
10434,52.472647,13.386216,24
10434,52.478246,13.386318,25
10434,52.478246,13.386318,26
10434,52.482623,13.386397,27
10434,52.483189,13.386320,28
10434,52.483970,13.386066,29
10434,52.484258,13.385990,30
10434,52.485875,13.385937,31
10434,52.485875,13.385937,32
10434,52.486954,13.385917,33
10434,52.488113,13.386043,34
10434,52.489596,13.386270,35
10434,52.490280,13.386458,36
10434,52.491998,13.387155,37
10434,52.494481,13.388924,38
10434,52.494481,13.388924,39
10434,52.495526,13.389875,40
10434,52.496850,13.391296,41
10434,52.497102,13.391471,42
10434,52.498351,13.391803,43
10434,52.498980,13.391785,44
10434,52.498980,13.391785,45
10434,52.499645,13.391708,46
10434,52.506042,13.390643,47
10434,52.506042,13.390643,48
10434,52.510264,13.389958,49
10434,52.510264,13.389958,50
10434,52.516454,13.388952,51
10434,52.516454,13.388952,52
10434,52.520218,13.388343,53
10434,52.520218,13.388343,54
10434,52.525545,13.387415,55
10434,52.525545,13.387415,56
10434,52.526605,13.387247,57
10434,52.526946,13.387172,58
10434,52.527171,13.387112,59
10434,52.527413,13.386948,60
10434,52.527709,13.386681,61
10434,52.531393,13.382093,62
10434,52.531393,13.382093,63
10434,52.535588,13.376838,64
10434,52.535588,13.376838,65
10434,52.536296,13.375994,66
10434,52.540130,13.370180,67
10434,52.540130,13.370180,68
10434,52.540497,13.369632,69
10434,52.543102,13.365063,70
10434,52.543102,13.365063,71
10434,52.546414,13.359161,72
10434,52.546414,13.359161,73
10434,52.549807,13.353214,74
10434,52.549807,13.353214,75
10434,52.556626,13.341111,76
10434,52.556626,13.341111,77
10434,52.560214,13.334762,78
10434,52.560214,13.334762,79
10434,52.561824,13.331787,80
10434,52.562083,13.331269,81
10434,52.562298,13.330722,82
10434,52.562476,13.330087,83
10434,52.563286,13.327029,84
10384,52.443480,13.241411,0
10384,52.443850,13.241952,1
10384,52.444356,13.242801,2
10384,52.444637,13.243416,3
10384,52.445170,13.244309,4
10384,52.446055,13.245669,5
10384,52.447094,13.247204,6
10384,52.447563,13.247936,7
10384,52.448142,13.248990,8
10384,52.448739,13.250191,9
10384,52.449173,13.251158,10
10384,52.449418,13.251876,11
10384,52.449817,13.253108,12
10384,52.449817,13.253108,13
10384,52.450035,13.253857,14
10384,52.450208,13.254414,15
10384,52.450390,13.255280,16
10384,52.450537,13.256074,17
10384,52.450647,13.256882,18
10384,52.450740,13.257763,19
10384,52.450805,13.258601,20
10384,52.450844,13.259528,21
10384,52.450865,13.260513,22
10384,52.450832,13.261396,23
10384,52.450427,13.267283,24
10384,52.450340,13.268048,25
10384,52.450297,13.268784,26
10384,52.450297,13.268784,27
10384,52.450229,13.269902,28
10384,52.450213,13.270741,29
10384,52.449835,13.276613,30
10384,52.449828,13.277128,31
10384,52.449856,13.277686,32
10384,52.449930,13.278318,33
10384,52.450022,13.278862,34
10384,52.450140,13.279435,35
10384,52.450349,13.280227,36
10384,52.450585,13.280828,37
10384,52.450956,13.281679,38
10384,52.450956,13.281679,39
10384,52.451327,13.282573,40
10384,52.451634,13.283203,41
10384,52.452150,13.284420,42
10384,52.452412,13.284903,43
10384,52.452638,13.285284,44
10384,52.452881,13.285635,45
10384,52.453152,13.285942,46
10384,52.456359,13.288845,47
10384,52.456495,13.289035,48
10384,52.457107,13.289575,49
10384,52.457107,13.289575,50
10384,52.458260,13.290507,51
10384,52.458575,13.290740,52
10384,52.458872,13.290900,53
10384,52.461671,13.292114,54
10384,52.461914,13.292245,55
10384,52.462220,13.292463,56
10384,52.462472,13.292682,57
10384,52.462706,13.292916,58
10384,52.462905,13.293194,59
10384,52.463131,13.293531,60
10384,52.463356,13.293926,61
10384,52.463582,13.294439,62
10384,52.463963,13.295555,63
10384,52.463963,13.295555,64
10384,52.464361,13.296596,65
10384,52.464633,13.297257,66
10384,52.464987,13.298475,67
10384,52.465205,13.299606,68
10384,52.465716,13.305709,69
10384,52.465853,13.306370,70
10384,52.466098,13.307134,71
10384,52.466459,13.307925,72
10384,52.466956,13.308805,73
10393,52.443480,13.241411,0
10393,52.443850,13.241952,1
10393,52.444356,13.242801,2
10393,52.444637,13.243416,3
10393,52.445170,13.244309,4
10393,52.446055,13.245669,5
10393,52.447094,13.247204,6
10393,52.447563,13.247936,7
10393,52.448142,13.248990,8
10393,52.448739,13.250191,9
10393,52.449173,13.251158,10
10393,52.449418,13.251876,11
10393,52.449817,13.253108,12
10393,52.449817,13.253108,13
10393,52.450035,13.253857,14
10393,52.450208,13.254414,15
10393,52.450390,13.255280,16
10393,52.450537,13.256074,17
10393,52.450647,13.256882,18
10393,52.450740,13.257763,19
10393,52.450805,13.258601,20
10393,52.450844,13.259528,21
10393,52.450865,13.260513,22
10393,52.450832,13.261396,23
10393,52.450427,13.267283,24
10393,52.450340,13.268048,25
10393,52.450297,13.268784,26
10393,52.450297,13.268784,27
10393,52.450229,13.269902,28
10393,52.450213,13.270741,29
10393,52.449835,13.276613,30
10393,52.449828,13.277128,31
10393,52.449856,13.277686,32
10393,52.449930,13.278318,33
10393,52.450022,13.278862,34
10393,52.450140,13.279435,35
10393,52.450349,13.280227,36
10393,52.450585,13.280828,37
10393,52.450956,13.281679,38
10393,52.450956,13.281679,39
10393,52.451327,13.282573,40
10393,52.451634,13.283203,41
10393,52.452150,13.284420,42
10393,52.452412,13.284903,43
10393,52.452638,13.285284,44
10393,52.452881,13.285635,45
10393,52.453152,13.285942,46
10393,52.456359,13.288845,47
10393,52.456495,13.289035,48
10393,52.457107,13.289575,49
10393,52.457107,13.289575,50
10393,52.458260,13.290507,51
10393,52.458575,13.290740,52
10393,52.458872,13.290900,53
10393,52.461671,13.292114,54
10393,52.461914,13.292245,55
10393,52.462220,13.292463,56
10393,52.462472,13.292682,57
10393,52.462706,13.292916,58
10393,52.462905,13.293194,59
10393,52.463131,13.293531,60
10393,52.463356,13.293926,61
10393,52.463582,13.294439,62
10393,52.463963,13.295555,63
10393,52.463963,13.295555,64
10393,52.464361,13.296596,65
10393,52.464633,13.297257,66
10393,52.464987,13.298475,67
10393,52.465205,13.299606,68
10393,52.465716,13.305709,69
10393,52.465853,13.306370,70
10393,52.466098,13.307134,71
10393,52.466459,13.307925,72
10393,52.466956,13.308805,73
10393,52.466956,13.308805,74
10393,52.467570,13.309919,75
10393,52.468247,13.310856,76
10393,52.469373,13.312084,77
10393,52.470103,13.312844,78
10393,52.471058,13.313602,79
10393,52.471769,13.314112,80
10393,52.472030,13.314257,81
10393,52.472570,13.314430,82
10393,52.473361,13.314483,83
10393,52.473361,13.314483,84
10393,52.474511,13.314490,85
10393,52.475391,13.314248,86
10393,52.476432,13.313799,87
10393,52.478613,13.312548,88
10393,52.478954,13.312516,89
10393,52.479305,13.312616,90
10393,52.480106,13.313140,91
10393,52.480106,13.313140,92
10393,52.480673,13.313431,93
10393,52.481230,13.313515,94
10393,52.488808,13.314035,95
10393,52.489167,13.314106,96
10393,52.489527,13.314236,97
10393,52.489896,13.314469,98
10393,52.490266,13.314864,99
10393,52.490680,13.315450,100
10383,52.443480,13.241411,0
10383,52.443850,13.241952,1
10383,52.444356,13.242801,2
10383,52.444637,13.243416,3
10383,52.445170,13.244309,4
10383,52.446055,13.245669,5
10383,52.447094,13.247204,6
10383,52.447563,13.247936,7
10383,52.448142,13.248990,8
10383,52.448739,13.250191,9
10383,52.449173,13.251158,10
10383,52.449418,13.251876,11
10383,52.449817,13.253108,12
10383,52.449817,13.253108,13
10383,52.450035,13.253857,14
10383,52.450208,13.254414,15
10383,52.450390,13.255280,16
10383,52.450537,13.256074,17
10383,52.450647,13.256882,18
10383,52.450740,13.257763,19
10383,52.450805,13.258601,20
10383,52.450844,13.259528,21
10383,52.450865,13.260513,22
10383,52.450832,13.261396,23
10383,52.450427,13.267283,24
10383,52.450340,13.268048,25
10383,52.450297,13.268784,26
10383,52.450297,13.268784,27
10383,52.450229,13.269902,28
10383,52.450213,13.270741,29
10383,52.449835,13.276613,30
10383,52.449828,13.277128,31
10383,52.449856,13.277686,32
10383,52.449930,13.278318,33
10383,52.450022,13.278862,34
10383,52.450140,13.279435,35
10383,52.450349,13.280227,36
10383,52.450585,13.280828,37
10383,52.450956,13.281679,38
10383,52.450956,13.281679,39
10383,52.451327,13.282573,40
10383,52.451634,13.283203,41
10383,52.452150,13.284420,42
10383,52.452412,13.284903,43
10383,52.452638,13.285284,44
10383,52.452881,13.285635,45
10383,52.453152,13.285942,46
10383,52.456359,13.288845,47
10383,52.456495,13.289035,48
10383,52.457107,13.289575,49
10383,52.457107,13.289575,50
10383,52.458260,13.290507,51
10383,52.458575,13.290740,52
10383,52.458872,13.290900,53
10383,52.461671,13.292114,54
10383,52.461914,13.292245,55
10383,52.462220,13.292463,56
10383,52.462472,13.292682,57
10383,52.462706,13.292916,58
10383,52.462905,13.293194,59
10383,52.463131,13.293531,60
10383,52.463356,13.293926,61
10383,52.463582,13.294439,62
10383,52.463963,13.295555,63
10383,52.463963,13.295555,64
10383,52.464361,13.296596,65
10383,52.464633,13.297257,66
10383,52.464987,13.298475,67
10383,52.465205,13.299606,68
10383,52.465716,13.305709,69
10383,52.465853,13.306370,70
10383,52.466098,13.307134,71
10383,52.466459,13.307925,72
10383,52.466956,13.308805,73
10383,52.466956,13.308805,74
10383,52.467570,13.309919,75
10383,52.468247,13.310856,76
10383,52.469373,13.312084,77
10383,52.470103,13.312844,78
10383,52.471058,13.313602,79
10383,52.471769,13.314112,80
10383,52.472030,13.314257,81
10383,52.472570,13.314430,82
10383,52.473361,13.314483,83
10383,52.473361,13.314483,84
10383,52.474511,13.314490,85
10383,52.475391,13.314248,86
10383,52.476432,13.313799,87
10383,52.478613,13.312548,88
10383,52.478954,13.312516,89
10383,52.479305,13.312616,90
10383,52.480106,13.313140,91
10383,52.480106,13.313140,92
10383,52.480673,13.313431,93
10383,52.481230,13.313515,94
10383,52.488808,13.314035,95
10383,52.489167,13.314106,96
10383,52.489527,13.314236,97
10383,52.489896,13.314469,98
10383,52.490266,13.314864,99
10383,52.490680,13.315450,100
10383,52.490680,13.315450,101
10383,52.490934,13.316023,102
10383,52.492772,13.321295,103
10383,52.494111,13.324923,104
10383,52.494111,13.324923,105
10383,52.494943,13.327111,106
10383,52.495116,13.327875,107
10383,52.495273,13.329774,108
10383,52.495356,13.330244,109
10383,52.495509,13.330641,110
10383,52.495726,13.330904,111
10383,52.496086,13.331079,112
10383,52.496428,13.331371,113
10383,52.496861,13.332089,114
10382,52.443480,13.241411,0
10382,52.443850,13.241952,1
10382,52.444356,13.242801,2
10382,52.444637,13.243416,3
10382,52.445170,13.244309,4
10382,52.446055,13.245669,5
10382,52.447094,13.247204,6
10382,52.447563,13.247936,7
10382,52.448142,13.248990,8
10382,52.448739,13.250191,9
10382,52.449173,13.251158,10
10382,52.449418,13.251876,11
10382,52.449817,13.253108,12
10382,52.449817,13.253108,13
10382,52.450035,13.253857,14
10382,52.450208,13.254414,15
10382,52.450390,13.255280,16
10382,52.450537,13.256074,17
10382,52.450647,13.256882,18
10382,52.450740,13.257763,19
10382,52.450805,13.258601,20
10382,52.450844,13.259528,21
10382,52.450865,13.260513,22
10382,52.450832,13.261396,23
10382,52.450427,13.267283,24
10382,52.450340,13.268048,25
10382,52.450297,13.268784,26
10382,52.450297,13.268784,27
10382,52.450229,13.269902,28
10382,52.450213,13.270741,29
10382,52.449835,13.276613,30
10382,52.449828,13.277128,31
10382,52.449856,13.277686,32
10382,52.449930,13.278318,33
10382,52.450022,13.278862,34
10382,52.450140,13.279435,35
10382,52.450349,13.280227,36
10382,52.450585,13.280828,37
10382,52.450956,13.281679,38
10382,52.450956,13.281679,39
10382,52.451327,13.282573,40
10382,52.451634,13.283203,41
10382,52.452150,13.284420,42
10382,52.452412,13.284903,43
10382,52.452638,13.285284,44
10382,52.452881,13.285635,45
10382,52.453152,13.285942,46
10382,52.456359,13.288845,47
10382,52.456495,13.289035,48
10382,52.457107,13.289575,49
10382,52.457107,13.289575,50
10382,52.458260,13.290507,51
10382,52.458575,13.290740,52
10382,52.458872,13.290900,53
10382,52.461671,13.292114,54
10382,52.461914,13.292245,55
10382,52.462220,13.292463,56
10382,52.462472,13.292682,57
10382,52.462706,13.292916,58
10382,52.462905,13.293194,59
10382,52.463131,13.293531,60
10382,52.463356,13.293926,61
10382,52.463582,13.294439,62
10382,52.463963,13.295555,63
10382,52.463963,13.295555,64
10382,52.464361,13.296596,65
10382,52.464633,13.297257,66
10382,52.464987,13.298475,67
10382,52.465205,13.299606,68
10382,52.465716,13.305709,69
10382,52.465853,13.306370,70
10382,52.466098,13.307134,71
10382,52.466459,13.307925,72
10382,52.466956,13.308805,73
10382,52.466956,13.308805,74
10382,52.467570,13.309919,75
10382,52.468247,13.310856,76
10382,52.469373,13.312084,77
10382,52.470103,13.312844,78
10382,52.471058,13.313602,79
10382,52.471769,13.314112,80
10382,52.472030,13.314257,81
10382,52.472570,13.314430,82
10382,52.473361,13.314483,83
10382,52.473361,13.314483,84
10382,52.474511,13.314490,85
10382,52.475391,13.314248,86
10382,52.476432,13.313799,87
10382,52.478613,13.312548,88
10382,52.478954,13.312516,89
10382,52.479305,13.312616,90
10382,52.480106,13.313140,91
10382,52.480106,13.313140,92
10382,52.480673,13.313431,93
10382,52.481230,13.313515,94
10382,52.488808,13.314035,95
10382,52.489167,13.314106,96
10382,52.489527,13.314236,97
10382,52.489896,13.314469,98
10382,52.490266,13.314864,99
10382,52.490680,13.315450,100
10382,52.490680,13.315450,101
10382,52.490934,13.316023,102
10382,52.492772,13.321295,103
10382,52.494111,13.324923,104
10382,52.494111,13.324923,105
10382,52.494943,13.327111,106
10382,52.495116,13.327875,107
10382,52.495273,13.329774,108
10382,52.495356,13.330244,109
10382,52.495509,13.330641,110
10382,52.495726,13.330904,111
10382,52.496086,13.331079,112
10382,52.496428,13.331371,113
10382,52.496861,13.332089,114
10382,52.496861,13.332089,115
10382,52.497844,13.333717,116
10382,52.498512,13.334537,117
10382,52.500358,13.336425,118
10382,52.500358,13.336425,119
10382,52.502467,13.338649,120
10382,52.502647,13.338972,121
10382,52.502729,13.339384,122
10382,52.502739,13.339811,123
10382,52.502704,13.340150,124
10382,52.502615,13.340430,125
10382,52.502204,13.341420,126
10382,52.501963,13.342084,127
10382,52.501713,13.342925,128
10382,52.501713,13.342925,129
10382,52.501553,13.343677,130
10382,52.501474,13.344237,131
10382,52.500354,13.349648,132
10382,52.499705,13.352509,133
10382,52.499670,13.352922,134
10382,52.499707,13.353510,135
10382,52.499934,13.354510,136
10385,52.443480,13.241411,0
10385,52.443850,13.241952,1
10385,52.444356,13.242801,2
10385,52.444637,13.243416,3
10385,52.445170,13.244309,4
10385,52.446055,13.245669,5
10385,52.447094,13.247204,6
10385,52.447563,13.247936,7
10385,52.448142,13.248990,8
10385,52.448739,13.250191,9
10385,52.449173,13.251158,10
10385,52.449418,13.251876,11
10385,52.449817,13.253108,12
10385,52.449817,13.253108,13
10385,52.450035,13.253857,14
10385,52.450208,13.254414,15
10385,52.450390,13.255280,16
10385,52.450537,13.256074,17
10385,52.450647,13.256882,18
10385,52.450740,13.257763,19
10385,52.450805,13.258601,20
10385,52.450844,13.259528,21
10385,52.450865,13.260513,22
10385,52.450832,13.261396,23
10385,52.450427,13.267283,24
10385,52.450340,13.268048,25
10385,52.450297,13.268784,26
10385,52.450297,13.268784,27
10385,52.450229,13.269902,28
10385,52.450213,13.270741,29
10385,52.449835,13.276613,30
10385,52.449828,13.277128,31
10385,52.449856,13.277686,32
10385,52.449930,13.278318,33
10385,52.450022,13.278862,34
10385,52.450140,13.279435,35
10385,52.450349,13.280227,36
10385,52.450585,13.280828,37
10385,52.450956,13.281679,38
10385,52.450956,13.281679,39
10385,52.451327,13.282573,40
10385,52.451634,13.283203,41
10385,52.452150,13.284420,42
10385,52.452412,13.284903,43
10385,52.452638,13.285284,44
10385,52.452881,13.285635,45
10385,52.453152,13.285942,46
10385,52.456359,13.288845,47
10385,52.456495,13.289035,48
10385,52.457107,13.289575,49
10385,52.457107,13.289575,50
10385,52.458260,13.290507,51
10385,52.458575,13.290740,52
10385,52.458872,13.290900,53
10385,52.461671,13.292114,54
10385,52.461914,13.292245,55
10385,52.462220,13.292463,56
10385,52.462472,13.292682,57
10385,52.462706,13.292916,58
10385,52.462905,13.293194,59
10385,52.463131,13.293531,60
10385,52.463356,13.293926,61
10385,52.463582,13.294439,62
10385,52.463963,13.295555,63
10385,52.463963,13.295555,64
10385,52.464361,13.296596,65
10385,52.464633,13.297257,66
10385,52.464987,13.298475,67
10385,52.465205,13.299606,68
10385,52.465716,13.305709,69
10385,52.465853,13.306370,70
10385,52.466098,13.307134,71
10385,52.466459,13.307925,72
10385,52.466956,13.308805,73
10385,52.466956,13.308805,74
10385,52.467570,13.309919,75
10385,52.468247,13.310856,76
10385,52.469373,13.312084,77
10385,52.470103,13.312844,78
10385,52.471058,13.313602,79
10385,52.471769,13.314112,80
10385,52.472030,13.314257,81
10385,52.472570,13.314430,82
10385,52.473361,13.314483,83
10385,52.473361,13.314483,84
10385,52.474511,13.314490,85
10385,52.475391,13.314248,86
10385,52.476432,13.313799,87
10385,52.478613,13.312548,88
10385,52.478954,13.312516,89
10385,52.479305,13.312616,90
10385,52.480106,13.313140,91
10385,52.480106,13.313140,92
10385,52.480673,13.313431,93
10385,52.481230,13.313515,94
10385,52.488808,13.314035,95
10385,52.489167,13.314106,96
10385,52.489527,13.314236,97
10385,52.489896,13.314469,98
10385,52.490266,13.314864,99
10385,52.490680,13.315450,100
10385,52.490680,13.315450,101
10385,52.490934,13.316023,102
10385,52.492772,13.321295,103
10385,52.494111,13.324923,104
10385,52.494111,13.324923,105
10385,52.494943,13.327111,106
10385,52.495116,13.327875,107
10385,52.495273,13.329774,108
10385,52.495356,13.330244,109
10385,52.495509,13.330641,110
10385,52.495726,13.330904,111
10385,52.496086,13.331079,112
10385,52.496428,13.331371,113
10385,52.496861,13.332089,114
10385,52.496861,13.332089,115
10385,52.497844,13.333717,116
10385,52.498512,13.334537,117
10385,52.500358,13.336425,118
10385,52.500358,13.336425,119
10385,52.502467,13.338649,120
10385,52.502647,13.338972,121
10385,52.502729,13.339384,122
10385,52.502739,13.339811,123
10385,52.502704,13.340150,124
10385,52.502615,13.340430,125
10385,52.502204,13.341420,126
10385,52.501963,13.342084,127
10385,52.501713,13.342925,128
10385,52.501713,13.342925,129
10385,52.501553,13.343677,130
10385,52.501474,13.344237,131
10385,52.500354,13.349648,132
10385,52.499705,13.352509,133
10385,52.499670,13.352922,134
10385,52.499707,13.353510,135
10385,52.499934,13.354510,136
10385,52.499934,13.354510,137
10385,52.500287,13.355716,138
10385,52.500921,13.357744,139
10385,52.500976,13.358023,140
10385,52.500967,13.358362,141
10385,52.500896,13.358790,142
10385,52.500085,13.361460,143
10385,52.500085,13.361460,144
10385,52.499657,13.363067,145
10385,52.499604,13.363657,146
10385,52.499704,13.364172,147
10385,52.499913,13.364995,148
10385,52.499995,13.365510,149
10385,52.499978,13.366114,150
10385,52.499793,13.367646,151
10385,52.499705,13.368383,152
10385,52.499634,13.369134,153
10385,52.499557,13.370755,154
10385,52.499516,13.372831,155
10385,52.499455,13.373479,156
10385,52.499421,13.374216,157
10385,52.499421,13.374216,158
10385,52.499442,13.375747,159
10385,52.499319,13.377088,160
10385,52.499329,13.377456,161
10385,52.499393,13.378045,162
10385,52.499393,13.378354,163
10385,52.499297,13.379400,164
10385,52.499217,13.379886,165
10385,52.499048,13.380800,166
10385,52.499004,13.381124,167
10385,52.498987,13.381522,168
10385,52.499088,13.382729,169
10385,52.499088,13.382729,170
10385,52.499090,13.383495,171
10385,52.499055,13.383951,172
10385,52.498984,13.384555,173
10385,52.498859,13.385263,174
10385,52.498093,13.388433,175
10385,52.497870,13.389480,176
10385,52.497755,13.390334,177
10385,52.497755,13.390334,178
10385,52.497721,13.391247,179
10385,52.497795,13.392307,180
10385,52.497979,13.394147,181
10385,52.498197,13.395382,182
10385,52.498307,13.396648,183
10385,52.498369,13.405394,184
10385,52.498369,13.405394,185
10385,52.498401,13.408383,186
10385,52.498588,13.412432,187
10385,52.498510,13.413743,188
10385,52.498520,13.414420,189
10385,52.498720,13.415788,190
10385,52.498875,13.417010,191
10385,52.498931,13.418423,192
10385,52.498931,13.418423,193
10385,52.499051,13.419822,194
10385,52.499151,13.426123,195
10385,52.499254,13.428273,196
10385,52.499254,13.428273,197
10385,52.499365,13.430084,198
10385,52.499295,13.431321,199
10385,52.500740,13.441195,200
10385,52.500740,13.441195,201
10385,52.500956,13.441916,202
10385,52.501056,13.442328,203
10385,52.501075,13.442711,204
10385,52.500870,13.444037,205
10385,52.500870,13.444361,206
10385,52.500925,13.444655,207
10385,52.501069,13.445023,208
10385,52.502852,13.447327,209
10385,52.503761,13.448045,210
10385,52.503914,13.448089,211
10385,52.504840,13.448807,212
10388,52.443480,13.241411,0
10388,52.443850,13.241952,1
10388,52.444356,13.242801,2
10388,52.444637,13.243416,3
10388,52.445170,13.244309,4
10388,52.446055,13.245669,5
10388,52.447094,13.247204,6
10388,52.447563,13.247936,7
10388,52.448142,13.248990,8
10388,52.448739,13.250191,9
10388,52.449173,13.251158,10
10388,52.449418,13.251876,11
10388,52.449817,13.253108,12
10388,52.449817,13.253108,13
10388,52.450035,13.253857,14
10388,52.450208,13.254414,15
10388,52.450390,13.255280,16
10388,52.450537,13.256074,17
10388,52.450647,13.256882,18
10388,52.450740,13.257763,19
10388,52.450805,13.258601,20
10388,52.450844,13.259528,21
10388,52.450865,13.260513,22
10388,52.450832,13.261396,23
10388,52.450427,13.267283,24
10388,52.450340,13.268048,25
10388,52.450297,13.268784,26
10388,52.450297,13.268784,27
10388,52.450229,13.269902,28
10388,52.450213,13.270741,29
10388,52.449835,13.276613,30
10388,52.449828,13.277128,31
10388,52.449856,13.277686,32
10388,52.449930,13.278318,33
10388,52.450022,13.278862,34
10388,52.450140,13.279435,35
10388,52.450349,13.280227,36
10388,52.450585,13.280828,37
10388,52.450956,13.281679,38
10388,52.450956,13.281679,39
10388,52.451327,13.282573,40
10388,52.451634,13.283203,41
10388,52.452150,13.284420,42
10388,52.452412,13.284903,43
10388,52.452638,13.285284,44
10388,52.452881,13.285635,45
10388,52.453152,13.285942,46
10388,52.456359,13.288845,47
10388,52.456495,13.289035,48
10388,52.457107,13.289575,49
10388,52.457107,13.289575,50
10388,52.458260,13.290507,51
10388,52.458575,13.290740,52
10388,52.458872,13.290900,53
10388,52.461671,13.292114,54
10388,52.461914,13.292245,55
10388,52.462220,13.292463,56
10388,52.462472,13.292682,57
10388,52.462706,13.292916,58
10388,52.462905,13.293194,59
10388,52.463131,13.293531,60
10388,52.463356,13.293926,61
10388,52.463582,13.294439,62
10388,52.463963,13.295555,63
10388,52.463963,13.295555,64
10388,52.464361,13.296596,65
10388,52.464633,13.297257,66
10388,52.464987,13.298475,67
10388,52.465205,13.299606,68
10388,52.465716,13.305709,69
10388,52.465853,13.306370,70
10388,52.466098,13.307134,71
10388,52.466459,13.307925,72
10388,52.466956,13.308805,73
10388,52.466956,13.308805,74
10388,52.467570,13.309919,75
10388,52.468247,13.310856,76
10388,52.469373,13.312084,77
10388,52.470103,13.312844,78
10388,52.471058,13.313602,79
10388,52.471769,13.314112,80
10388,52.472030,13.314257,81
10388,52.472570,13.314430,82
10388,52.473361,13.314483,83
10388,52.473361,13.314483,84
10388,52.474511,13.314490,85
10388,52.475391,13.314248,86
10388,52.476432,13.313799,87
10388,52.478613,13.312548,88
10388,52.478954,13.312516,89
10388,52.479305,13.312616,90
10388,52.480106,13.313140,91
10388,52.480106,13.313140,92
10388,52.480673,13.313431,93
10388,52.481230,13.313515,94
10388,52.488808,13.314035,95
10388,52.489167,13.314106,96
10388,52.489527,13.314236,97
10388,52.489896,13.314469,98
10388,52.490266,13.314864,99
10388,52.490680,13.315450,100
10388,52.490680,13.315450,101
10388,52.490934,13.316023,102
10388,52.492772,13.321295,103
10388,52.494111,13.324923,104
10388,52.494111,13.324923,105
10388,52.494943,13.327111,106
10388,52.495116,13.327875,107
10388,52.495273,13.329774,108
10388,52.495356,13.330244,109
10388,52.495509,13.330641,110
10388,52.495726,13.330904,111
10388,52.496086,13.331079,112
10388,52.496428,13.331371,113
10388,52.496861,13.332089,114
10388,52.496861,13.332089,115
10388,52.497844,13.333717,116
10388,52.498512,13.334537,117
10388,52.500358,13.336425,118
10388,52.500358,13.336425,119
10388,52.502467,13.338649,120
10388,52.502647,13.338972,121
10388,52.502729,13.339384,122
10388,52.502739,13.339811,123
10388,52.502704,13.340150,124
10388,52.502615,13.340430,125
10388,52.502204,13.341420,126
10388,52.501963,13.342084,127
10388,52.501713,13.342925,128
10388,52.501713,13.342925,129
10388,52.501553,13.343677,130
10388,52.501474,13.344237,131
10388,52.500354,13.349648,132
10388,52.499705,13.352509,133
10388,52.499670,13.352922,134
10388,52.499707,13.353510,135
10388,52.499934,13.354510,136
10388,52.499934,13.354510,137
10388,52.500287,13.355716,138
10388,52.500921,13.357744,139
10388,52.500976,13.358023,140
10388,52.500967,13.358362,141
10388,52.500896,13.358790,142
10388,52.500085,13.361460,143
10388,52.500085,13.361460,144
10388,52.499657,13.363067,145
10388,52.499604,13.363657,146
10388,52.499704,13.364172,147
10388,52.499913,13.364995,148
10388,52.499995,13.365510,149
10388,52.499978,13.366114,150
10388,52.499793,13.367646,151
10388,52.499705,13.368383,152
10388,52.499634,13.369134,153
10388,52.499557,13.370755,154
10388,52.499516,13.372831,155
10388,52.499455,13.373479,156
10388,52.499421,13.374216,157
10388,52.499421,13.374216,158
10388,52.499442,13.375747,159
10388,52.499319,13.377088,160
10388,52.499329,13.377456,161
10388,52.499393,13.378045,162
10388,52.499393,13.378354,163
10388,52.499297,13.379400,164
10388,52.499217,13.379886,165
10388,52.499048,13.380800,166
10388,52.499004,13.381124,167
10388,52.498987,13.381522,168
10388,52.499088,13.382729,169
10388,52.499088,13.382729,170
10388,52.499090,13.383495,171
10388,52.499055,13.383951,172
10388,52.498984,13.384555,173
10388,52.498859,13.385263,174
10388,52.498093,13.388433,175
10388,52.497870,13.389480,176
10388,52.497755,13.390334,177
10388,52.497755,13.390334,178
10388,52.497721,13.391247,179
10388,52.497795,13.392307,180
10388,52.497979,13.394147,181
10388,52.498197,13.395382,182
10388,52.498307,13.396648,183
10388,52.498369,13.405394,184
10388,52.498369,13.405394,185
10388,52.498401,13.408383,186
10388,52.498588,13.412432,187
10388,52.498510,13.413743,188
10388,52.498520,13.414420,189
10388,52.498720,13.415788,190
10388,52.498875,13.417010,191
10388,52.498931,13.418423,192
10388,52.498931,13.418423,193
10388,52.499051,13.419822,194
10388,52.499151,13.426123,195
10388,52.499254,13.428273,196
10388,52.499254,13.428273,197
10388,52.499365,13.430084,198
10388,52.499295,13.431321,199
10388,52.500740,13.441195,200
10388,52.500740,13.441195,201
10388,52.500956,13.441916,202
10388,52.501056,13.442328,203
10388,52.501075,13.442711,204
10388,52.500870,13.444051,205
10388,52.500870,13.444361,206
10388,52.500925,13.444655,207
10388,52.501060,13.445037,208
10388,52.502852,13.447327,209
10388,52.503950,13.448192,210
10388,52.504175,13.448471,211
10388,52.504841,13.449145,212
10493,52.456123,13.320754,0
10493,52.457094,13.321189,1
10493,52.457724,13.321611,2
10493,52.460661,13.324357,3
10493,52.460661,13.324357,4
10493,52.463959,13.327615,5
10493,52.464337,13.327907,6
10493,52.464580,13.328038,7
10493,52.465128,13.328270,8
10493,52.466045,13.328293,9
10493,52.466045,13.328293,10
10493,52.470081,13.328442,11
10493,52.470530,13.328513,12
10493,52.471636,13.328829,13
10493,52.472158,13.328870,14
10493,52.472158,13.328870,15
10493,52.472454,13.328853,16
10493,52.472867,13.328776,17
10493,52.473631,13.328551,18
10493,52.474071,13.328489,19
10493,52.475949,13.328623,20
10493,52.477900,13.328684,21
10493,52.477900,13.328684,22
10493,52.479931,13.328729,23
10493,52.480245,13.328756,24
10493,52.480479,13.328828,25
10493,52.480758,13.328959,26
10493,52.481073,13.329148,27
10493,52.483729,13.331014,28
10493,52.484071,13.331174,29
10493,52.484439,13.331245,30
10493,52.484718,13.331273,31
10493,52.487324,13.331181,32
10493,52.487324,13.331181,33
10493,52.492015,13.331106,34
10493,52.492015,13.331106,35
10493,52.495052,13.331027,36
10493,52.496382,13.330870,37
10493,52.497352,13.330834,38
10493,52.497352,13.330834,39
10493,52.499050,13.330823,40
10493,52.499725,13.330877,41
10493,52.502997,13.331341,42
10493,52.502997,13.331341,43
10493,52.505074,13.331696,44
10493,52.505416,13.331855,45
10493,52.506793,13.332848,46
10491,52.456123,13.320754,0
10491,52.457094,13.321189,1
10491,52.457724,13.321611,2
10491,52.460661,13.324357,3
10491,52.460661,13.324357,4
10491,52.463959,13.327615,5
10491,52.464337,13.327907,6
10491,52.464580,13.328038,7
10491,52.465128,13.328270,8
10491,52.466045,13.328293,9
10491,52.466045,13.328293,10
10491,52.470081,13.328442,11
10491,52.470530,13.328513,12
10491,52.471636,13.328829,13
10491,52.472158,13.328870,14
10491,52.472158,13.328870,15
10491,52.472454,13.328853,16
10491,52.472867,13.328776,17
10491,52.473631,13.328551,18
10491,52.474071,13.328489,19
10491,52.475949,13.328623,20
10491,52.477900,13.328684,21
10491,52.477900,13.328684,22
10491,52.479931,13.328729,23
10491,52.480245,13.328756,24
10491,52.480479,13.328828,25
10491,52.480758,13.328959,26
10491,52.481073,13.329148,27
10491,52.483729,13.331014,28
10491,52.484071,13.331174,29
10491,52.484439,13.331245,30
10491,52.484718,13.331273,31
10491,52.487324,13.331181,32
10491,52.487324,13.331181,33
10491,52.492015,13.331106,34
10491,52.492015,13.331106,35
10491,52.495052,13.331027,36
10491,52.496382,13.330870,37
10491,52.497352,13.330834,38
10491,52.497352,13.330834,39
10491,52.499050,13.330823,40
10491,52.499725,13.330877,41
10491,52.502997,13.331341,42
10491,52.502997,13.331341,43
10491,52.505074,13.331696,44
10491,52.505416,13.331855,45
10491,52.506793,13.332848,46
10491,52.506793,13.332848,47
10491,52.509116,13.334570,48
10491,52.509737,13.335155,49
10491,52.510251,13.335785,50
10491,52.510765,13.336592,51
10491,52.512174,13.339278,52
10491,52.512751,13.340114,53
10491,52.513247,13.340656,54
10491,52.513796,13.341197,55
10491,52.514471,13.341679,56
10491,52.515128,13.342028,57
10491,52.515812,13.342230,58
10491,52.516441,13.342314,59
10491,52.517097,13.342281,60
10491,52.517887,13.342113,61
10491,52.517887,13.342113,62
10491,52.520743,13.341535,63
10491,52.523834,13.341014,64
10491,52.524499,13.341025,65
10491,52.526108,13.341368,66
10491,52.526108,13.341368,67
10491,52.526764,13.341408,68
10491,52.532174,13.341373,69
10491,52.532174,13.341373,70
10491,52.533423,13.341320,71
10491,52.533881,13.341332,72
10491,52.534493,13.341505,73
10491,52.536823,13.342654,74
10491,52.536823,13.342654,75
10491,52.537939,13.343222,76
10491,52.538434,13.343690,77
10491,52.538948,13.344350,78
10491,52.541455,13.348152,79
10491,52.541808,13.348886,80
10491,52.542332,13.350210,81
10491,52.542332,13.350210,82
10491,52.542911,13.351901,83
10491,52.543526,13.353592,84
10491,52.544177,13.355180,85
10491,52.544177,13.355195,86
10491,52.544890,13.356724,87
10491,52.545395,13.357664,88
10491,52.546369,13.359176,89
10491,52.546369,13.359176,90
10491,52.551582,13.367459,91
10491,52.551582,13.367459,92
10491,52.553233,13.370192,93
10491,52.553539,13.370559,94
10491,52.553854,13.370896,95
10491,52.554304,13.371292,96
10491,52.557166,13.373251,97
10503,52.456123,13.320754,0
10503,52.457094,13.321189,1
10503,52.457724,13.321611,2
10503,52.460661,13.324357,3
10503,52.460661,13.324357,4
10503,52.463959,13.327615,5
10503,52.464337,13.327907,6
10503,52.464580,13.328038,7
10503,52.465128,13.328270,8
10503,52.466045,13.328293,9
10503,52.466045,13.328293,10
10503,52.470081,13.328442,11
10503,52.470530,13.328513,12
10503,52.471636,13.328829,13
10503,52.472158,13.328870,14
10503,52.472158,13.328870,15
10503,52.472454,13.328853,16
10503,52.472867,13.328776,17
10503,52.473631,13.328551,18
10503,52.474071,13.328489,19
10503,52.475949,13.328623,20
10503,52.477900,13.328684,21
10503,52.477900,13.328684,22
10503,52.479931,13.328729,23
10503,52.480245,13.328756,24
10503,52.480479,13.328828,25
10503,52.480758,13.328959,26
10503,52.481073,13.329148,27
10503,52.483729,13.331014,28
10503,52.484071,13.331174,29
10503,52.484439,13.331245,30
10503,52.484718,13.331273,31
10503,52.487324,13.331181,32
10503,52.487324,13.331181,33
10503,52.492015,13.331106,34
10503,52.495052,13.331027,35
10503,52.496382,13.330870,36
10503,52.497352,13.330834,37
10503,52.497352,13.330834,38
10503,52.499050,13.330823,39
10503,52.499725,13.330877,40
10503,52.502997,13.331341,41
10503,52.502997,13.331341,42
10503,52.505074,13.331696,43
10503,52.505416,13.331855,44
10503,52.506793,13.332848,45
10502,52.456123,13.320754,0
10502,52.457094,13.321189,1
10502,52.457724,13.321611,2
10502,52.460661,13.324357,3
10502,52.460661,13.324357,4
10502,52.463959,13.327615,5
10502,52.464337,13.327907,6
10502,52.464580,13.328038,7
10502,52.465128,13.328270,8
10502,52.466045,13.328293,9
10502,52.466045,13.328293,10
10502,52.470081,13.328442,11
10502,52.470530,13.328513,12
10502,52.471636,13.328829,13
10502,52.472158,13.328870,14
10502,52.472158,13.328870,15
10502,52.472454,13.328853,16
10502,52.472867,13.328776,17
10502,52.473631,13.328551,18
10502,52.474071,13.328489,19
10502,52.475949,13.328623,20
10502,52.477900,13.328684,21
10502,52.477900,13.328684,22
10502,52.479931,13.328729,23
10502,52.480245,13.328756,24
10502,52.480479,13.328828,25
10502,52.480758,13.328959,26
10502,52.481073,13.329148,27
10502,52.483729,13.331014,28
10502,52.484071,13.331174,29
10502,52.484439,13.331245,30
10502,52.484718,13.331273,31
10502,52.487324,13.331181,32
10502,52.487324,13.331181,33
10502,52.492015,13.331106,34
10502,52.495052,13.331027,35
10502,52.496382,13.330870,36
10502,52.497352,13.330834,37
10502,52.497352,13.330834,38
10502,52.499050,13.330823,39
10502,52.499725,13.330877,40
10502,52.502997,13.331341,41
10502,52.502997,13.331341,42
10502,52.505074,13.331696,43
10502,52.505416,13.331855,44
10502,52.506793,13.332848,45
10502,52.506793,13.332848,46
10502,52.509116,13.334570,47
10502,52.509737,13.335155,48
10502,52.510251,13.335785,49
10502,52.510765,13.336592,50
10502,52.512174,13.339278,51
10502,52.512751,13.340114,52
10502,52.513247,13.340656,53
10502,52.513796,13.341197,54
10502,52.514471,13.341679,55
10502,52.515128,13.342028,56
10502,52.515812,13.342230,57
10502,52.516441,13.342314,58
10502,52.517097,13.342281,59
10502,52.517887,13.342113,60
10502,52.517887,13.342113,61
10502,52.520743,13.341535,62
10502,52.523834,13.341014,63
10502,52.524499,13.341025,64
10502,52.526108,13.341368,65
10502,52.526108,13.341368,66
10502,52.526764,13.341408,67
10502,52.532174,13.341373,68
10502,52.532174,13.341373,69
10502,52.533423,13.341320,70
10502,52.533881,13.341332,71
10502,52.534493,13.341505,72
10502,52.536823,13.342654,73
10502,52.536823,13.342654,74
10502,52.537939,13.343222,75
10502,52.538434,13.343690,76
10502,52.538948,13.344350,77
10502,52.541455,13.348152,78
10502,52.541808,13.348886,79
10502,52.542332,13.350210,80
10502,52.542332,13.350210,81
10502,52.542911,13.351901,82
10502,52.543526,13.353592,83
10502,52.544177,13.355180,84
10502,52.544177,13.355195,85
10502,52.544890,13.356724,86
10502,52.545395,13.357664,87
10502,52.546369,13.359176,88
10502,52.546369,13.359176,89
10502,52.551582,13.367459,90
10502,52.551582,13.367459,91
10502,52.553233,13.370192,92
10502,52.553539,13.370559,93
10502,52.553854,13.370896,94
10502,52.554304,13.371292,95
10502,52.557166,13.373251,96
10510,52.456123,13.320754,0
10510,52.457094,13.321189,1
10510,52.457724,13.321611,2
10510,52.460661,13.324357,3
10510,52.460661,13.324357,4
10510,52.463959,13.327615,5
10510,52.464337,13.327907,6
10510,52.464580,13.328038,7
10510,52.465128,13.328270,8
10510,52.466045,13.328293,9
10510,52.466045,13.328293,10
10510,52.470081,13.328442,11
10510,52.470530,13.328513,12
10510,52.471636,13.328829,13
10510,52.472158,13.328870,14
10510,52.472158,13.328870,15
10510,52.472454,13.328853,16
10510,52.472867,13.328776,17
10510,52.473631,13.328551,18
10510,52.474071,13.328489,19
10510,52.475949,13.328623,20
10510,52.477900,13.328684,21
10510,52.477900,13.328684,22
10510,52.487323,13.330813,23
10510,52.487323,13.330813,24
10510,52.492014,13.330914,25
10510,52.492014,13.330914,26
10510,52.497352,13.330834,27
10510,52.497352,13.330834,28
10510,52.499050,13.330823,29
10510,52.499725,13.330877,30
10510,52.502997,13.331341,31
10510,52.502997,13.331341,32
10510,52.505074,13.331696,33
10510,52.505416,13.331855,34
10510,52.506793,13.332848,35
10509,52.456123,13.320754,0
10509,52.457094,13.321189,1
10509,52.457724,13.321611,2
10509,52.460661,13.324357,3
10509,52.460661,13.324357,4
10509,52.463959,13.327615,5
10509,52.464337,13.327907,6
10509,52.464580,13.328038,7
10509,52.465128,13.328270,8
10509,52.466045,13.328293,9
10509,52.466045,13.328293,10
10509,52.470081,13.328442,11
10509,52.470530,13.328513,12
10509,52.471636,13.328829,13
10509,52.472158,13.328870,14
10509,52.472158,13.328870,15
10509,52.472454,13.328853,16
10509,52.472867,13.328776,17
10509,52.473631,13.328551,18
10509,52.474071,13.328489,19
10509,52.475949,13.328623,20
10509,52.477900,13.328684,21
10509,52.477900,13.328684,22
10509,52.487323,13.330813,23
10509,52.487323,13.330813,24
10509,52.492014,13.330914,25
10509,52.492014,13.330914,26
10509,52.497352,13.330834,27
10509,52.497352,13.330834,28
10509,52.499050,13.330823,29
10509,52.499725,13.330877,30
10509,52.502997,13.331341,31
10509,52.502997,13.331341,32
10509,52.505074,13.331696,33
10509,52.505416,13.331855,34
10509,52.506793,13.332848,35
10509,52.506793,13.332848,36
10509,52.509116,13.334570,37
10509,52.509737,13.335155,38
10509,52.510251,13.335785,39
10509,52.510765,13.336592,40
10509,52.512174,13.339278,41
10509,52.512751,13.340114,42
10509,52.513247,13.340656,43
10509,52.513796,13.341197,44
10509,52.514471,13.341679,45
10509,52.515128,13.342028,46
10509,52.515812,13.342230,47
10509,52.516441,13.342314,48
10509,52.517097,13.342281,49
10509,52.517887,13.342113,50
10509,52.517887,13.342113,51
10509,52.520743,13.341535,52
10509,52.523834,13.341014,53
10509,52.524499,13.341025,54
10509,52.526108,13.341368,55
10509,52.526108,13.341368,56
10509,52.526764,13.341408,57
10509,52.532174,13.341373,58
10509,52.532174,13.341373,59
10509,52.533423,13.341320,60
10509,52.533881,13.341332,61
10509,52.534493,13.341505,62
10509,52.536823,13.342654,63
10509,52.536823,13.342654,64
10509,52.537939,13.343222,65
10509,52.538434,13.343690,66
10509,52.538948,13.344350,67
10509,52.541455,13.348152,68
10509,52.541808,13.348886,69
10509,52.542332,13.350210,70
10509,52.542332,13.350210,71
10509,52.542911,13.351901,72
10509,52.543526,13.353592,73
10509,52.544177,13.355180,74
10509,52.544177,13.355195,75
10509,52.544890,13.356724,76
10509,52.545395,13.357664,77
10509,52.546369,13.359176,78
10509,52.546369,13.359176,79
10509,52.551582,13.367459,80
10509,52.551582,13.367459,81
10509,52.553233,13.370192,82
10509,52.553539,13.370559,83
10509,52.553854,13.370896,84
10509,52.554304,13.371292,85
10509,52.557166,13.373251,86
10501,52.466045,13.328293,0
10501,52.470081,13.328442,1
10501,52.470530,13.328513,2
10501,52.471636,13.328829,3
10501,52.472158,13.328870,4
10394,52.466956,13.308805,0
10394,52.467570,13.309919,1
10394,52.468247,13.310856,2
10394,52.469373,13.312084,3
10394,52.470103,13.312844,4
10394,52.471058,13.313602,5
10394,52.471769,13.314112,6
10394,52.472030,13.314257,7
10394,52.472570,13.314430,8
10394,52.473361,13.314483,9
10394,52.473361,13.314483,10
10394,52.474511,13.314490,11
10394,52.475391,13.314248,12
10394,52.476432,13.313799,13
10394,52.478613,13.312548,14
10394,52.478954,13.312516,15
10394,52.479305,13.312616,16
10394,52.480106,13.313140,17
10394,52.480106,13.313140,18
10394,52.480673,13.313431,19
10394,52.481230,13.313515,20
10394,52.488808,13.314035,21
10394,52.489167,13.314106,22
10394,52.489527,13.314236,23
10394,52.489896,13.314469,24
10394,52.490266,13.314864,25
10394,52.490680,13.315450,26
10394,52.490680,13.315450,27
10394,52.490934,13.316023,28
10394,52.492772,13.321295,29
10394,52.494111,13.324923,30
10394,52.494111,13.324923,31
10394,52.494943,13.327111,32
10394,52.495116,13.327875,33
10394,52.495273,13.329774,34
10394,52.495356,13.330244,35
10394,52.495509,13.330641,36
10394,52.495726,13.330904,37
10394,52.496086,13.331079,38
10394,52.496428,13.331371,39
10394,52.496861,13.332089,40
10387,52.466956,13.308805,0
10387,52.467570,13.309919,1
10387,52.468247,13.310856,2
10387,52.469373,13.312084,3
10387,52.470103,13.312844,4
10387,52.471058,13.313602,5
10387,52.471769,13.314112,6
10387,52.472030,13.314257,7
10387,52.472570,13.314430,8
10387,52.473361,13.314483,9
10387,52.473361,13.314483,10
10387,52.474511,13.314490,11
10387,52.475391,13.314248,12
10387,52.476432,13.313799,13
10387,52.478613,13.312548,14
10387,52.478954,13.312516,15
10387,52.479305,13.312616,16
10387,52.480106,13.313140,17
10387,52.480106,13.313140,18
10387,52.480673,13.313431,19
10387,52.481230,13.313515,20
10387,52.488808,13.314035,21
10387,52.489167,13.314106,22
10387,52.489527,13.314236,23
10387,52.489896,13.314469,24
10387,52.490266,13.314864,25
10387,52.490680,13.315450,26
10387,52.490680,13.315450,27
10387,52.490934,13.316023,28
10387,52.492772,13.321295,29
10387,52.494111,13.324923,30
10387,52.494111,13.324923,31
10387,52.494943,13.327111,32
10387,52.495116,13.327875,33
10387,52.495273,13.329774,34
10387,52.495356,13.330244,35
10387,52.495509,13.330641,36
10387,52.495726,13.330904,37
10387,52.496086,13.331079,38
10387,52.496428,13.331371,39
10387,52.496861,13.332089,40
10387,52.496861,13.332089,41
10387,52.497844,13.333717,42
10387,52.498512,13.334537,43
10387,52.500358,13.336425,44
10387,52.500358,13.336425,45
10387,52.502467,13.338649,46
10387,52.502647,13.338972,47
10387,52.502729,13.339384,48
10387,52.502739,13.339811,49
10387,52.502704,13.340150,50
10387,52.502615,13.340430,51
10387,52.502204,13.341420,52
10387,52.501963,13.342084,53
10387,52.501713,13.342925,54
10387,52.501713,13.342925,55
10387,52.501553,13.343677,56
10387,52.501474,13.344237,57
10387,52.500354,13.349648,58
10387,52.499705,13.352509,59
10387,52.499670,13.352922,60
10387,52.499707,13.353510,61
10387,52.499934,13.354510,62
10387,52.499934,13.354510,63
10387,52.500287,13.355716,64
10387,52.500921,13.357744,65
10387,52.500976,13.358023,66
10387,52.500967,13.358362,67
10387,52.500896,13.358790,68
10387,52.500085,13.361460,69
10387,52.500085,13.361460,70
10387,52.499657,13.363067,71
10387,52.499604,13.363657,72
10387,52.499704,13.364172,73
10387,52.499913,13.364995,74
10387,52.499995,13.365510,75
10387,52.499978,13.366114,76
10387,52.499793,13.367646,77
10387,52.499705,13.368383,78
10387,52.499634,13.369134,79
10387,52.499557,13.370755,80
10387,52.499516,13.372831,81
10387,52.499455,13.373479,82
10387,52.499421,13.374216,83
10387,52.499421,13.374216,84
10387,52.499442,13.375747,85
10387,52.499319,13.377088,86
10387,52.499329,13.377456,87
10387,52.499393,13.378045,88
10387,52.499393,13.378354,89
10387,52.499297,13.379400,90
10387,52.499217,13.379886,91
10387,52.499048,13.380800,92
10387,52.499004,13.381124,93
10387,52.498987,13.381522,94
10387,52.499088,13.382729,95
10387,52.499088,13.382729,96
10387,52.499090,13.383495,97
10387,52.499055,13.383951,98
10387,52.498984,13.384555,99
10387,52.498859,13.385263,100
10387,52.498093,13.388433,101
10387,52.497870,13.389480,102
10387,52.497755,13.390334,103
10387,52.497755,13.390334,104
10387,52.497721,13.391247,105
10387,52.497795,13.392307,106
10387,52.497979,13.394147,107
10387,52.498197,13.395382,108
10387,52.498307,13.396648,109
10387,52.498369,13.405394,110
10387,52.498369,13.405394,111
10387,52.498401,13.408383,112
10387,52.498588,13.412432,113
10387,52.498510,13.413743,114
10387,52.498520,13.414420,115
10387,52.498720,13.415788,116
10387,52.498875,13.417010,117
10387,52.498931,13.418423,118
10387,52.498931,13.418423,119
10387,52.499051,13.419822,120
10387,52.499151,13.426123,121
10387,52.499254,13.428273,122
10387,52.499254,13.428273,123
10387,52.499365,13.430084,124
10387,52.499295,13.431321,125
10387,52.500740,13.441195,126
10387,52.500740,13.441195,127
10387,52.500956,13.441916,128
10387,52.501056,13.442328,129
10387,52.501075,13.442711,130
10387,52.500870,13.444037,131
10387,52.500870,13.444361,132
10387,52.500925,13.444655,133
10387,52.501069,13.445023,134
10387,52.502852,13.447327,135
10387,52.503761,13.448045,136
10387,52.503914,13.448089,137
10387,52.504840,13.448807,138
10373,52.467010,13.308731,0
10373,52.466549,13.307866,1
10373,52.466143,13.307089,2
10373,52.465907,13.306355,3
10373,52.465752,13.305620,4
10373,52.465241,13.299430,5
10373,52.465067,13.298445,6
10373,52.464695,13.297182,7
10373,52.464071,13.295451,8
10373,52.464071,13.295451,9
10373,52.463627,13.294351,10
10373,52.463392,13.293838,11
10373,52.463184,13.293501,12
10373,52.462959,13.293149,13
10373,52.462706,13.292842,14
10373,52.462499,13.292608,15
10373,52.462247,13.292390,16
10373,52.461904,13.292157,17
10373,52.461697,13.292026,18
10373,52.458890,13.290826,19
10373,52.458593,13.290667,20
10373,52.458278,13.290434,21
10373,52.457170,13.289368,22
10373,52.457170,13.289368,23
10373,52.456557,13.288814,24
10373,52.456386,13.288712,25
10373,52.453061,13.285737,26
10373,52.452854,13.285503,27
10373,52.452646,13.285181,28
10373,52.452412,13.284815,29
10373,52.452185,13.284346,30
10373,52.451679,13.283159,31
10373,52.451425,13.282455,32
10373,52.451045,13.281575,33
10373,52.451045,13.281575,34
10373,52.450692,13.280769,35
10373,52.450421,13.280138,36
10373,52.450203,13.279419,37
10373,52.450057,13.278803,38
10373,52.449975,13.278289,39
10373,52.449901,13.277671,40
10373,52.449882,13.277127,41
10373,52.449898,13.276627,42
10373,52.450285,13.270740,43
10373,52.450381,13.269916,44
10373,52.450459,13.268812,45
10373,52.450459,13.268812,46
10373,52.450502,13.268032,47
10373,52.450499,13.267282,48
10373,52.450886,13.261395,49
10373,52.450910,13.260498,50
10373,52.450898,13.259527,51
10373,52.450859,13.258601,52
10373,52.450793,13.257748,53
10373,52.450701,13.256881,54
10373,52.450599,13.256058,55
10373,52.450462,13.255236,56
10373,52.450316,13.254354,57
10373,52.449925,13.253019,58
10373,52.449925,13.253019,59
10373,52.449508,13.251787,60
10373,52.449227,13.251098,61
10373,52.448783,13.250146,62
10373,52.448196,13.248945,63
10373,52.447599,13.247891,64
10373,52.447147,13.247130,65
10373,52.446100,13.245610,66
10373,52.445215,13.244264,67
10373,52.443850,13.241952,68
10373,52.443480,13.241411,69
10487,52.467716,13.431240,0
10487,52.469440,13.430246,1
10487,52.473426,13.428168,2
10487,52.473426,13.428168,3
10487,52.475285,13.427218,4
10487,52.478078,13.425998,5
10487,52.480197,13.425312,6
10487,52.480197,13.425312,7
10487,52.481293,13.424968,8
10487,52.482093,13.424817,9
10487,52.483620,13.424781,10
10487,52.483935,13.424706,11
10487,52.484509,13.424424,12
10487,52.485021,13.424303,13
10487,52.485614,13.424242,14
10487,52.485992,13.424314,15
10487,52.486442,13.424488,16
10487,52.486442,13.424488,17
10487,52.487764,13.425262,18
10487,52.488267,13.425187,19
10487,52.493509,13.421835,20
10487,52.493509,13.421835,21
10487,52.495045,13.420900,22
10487,52.495566,13.420780,23
10487,52.495925,13.420646,24
10487,52.496329,13.420306,25
10487,52.496723,13.419803,26
10487,52.497172,13.419403,27
10487,52.498608,13.418616,28
10487,52.498976,13.418055,29
10487,52.498976,13.418055,30
10487,52.499343,13.417405,31
10487,52.499531,13.416963,32
10487,52.501371,13.410504,33
10487,52.501630,13.410046,34
10487,52.501882,13.409839,35
10487,52.502070,13.409779,36
10487,52.502304,13.409763,37
10487,52.502538,13.409865,38
10487,52.503618,13.410758,39
10487,52.503618,13.410758,40
10487,52.510097,13.415822,41
10487,52.510097,13.415822,42
10487,52.511033,13.416569,43
10487,52.513021,13.417532,44
10487,52.515026,13.418185,45
10487,52.515583,13.418241,46
10487,52.515583,13.418241,47
10487,52.515961,13.418240,48
10487,52.516293,13.418209,49
10487,52.516607,13.417957,50
10487,52.516840,13.417617,51
10487,52.517386,13.416377,52
10487,52.517664,13.415978,53
10487,52.517969,13.415726,54
10487,52.518661,13.415413,55
10487,52.519047,13.415176,56
10487,52.519343,13.414894,57
10487,52.519746,13.414362,58
10487,52.520123,13.413830,59
10487,52.521010,13.412765,60
10487,52.521010,13.412765,61
10487,52.521862,13.411553,62
10487,52.522068,13.411213,63
10487,52.522274,13.410667,64
10487,52.522488,13.410076,65
10487,52.522703,13.409707,66
10487,52.522937,13.409514,67
10487,52.523655,13.409275,68
10487,52.523844,13.409200,69
10487,52.524023,13.409067,70
10487,52.524211,13.408786,71
10487,52.524372,13.408402,72
10487,52.524721,13.407443,73
10487,52.524900,13.406764,74
10487,52.525007,13.406263,75
10487,52.525132,13.405835,76
10487,52.525463,13.405096,77
10487,52.525463,13.405096,78
10487,52.525964,13.404033,79
10487,52.526188,13.403708,80
10487,52.526439,13.403559,81
10487,52.527131,13.403349,82
10487,52.527391,13.403201,83
10487,52.527723,13.402978,84
10487,52.530370,13.400798,85
10487,52.530370,13.400798,86
10487,52.532200,13.399212,87
10487,52.532515,13.399034,88
10487,52.532811,13.398885,89
10487,52.536196,13.397615,90
10487,52.536636,13.397318,91
10487,52.537300,13.396798,92
10487,52.537300,13.396798,93
10487,52.542163,13.393014,94
10487,52.542163,13.393014,95
10487,52.544003,13.391648,96
10487,52.544496,13.391130,97
10487,52.545079,13.390272,98
10487,52.545428,13.389872,99
10487,52.545922,13.389574,100
10487,52.546335,13.389469,101
10487,52.547144,13.389494,102
10487,52.547342,13.389449,103
10487,52.547710,13.389344,104
10487,52.548033,13.389180,105
10487,52.548365,13.388898,106
10487,52.548750,13.388409,107
10486,52.467716,13.431240,0
10486,52.469440,13.430246,1
10486,52.473426,13.428168,2
10486,52.473426,13.428168,3
10486,52.475285,13.427218,4
10486,52.478078,13.425998,5
10486,52.480197,13.425312,6
10486,52.480197,13.425312,7
10486,52.481293,13.424968,8
10486,52.482093,13.424817,9
10486,52.483620,13.424781,10
10486,52.483935,13.424706,11
10486,52.484509,13.424424,12
10486,52.485021,13.424303,13
10486,52.485614,13.424242,14
10486,52.485992,13.424314,15
10486,52.486442,13.424488,16
10486,52.486442,13.424488,17
10486,52.487764,13.425262,18
10486,52.488267,13.425187,19
10486,52.493509,13.421835,20
10486,52.493509,13.421835,21
10486,52.495045,13.420900,22
10486,52.495566,13.420780,23
10486,52.495925,13.420646,24
10486,52.496329,13.420306,25
10486,52.496723,13.419803,26
10486,52.497172,13.419403,27
10486,52.498608,13.418616,28
10486,52.498976,13.418055,29
10486,52.498976,13.418055,30
10486,52.499343,13.417405,31
10486,52.499531,13.416963,32
10486,52.501371,13.410504,33
10486,52.501630,13.410046,34
10486,52.501882,13.409839,35
10486,52.502070,13.409779,36
10486,52.502304,13.409763,37
10486,52.502538,13.409865,38
10486,52.503618,13.410758,39
10486,52.503618,13.410758,40
10486,52.510097,13.415822,41
10486,52.510097,13.415822,42
10486,52.511033,13.416569,43
10486,52.513021,13.417532,44
10486,52.515026,13.418185,45
10486,52.515583,13.418241,46
10486,52.515583,13.418241,47
10486,52.515961,13.418240,48
10486,52.516293,13.418209,49
10486,52.516607,13.417957,50
10486,52.516840,13.417617,51
10486,52.517386,13.416377,52
10486,52.517664,13.415978,53
10486,52.517969,13.415726,54
10486,52.518661,13.415413,55
10486,52.519047,13.415176,56
10486,52.519343,13.414894,57
10486,52.519746,13.414362,58
10486,52.520123,13.413830,59
10486,52.521010,13.412765,60
10486,52.521010,13.412765,61
10486,52.521862,13.411553,62
10486,52.522068,13.411213,63
10486,52.522274,13.410667,64
10486,52.522488,13.410076,65
10486,52.522703,13.409707,66
10486,52.522937,13.409514,67
10486,52.523655,13.409275,68
10486,52.523844,13.409200,69
10486,52.524023,13.409067,70
10486,52.524211,13.408786,71
10486,52.524372,13.408402,72
10486,52.524721,13.407443,73
10486,52.524900,13.406764,74
10486,52.525007,13.406263,75
10486,52.525132,13.405835,76
10486,52.525463,13.405096,77
10486,52.525463,13.405096,78
10486,52.525964,13.404033,79
10486,52.526188,13.403708,80
10486,52.526439,13.403559,81
10486,52.527131,13.403349,82
10486,52.527391,13.403201,83
10486,52.527723,13.402978,84
10486,52.530370,13.400798,85
10486,52.530370,13.400798,86
10486,52.532200,13.399212,87
10486,52.532515,13.399034,88
10486,52.532811,13.398885,89
10486,52.536196,13.397615,90
10486,52.536636,13.397318,91
10486,52.537300,13.396798,92
10486,52.537300,13.396798,93
10486,52.542163,13.393014,94
10486,52.542163,13.393014,95
10486,52.544003,13.391648,96
10486,52.544496,13.391130,97
10486,52.545079,13.390272,98
10486,52.545428,13.389872,99
10486,52.545922,13.389574,100
10486,52.546335,13.389469,101
10486,52.547144,13.389494,102
10486,52.547342,13.389449,103
10486,52.547710,13.389344,104
10486,52.548033,13.389180,105
10486,52.548365,13.388898,106
10486,52.548750,13.388409,107
10486,52.548750,13.388409,108
10486,52.549019,13.388025,109
10486,52.549279,13.387581,110
10486,52.549485,13.387049,111
10486,52.549771,13.386281,112
10486,52.550030,13.385734,113
10486,52.551553,13.383175,114
10486,52.551857,13.382540,115
10486,52.552259,13.381535,116
10486,52.552259,13.381535,117
10486,52.552599,13.380693,118
10486,52.553089,13.378847,119
10486,52.553393,13.378020,120
10486,52.553733,13.377354,121
10486,52.554109,13.376836,122
10486,52.557140,13.373369,123
10485,52.467716,13.431240,0
10485,52.469440,13.430246,1
10485,52.473426,13.428168,2
10485,52.473426,13.428168,3
10485,52.475285,13.427218,4
10485,52.478078,13.425998,5
10485,52.480197,13.425312,6
10485,52.480197,13.425312,7
10485,52.481293,13.424968,8
10485,52.482093,13.424817,9
10485,52.483620,13.424781,10
10485,52.483935,13.424706,11
10485,52.484509,13.424424,12
10485,52.485021,13.424303,13
10485,52.485614,13.424242,14
10485,52.485992,13.424314,15
10485,52.486442,13.424488,16
10485,52.486442,13.424488,17
10485,52.487764,13.425262,18
10485,52.488267,13.425187,19
10485,52.493509,13.421835,20
10485,52.493509,13.421835,21
10485,52.495045,13.420900,22
10485,52.495566,13.420780,23
10485,52.495925,13.420646,24
10485,52.496329,13.420306,25
10485,52.496723,13.419803,26
10485,52.497172,13.419403,27
10485,52.498608,13.418616,28
10485,52.498976,13.418055,29
10485,52.498976,13.418055,30
10485,52.499343,13.417405,31
10485,52.499531,13.416963,32
10485,52.501371,13.410504,33
10485,52.501630,13.410046,34
10485,52.501882,13.409839,35
10485,52.502070,13.409779,36
10485,52.502304,13.409763,37
10485,52.502538,13.409865,38
10485,52.503618,13.410758,39
10485,52.503618,13.410758,40
10485,52.510097,13.415822,41
10485,52.510097,13.415822,42
10485,52.511033,13.416569,43
10485,52.513021,13.417532,44
10485,52.515026,13.418185,45
10485,52.515583,13.418241,46
10485,52.515583,13.418241,47
10485,52.515961,13.418240,48
10485,52.516293,13.418209,49
10485,52.516607,13.417957,50
10485,52.516840,13.417617,51
10485,52.517386,13.416377,52
10485,52.517664,13.415978,53
10485,52.517969,13.415726,54
10485,52.518661,13.415413,55
10485,52.519047,13.415176,56
10485,52.519343,13.414894,57
10485,52.519746,13.414362,58
10485,52.520123,13.413830,59
10485,52.521010,13.412765,60
10485,52.521010,13.412765,61
10485,52.521862,13.411553,62
10485,52.522068,13.411213,63
10485,52.522274,13.410667,64
10485,52.522488,13.410076,65
10485,52.522703,13.409707,66
10485,52.522937,13.409514,67
10485,52.523655,13.409275,68
10485,52.523844,13.409200,69
10485,52.524023,13.409067,70
10485,52.524211,13.408786,71
10485,52.524372,13.408402,72
10485,52.524721,13.407443,73
10485,52.524900,13.406764,74
10485,52.525007,13.406263,75
10485,52.525132,13.405835,76
10485,52.525463,13.405096,77
10485,52.525463,13.405096,78
10485,52.525964,13.404033,79
10485,52.526188,13.403708,80
10485,52.526439,13.403559,81
10485,52.527131,13.403349,82
10485,52.527391,13.403201,83
10485,52.527723,13.402978,84
10485,52.530370,13.400798,85
10485,52.530370,13.400798,86
10485,52.532200,13.399212,87
10485,52.532515,13.399034,88
10485,52.532811,13.398885,89
10485,52.536196,13.397615,90
10485,52.536636,13.397318,91
10485,52.537300,13.396798,92
10485,52.537300,13.396798,93
10485,52.542163,13.393014,94
10485,52.542163,13.393014,95
10485,52.544003,13.391648,96
10485,52.544496,13.391130,97
10485,52.545079,13.390272,98
10485,52.545428,13.389872,99
10485,52.545922,13.389574,100
10485,52.546335,13.389469,101
10485,52.547144,13.389494,102
10485,52.547342,13.389449,103
10485,52.547710,13.389344,104
10485,52.548033,13.389180,105
10485,52.548365,13.388898,106
10485,52.548750,13.388409,107
10485,52.548750,13.388409,108
10485,52.549019,13.388025,109
10485,52.549279,13.387581,110
10485,52.549485,13.387049,111
10485,52.549771,13.386281,112
10485,52.550030,13.385734,113
10485,52.551553,13.383175,114
10485,52.551857,13.382540,115
10485,52.552259,13.381535,116
10485,52.552259,13.381535,117
10485,52.552599,13.380693,118
10485,52.553089,13.378847,119
10485,52.553393,13.378020,120
10485,52.553733,13.377354,121
10485,52.554109,13.376836,122
10485,52.557140,13.373369,123
10485,52.557140,13.373369,124
10485,52.563466,13.364942,125
10485,52.564013,13.364348,126
10485,52.564353,13.364081,127
10485,52.564623,13.363932,128
10485,52.564623,13.363932,129
10485,52.571058,13.360501,130
10485,52.571058,13.360501,131
10485,52.571723,13.360158,132
10485,52.572144,13.359846,133
10485,52.572539,13.359430,134
10485,52.572843,13.358942,135
10485,52.573147,13.358291,136
10485,52.573353,13.357640,137
10485,52.573512,13.356769,138
10485,52.573617,13.355574,139
10485,52.573931,13.351309,140
10485,52.574195,13.349021,141
10482,52.467716,13.431240,0
10482,52.469440,13.430246,1
10482,52.473426,13.428168,2
10482,52.473426,13.428168,3
10482,52.475285,13.427218,4
10482,52.478078,13.425998,5
10482,52.480197,13.425312,6
10482,52.480197,13.425312,7
10482,52.481293,13.424968,8
10482,52.482093,13.424817,9
10482,52.483620,13.424781,10
10482,52.483935,13.424706,11
10482,52.484509,13.424424,12
10482,52.485021,13.424303,13
10482,52.485614,13.424242,14
10482,52.485992,13.424314,15
10482,52.486442,13.424488,16
10482,52.486442,13.424488,17
10482,52.487764,13.425262,18
10482,52.488267,13.425187,19
10482,52.493509,13.421835,20
10482,52.493509,13.421835,21
10482,52.495045,13.420900,22
10482,52.495566,13.420780,23
10482,52.495925,13.420646,24
10482,52.496329,13.420306,25
10482,52.496723,13.419803,26
10482,52.497172,13.419403,27
10482,52.498608,13.418616,28
10482,52.498976,13.418055,29
10482,52.498976,13.418055,30
10482,52.499343,13.417405,31
10482,52.499531,13.416963,32
10482,52.501371,13.410504,33
10482,52.501630,13.410046,34
10482,52.501882,13.409839,35
10482,52.502070,13.409779,36
10482,52.502304,13.409763,37
10482,52.502538,13.409865,38
10482,52.503618,13.410758,39
10482,52.503618,13.410758,40
10482,52.510097,13.415822,41
10482,52.510097,13.415822,42
10482,52.511033,13.416569,43
10482,52.513021,13.417532,44
10482,52.515026,13.418185,45
10482,52.515583,13.418241,46
10482,52.515583,13.418241,47
10482,52.515961,13.418240,48
10482,52.516293,13.418209,49
10482,52.516607,13.417957,50
10482,52.516840,13.417617,51
10482,52.517386,13.416377,52
10482,52.517664,13.415978,53
10482,52.517969,13.415726,54
10482,52.518661,13.415413,55
10482,52.519047,13.415176,56
10482,52.519343,13.414894,57
10482,52.519746,13.414362,58
10482,52.520123,13.413830,59
10482,52.521010,13.412765,60
10482,52.521010,13.412765,61
10482,52.521862,13.411553,62
10482,52.522068,13.411213,63
10482,52.522274,13.410667,64
10482,52.522488,13.410076,65
10482,52.522703,13.409707,66
10482,52.522937,13.409514,67
10482,52.523655,13.409275,68
10482,52.523844,13.409200,69
10482,52.524023,13.409067,70
10482,52.524211,13.408786,71
10482,52.524372,13.408402,72
10482,52.524721,13.407443,73
10482,52.524900,13.406764,74
10482,52.525007,13.406263,75
10482,52.525132,13.405835,76
10482,52.525463,13.405096,77
10482,52.525463,13.405096,78
10482,52.525964,13.404033,79
10482,52.526188,13.403708,80
10482,52.526439,13.403559,81
10482,52.527131,13.403349,82
10482,52.527391,13.403201,83
10482,52.527723,13.402978,84
10482,52.530370,13.400798,85
10482,52.530370,13.400798,86
10482,52.532200,13.399212,87
10482,52.532515,13.399034,88
10482,52.532811,13.398885,89
10482,52.536196,13.397615,90
10482,52.536636,13.397318,91
10482,52.537300,13.396798,92
10482,52.537300,13.396798,93
10482,52.542163,13.393014,94
10482,52.542163,13.393014,95
10482,52.544003,13.391648,96
10482,52.544496,13.391130,97
10482,52.545079,13.390272,98
10482,52.545428,13.389872,99
10482,52.545922,13.389574,100
10482,52.546335,13.389469,101
10482,52.547144,13.389494,102
10482,52.547342,13.389449,103
10482,52.547710,13.389344,104
10482,52.548033,13.389180,105
10482,52.548365,13.388898,106
10482,52.548750,13.388409,107
10482,52.548750,13.388409,108
10482,52.549019,13.388025,109
10482,52.549279,13.387581,110
10482,52.549485,13.387049,111
10482,52.549771,13.386281,112
10482,52.550030,13.385734,113
10482,52.551553,13.383175,114
10482,52.551857,13.382540,115
10482,52.552259,13.381535,116
10482,52.552259,13.381535,117
10482,52.552599,13.380693,118
10482,52.553089,13.378847,119
10482,52.553393,13.378020,120
10482,52.553733,13.377354,121
10482,52.554109,13.376836,122
10482,52.557140,13.373369,123
10482,52.557140,13.373369,124
10482,52.563466,13.364942,125
10482,52.564013,13.364348,126
10482,52.564353,13.364081,127
10482,52.564623,13.363932,128
10482,52.564623,13.363932,129
10482,52.571058,13.360501,130
10482,52.571058,13.360501,131
10482,52.571723,13.360158,132
10482,52.572144,13.359846,133
10482,52.572539,13.359430,134
10482,52.572843,13.358942,135
10482,52.573147,13.358291,136
10482,52.573353,13.357640,137
10482,52.573512,13.356769,138
10482,52.573617,13.355574,139
10482,52.573931,13.351309,140
10482,52.574195,13.349021,141
10482,52.574195,13.349021,142
10482,52.574885,13.344061,143
10482,52.575140,13.341876,144
10482,52.575245,13.340828,145
10482,52.575331,13.339205,146
10482,52.575331,13.339205,147
10482,52.575499,13.337965,148
10482,52.575668,13.337123,149
10482,52.575944,13.336324,150
10482,52.576177,13.335762,151
10482,52.576508,13.335185,152
10482,52.576893,13.334681,153
10482,52.577189,13.334384,154
10482,52.577467,13.334161,155
10482,52.578247,13.333683,156
10482,52.578840,13.333399,157
10482,52.578840,13.333399,158
10482,52.582376,13.331826,159
10482,52.583193,13.331349,160
10482,52.583911,13.330783,161
10482,52.584457,13.330278,162
10482,52.584870,13.329774,163
10482,52.585416,13.329047,164
10482,52.586804,13.326987,165
10482,52.587198,13.326556,166
10482,52.587646,13.326228,167
10482,52.588454,13.325780,168
10482,52.588454,13.325780,169
10482,52.589002,13.325585,170
10482,52.589568,13.325478,171
10482,52.590206,13.325532,172
10482,52.590781,13.325735,173
10482,52.591349,13.326085,174
10482,52.592105,13.326641,175
10482,52.592663,13.327153,176
10482,52.593213,13.327799,177
10482,52.593556,13.328313,178
10482,52.593854,13.328916,179
10482,52.594468,13.330270,180
10482,52.595038,13.331800,181
10482,52.595238,13.332448,182
10482,52.595383,13.333112,183
10482,52.595474,13.333716,184
10482,52.595548,13.334394,185
10437,52.469735,13.385672,0
10437,52.470984,13.385666,1
10437,52.471496,13.385795,2
10437,52.472189,13.386115,3
10437,52.472647,13.386216,4
10437,52.478246,13.386318,5
10437,52.478246,13.386318,6
10437,52.482623,13.386397,7
10437,52.483189,13.386320,8
10437,52.483970,13.386066,9
10437,52.484258,13.385990,10
10437,52.485875,13.385937,11
10437,52.485875,13.385937,12
10437,52.486954,13.385917,13
10437,52.488113,13.386043,14
10437,52.489596,13.386270,15
10437,52.490280,13.386458,16
10437,52.491998,13.387155,17
10437,52.494481,13.388924,18
10437,52.494481,13.388924,19
10437,52.495526,13.389875,20
10437,52.496850,13.391296,21
10437,52.497102,13.391471,22
10437,52.498351,13.391803,23
10437,52.498980,13.391785,24
10437,52.498980,13.391785,25
10437,52.499645,13.391708,26
10437,52.506042,13.390643,27
10437,52.506042,13.390643,28
10437,52.510264,13.389958,29
10437,52.510264,13.389958,30
10437,52.516454,13.388952,31
10437,52.516454,13.388952,32
10437,52.520218,13.388343,33
10437,52.520218,13.388343,34
10437,52.525545,13.387415,35
10437,52.525545,13.387415,36
10437,52.526605,13.387247,37
10437,52.526946,13.387172,38
10437,52.527171,13.387112,39
10437,52.527413,13.386948,40
10437,52.527709,13.386681,41
10437,52.531393,13.382093,42
10437,52.531393,13.382093,43
10437,52.535588,13.376838,44
10437,52.535588,13.376838,45
10437,52.536296,13.375994,46
10437,52.540130,13.370180,47
10437,52.540130,13.370180,48
10437,52.540497,13.369632,49
10437,52.543102,13.365063,50
10437,52.543102,13.365063,51
10437,52.546414,13.359161,52
10437,52.546414,13.359161,53
10437,52.549807,13.353214,54
10437,52.549807,13.353214,55
10437,52.556626,13.341111,56
10437,52.556626,13.341111,57
10437,52.560214,13.334762,58
10437,52.560214,13.334762,59
10437,52.561824,13.331787,60
10437,52.562083,13.331269,61
10437,52.562298,13.330722,62
10437,52.562476,13.330087,63
10437,52.563286,13.327029,64
10432,52.469743,13.385569,0
10432,52.468647,13.385649,1
10432,52.465358,13.385593,2
10432,52.465358,13.385593,3
10432,52.464181,13.385570,4
10432,52.463758,13.385528,5
10432,52.463345,13.385457,6
10432,52.460081,13.384607,7
10432,52.460081,13.384607,8
10432,52.457240,13.383960,9
10432,52.456772,13.383904,10
10432,52.456188,13.383907,11
10432,52.455398,13.384044,12
10432,52.453861,13.384347,13
10432,52.453861,13.384347,14
10432,52.452882,13.384514,15
10432,52.451984,13.384578,16
10432,52.446315,13.385609,17
10432,52.446315,13.385609,18
10432,52.443261,13.386229,19
10432,52.442722,13.386379,20
10432,52.439911,13.387394,21
10505,52.472157,13.328722,0
10505,52.477899,13.328316,1
10505,52.477899,13.328316,2
10505,52.487324,13.331181,3
10505,52.487324,13.331181,4
10505,52.492015,13.331106,5
10505,52.495052,13.331027,6
10505,52.496382,13.330870,7
10505,52.497352,13.330834,8
10505,52.497352,13.330834,9
10505,52.499050,13.330823,10
10505,52.499725,13.330877,11
10505,52.502997,13.331341,12
10505,52.502997,13.331341,13
10505,52.505074,13.331696,14
10505,52.505416,13.331855,15
10505,52.506793,13.332848,16
10504,52.472157,13.328722,0
10504,52.477899,13.328316,1
10504,52.477899,13.328316,2
10504,52.487324,13.331181,3
10504,52.487324,13.331181,4
10504,52.492015,13.331106,5
10504,52.495052,13.331027,6
10504,52.496382,13.330870,7
10504,52.497352,13.330834,8
10504,52.497352,13.330834,9
10504,52.499050,13.330823,10
10504,52.499725,13.330877,11
10504,52.502997,13.331341,12
10504,52.502997,13.331341,13
10504,52.505074,13.331696,14
10504,52.505416,13.331855,15
10504,52.506793,13.332848,16
10504,52.506793,13.332848,17
10504,52.509116,13.334570,18
10504,52.509737,13.335155,19
10504,52.510251,13.335785,20
10504,52.510765,13.336592,21
10504,52.512174,13.339278,22
10504,52.512751,13.340114,23
10504,52.513247,13.340656,24
10504,52.513796,13.341197,25
10504,52.514471,13.341679,26
10504,52.515128,13.342028,27
10504,52.515812,13.342230,28
10504,52.516441,13.342314,29
10504,52.517097,13.342281,30
10504,52.517887,13.342113,31
10504,52.517887,13.342113,32
10504,52.520743,13.341535,33
10504,52.523834,13.341014,34
10504,52.524499,13.341025,35
10504,52.526108,13.341368,36
10504,52.526108,13.341368,37
10504,52.526764,13.341408,38
10504,52.532174,13.341373,39
10504,52.532174,13.341373,40
10504,52.533423,13.341320,41
10504,52.533881,13.341332,42
10504,52.534493,13.341505,43
10504,52.536823,13.342654,44
10504,52.536823,13.342654,45
10504,52.537939,13.343222,46
10504,52.538434,13.343690,47
10504,52.538948,13.344350,48
10504,52.541455,13.348152,49
10504,52.541808,13.348886,50
10504,52.542332,13.350210,51
10504,52.542332,13.350210,52
10504,52.542911,13.351901,53
10504,52.543526,13.353592,54
10504,52.544177,13.355180,55
10504,52.544177,13.355195,56
10504,52.544890,13.356724,57
10504,52.545395,13.357664,58
10504,52.546369,13.359176,59
10504,52.546369,13.359176,60
10504,52.551582,13.367459,61
10504,52.551582,13.367459,62
10504,52.553233,13.370192,63
10504,52.553539,13.370559,64
10504,52.553854,13.370896,65
10504,52.554304,13.371292,66
10504,52.557166,13.373251,67
10496,52.472158,13.328870,0
10496,52.466045,13.328293,1
10508,52.477900,13.328684,0
10508,52.479931,13.328729,1
10508,52.480245,13.328756,2
10508,52.480479,13.328828,3
10508,52.480758,13.328959,4
10508,52.481073,13.329148,5
10508,52.483729,13.331014,6
10508,52.484071,13.331174,7
10508,52.484439,13.331245,8
10508,52.484718,13.331273,9
10508,52.487324,13.331181,10
10508,52.487324,13.331181,11
10508,52.492015,13.331106,12
10508,52.495052,13.331027,13
10508,52.496382,13.330870,14
10508,52.497352,13.330834,15
10508,52.497352,13.330834,16
10508,52.499050,13.330823,17
10508,52.499725,13.330877,18
10508,52.502997,13.331341,19
10508,52.502997,13.331341,20
10508,52.505074,13.331696,21
10508,52.505416,13.331855,22
10508,52.506793,13.332848,23
10507,52.477900,13.328684,0
10507,52.479931,13.328729,1
10507,52.480245,13.328756,2
10507,52.480479,13.328828,3
10507,52.480758,13.328959,4
10507,52.481073,13.329148,5
10507,52.483729,13.331014,6
10507,52.484071,13.331174,7
10507,52.484439,13.331245,8
10507,52.484718,13.331273,9
10507,52.487324,13.331181,10
10507,52.487324,13.331181,11
10507,52.492015,13.331106,12
10507,52.495052,13.331027,13
10507,52.496382,13.330870,14
10507,52.497352,13.330834,15
10507,52.497352,13.330834,16
10507,52.499050,13.330823,17
10507,52.499725,13.330877,18
10507,52.502997,13.331341,19
10507,52.502997,13.331341,20
10507,52.505074,13.331696,21
10507,52.505416,13.331855,22
10507,52.506793,13.332848,23
10507,52.506793,13.332848,24
10507,52.509116,13.334570,25
10507,52.509737,13.335155,26
10507,52.510251,13.335785,27
10507,52.510765,13.336592,28
10507,52.512174,13.339278,29
10507,52.512751,13.340114,30
10507,52.513247,13.340656,31
10507,52.513796,13.341197,32
10507,52.514471,13.341679,33
10507,52.515128,13.342028,34
10507,52.515812,13.342230,35
10507,52.516441,13.342314,36
10507,52.517097,13.342281,37
10507,52.517887,13.342113,38
10507,52.517887,13.342113,39
10507,52.520743,13.341535,40
10507,52.523834,13.341014,41
10507,52.524499,13.341025,42
10507,52.526108,13.341368,43
10507,52.526108,13.341368,44
10507,52.526764,13.341408,45
10507,52.532174,13.341373,46
10507,52.532174,13.341373,47
10507,52.533423,13.341320,48
10507,52.533881,13.341332,49
10507,52.534493,13.341505,50
10507,52.536823,13.342654,51
10507,52.536823,13.342654,52
10507,52.537939,13.343222,53
10507,52.538434,13.343690,54
10507,52.538948,13.344350,55
10507,52.541455,13.348152,56
10507,52.541808,13.348886,57
10507,52.542332,13.350210,58
10507,52.542332,13.350210,59
10507,52.542911,13.351901,60
10507,52.543526,13.353592,61
10507,52.544177,13.355180,62
10507,52.544177,13.355195,63
10507,52.544890,13.356724,64
10507,52.545395,13.357664,65
10507,52.546369,13.359176,66
10506,52.477900,13.328684,0
10506,52.479931,13.328729,1
10506,52.480245,13.328756,2
10506,52.480479,13.328828,3
10506,52.480758,13.328959,4
10506,52.481073,13.329148,5
10506,52.483729,13.331014,6
10506,52.484071,13.331174,7
10506,52.484439,13.331245,8
10506,52.484718,13.331273,9
10506,52.487324,13.331181,10
10506,52.487324,13.331181,11
10506,52.492015,13.331106,12
10506,52.495052,13.331027,13
10506,52.496382,13.330870,14
10506,52.497352,13.330834,15
10506,52.497352,13.330834,16
10506,52.499050,13.330823,17
10506,52.499725,13.330877,18
10506,52.502997,13.331341,19
10506,52.502997,13.331341,20
10506,52.505074,13.331696,21
10506,52.505416,13.331855,22
10506,52.506793,13.332848,23
10506,52.506793,13.332848,24
10506,52.509116,13.334570,25
10506,52.509737,13.335155,26
10506,52.510251,13.335785,27
10506,52.510765,13.336592,28
10506,52.512174,13.339278,29
10506,52.512751,13.340114,30
10506,52.513247,13.340656,31
10506,52.513796,13.341197,32
10506,52.514471,13.341679,33
10506,52.515128,13.342028,34
10506,52.515812,13.342230,35
10506,52.516441,13.342314,36
10506,52.517097,13.342281,37
10506,52.517887,13.342113,38
10506,52.517887,13.342113,39
10506,52.520743,13.341535,40
10506,52.523834,13.341014,41
10506,52.524499,13.341025,42
10506,52.526108,13.341368,43
10506,52.526108,13.341368,44
10506,52.526764,13.341408,45
10506,52.532174,13.341373,46
10506,52.532174,13.341373,47
10506,52.533423,13.341320,48
10506,52.533881,13.341332,49
10506,52.534493,13.341505,50
10506,52.536823,13.342654,51
10506,52.536823,13.342654,52
10506,52.537939,13.343222,53
10506,52.538434,13.343690,54
10506,52.538948,13.344350,55
10506,52.541455,13.348152,56
10506,52.541808,13.348886,57
10506,52.542332,13.350210,58
10506,52.542332,13.350210,59
10506,52.542911,13.351901,60
10506,52.543526,13.353592,61
10506,52.544177,13.355180,62
10506,52.544177,13.355195,63
10506,52.544890,13.356724,64
10506,52.545395,13.357664,65
10506,52.546369,13.359176,66
10506,52.546369,13.359176,67
10506,52.551582,13.367459,68
10506,52.551582,13.367459,69
10506,52.553233,13.370192,70
10506,52.553539,13.370559,71
10506,52.553854,13.370896,72
10506,52.554304,13.371292,73
10506,52.557166,13.373251,74
10398,52.479257,13.343584,0
10398,52.480693,13.342942,1
10398,52.483028,13.342118,2
10398,52.483028,13.342118,3
10398,52.487867,13.340305,4
10398,52.488461,13.340286,5
10398,52.489198,13.340341,6
10398,52.489198,13.340341,7
10398,52.489557,13.340397,8
10398,52.489800,13.340543,9
10398,52.490043,13.340791,10
10398,52.490413,13.341407,11
10398,52.490648,13.341715,12
10398,52.490909,13.341890,13
10398,52.491233,13.342020,14
10398,52.494099,13.341840,15
10398,52.495186,13.341892,16
10398,52.495564,13.342066,17
10398,52.495826,13.342403,18
10398,52.496015,13.342829,19
10398,52.496206,13.343402,20
10398,52.496206,13.343402,21
10398,52.499491,13.353497,22
10398,52.499618,13.353805,23
10398,52.499744,13.354114,24
10398,52.499844,13.354570,25
10436,52.485875,13.385937,0
10436,52.486954,13.385917,1
10436,52.488113,13.386043,2
10436,52.489596,13.386270,3
10436,52.490280,13.386458,4
10436,52.491998,13.387155,5
10436,52.494481,13.388924,6
10436,52.494481,13.388924,7
10436,52.495526,13.389875,8
10436,52.496850,13.391296,9
10436,52.497102,13.391471,10
10436,52.498351,13.391803,11
10436,52.498980,13.391785,12
10436,52.498980,13.391785,13
10436,52.499645,13.391708,14
10436,52.506042,13.390643,15
10436,52.506042,13.390643,16
10436,52.510264,13.389958,17
10436,52.510264,13.389958,18
10436,52.516454,13.388952,19
10436,52.516454,13.388952,20
10436,52.520218,13.388343,21
10436,52.520218,13.388343,22
10436,52.525545,13.387415,23
10436,52.525545,13.387415,24
10436,52.526605,13.387247,25
10436,52.526946,13.387172,26
10436,52.527171,13.387112,27
10436,52.527413,13.386948,28
10436,52.527709,13.386681,29
10436,52.531393,13.382093,30
10436,52.531393,13.382093,31
10436,52.535588,13.376838,32
10436,52.535588,13.376838,33
10436,52.536296,13.375994,34
10436,52.540130,13.370180,35
10436,52.540130,13.370180,36
10436,52.540497,13.369632,37
10436,52.543102,13.365063,38
10436,52.543102,13.365063,39
10436,52.546414,13.359161,40
10436,52.546414,13.359161,41
10436,52.549807,13.353214,42
10436,52.549807,13.353214,43
10436,52.556626,13.341111,44
10436,52.556626,13.341111,45
10436,52.560214,13.334762,46
10436,52.560214,13.334762,47
10436,52.561824,13.331787,48
10436,52.562083,13.331269,49
10436,52.562298,13.330722,50
10436,52.562476,13.330087,51
10436,52.563286,13.327029,52
10433,52.485884,13.385834,0
10433,52.484266,13.385828,1
10433,52.483961,13.385904,2
10433,52.483207,13.386217,3
10433,52.482713,13.386293,4
10433,52.478246,13.386215,5
10433,52.478246,13.386215,6
10433,52.472647,13.386068,7
10433,52.472198,13.385953,8
10433,52.471514,13.385677,9
10433,52.470983,13.385533,10
10433,52.469743,13.385569,11
10433,52.469743,13.385569,12
10433,52.468647,13.385649,13
10433,52.465358,13.385593,14
10433,52.465358,13.385593,15
10433,52.464181,13.385570,16
10433,52.463758,13.385528,17
10433,52.463345,13.385457,18
10433,52.460081,13.384607,19
10433,52.460081,13.384607,20
10433,52.457240,13.383960,21
10433,52.456772,13.383904,22
10433,52.456188,13.383907,23
10433,52.455398,13.384044,24
10433,52.453861,13.384347,25
10433,52.453861,13.384347,26
10433,52.452882,13.384514,27
10433,52.451984,13.384578,28
10433,52.446315,13.385609,29
10433,52.446315,13.385609,30
10433,52.443261,13.386229,31
10433,52.442722,13.386379,32
10433,52.439911,13.387394,33
10429,52.485884,13.385834,0
10429,52.484266,13.385828,1
10429,52.483961,13.385904,2
10429,52.483207,13.386217,3
10429,52.482713,13.386293,4
10429,52.478246,13.386215,5
10429,52.478246,13.386215,6
10429,52.472647,13.386068,7
10429,52.472198,13.385953,8
10429,52.471514,13.385677,9
10429,52.470983,13.385533,10
10429,52.469743,13.385569,11
10429,52.469743,13.385569,12
10429,52.468647,13.385649,13
10429,52.465358,13.385593,14
10429,52.465358,13.385593,15
10429,52.464181,13.385570,16
10429,52.463758,13.385528,17
10429,52.463345,13.385457,18
10429,52.460081,13.384607,19
10429,52.460081,13.384607,20
10429,52.457240,13.383960,21
10429,52.456772,13.383904,22
10429,52.456188,13.383907,23
10429,52.455398,13.384044,24
10429,52.453861,13.384347,25
10429,52.453861,13.384347,26
10429,52.452882,13.384514,27
10429,52.451984,13.384578,28
10429,52.446315,13.385609,29
10429,52.446315,13.385609,30
10429,52.443261,13.386229,31
10429,52.442722,13.386379,32
10429,52.441186,13.386931,33
10429,52.440819,13.387183,34
10429,52.439920,13.387497,35
10471,52.486324,13.424136,0
10471,52.482564,13.432646,1
10471,52.482134,13.433384,2
10471,52.481686,13.434019,3
10471,52.481686,13.434019,4
10471,52.479812,13.436779,5
10471,52.479354,13.437267,6
10471,52.477433,13.438659,7
10471,52.476518,13.439163,8
10471,52.476518,13.439163,9
10471,52.474946,13.439891,10
10471,52.472971,13.440988,11
10471,52.472584,13.441122,12
10471,52.468667,13.441757,13
10471,52.468667,13.441757,14
10471,52.465981,13.442224,15
10471,52.465568,13.442344,16
10471,52.465236,13.442595,17
10471,52.464015,13.443792,18
10471,52.463593,13.444147,19
10471,52.462777,13.444739,20
10471,52.462777,13.444739,21
10471,52.458037,13.448260,22
10471,52.457534,13.448512,23
10471,52.456950,13.448558,24
10471,52.456537,13.448501,25
10471,52.456168,13.448370,26
10471,52.455682,13.448240,27
10471,52.455179,13.448227,28
10471,52.453356,13.448676,29
10471,52.452161,13.449107,30
10471,52.452161,13.449107,31
10471,52.450823,13.449554,32
10471,52.449718,13.449852,33
10471,52.448640,13.449989,34
10471,52.447948,13.450006,35
10471,52.447238,13.449980,36
10471,52.446581,13.449924,37
10471,52.445844,13.449824,38
10471,52.445332,13.449723,39
10471,52.444739,13.449519,40
10471,52.444739,13.449519,41
10471,52.444325,13.449315,42
10471,52.443938,13.449081,43
10471,52.443623,13.448803,44
10471,52.442552,13.447778,45
10471,52.442318,13.447558,46
10471,52.441913,13.447310,47
10471,52.441419,13.447121,48
10471,52.440898,13.447049,49
10471,52.440287,13.447111,50
10471,52.437826,13.448047,51
10471,52.437826,13.448047,52
10471,52.433874,13.449592,53
10471,52.432904,13.450052,54
10471,52.432015,13.450629,55
10471,52.431001,13.451486,56
10471,52.430041,13.452489,57
10471,52.429171,13.453478,58
10471,52.429171,13.453478,59
10471,52.428776,13.453920,60
10471,52.428247,13.454716,61
10471,52.427314,13.456205,62
10471,52.426588,13.457589,63
10471,52.425916,13.459047,64
10471,52.425379,13.460416,65
10471,52.424744,13.462300,66
10471,52.424744,13.462300,67
10471,52.424502,13.462977,68
10471,52.424261,13.463846,69
10471,52.424082,13.464846,70
10471,52.423283,13.472081,71
10471,52.423257,13.472831,72
10471,52.423277,13.474727,73
10471,52.423277,13.474727,74
10471,52.423520,13.481503,75
10471,52.423503,13.482312,76
10471,52.423405,13.483106,77
10471,52.423271,13.483709,78
10471,52.423271,13.483709,79
10471,52.416373,13.495092,80
10453,52.486324,13.424136,0
10453,52.482564,13.432646,1
10453,52.482134,13.433384,2
10453,52.481686,13.434019,3
10453,52.481686,13.434019,4
10453,52.479812,13.436779,5
10453,52.479354,13.437267,6
10453,52.477433,13.438659,7
10453,52.476518,13.439163,8
10453,52.476518,13.439163,9
10453,52.474946,13.439891,10
10453,52.472971,13.440988,11
10453,52.472584,13.441122,12
10453,52.468667,13.441757,13
10453,52.468667,13.441757,14
10453,52.465981,13.442224,15
10453,52.465568,13.442344,16
10453,52.465236,13.442595,17
10453,52.464015,13.443792,18
10453,52.463593,13.444147,19
10453,52.462777,13.444739,20
10453,52.462777,13.444739,21
10453,52.458037,13.448260,22
10453,52.457534,13.448512,23
10453,52.456950,13.448558,24
10453,52.456537,13.448501,25
10453,52.456168,13.448370,26
10453,52.455682,13.448240,27
10453,52.455179,13.448227,28
10453,52.453356,13.448676,29
10453,52.452161,13.449107,30
10453,52.452161,13.449107,31
10453,52.450823,13.449554,32
10453,52.449718,13.449852,33
10453,52.448640,13.449989,34
10453,52.447948,13.450006,35
10453,52.447238,13.449980,36
10453,52.446581,13.449924,37
10453,52.445844,13.449824,38
10453,52.445332,13.449723,39
10453,52.444739,13.449519,40
10453,52.444739,13.449519,41
10453,52.444325,13.449315,42
10453,52.443938,13.449081,43
10453,52.443623,13.448803,44
10453,52.442552,13.447778,45
10453,52.442318,13.447558,46
10453,52.441913,13.447310,47
10453,52.441419,13.447121,48
10453,52.440898,13.447049,49
10453,52.440287,13.447111,50
10453,52.437826,13.448047,51
10453,52.437826,13.448047,52
10453,52.433874,13.449592,53
10453,52.432904,13.450052,54
10453,52.432015,13.450629,55
10453,52.431001,13.451486,56
10453,52.430041,13.452489,57
10453,52.429171,13.453478,58
10453,52.429171,13.453478,59
10453,52.428776,13.453920,60
10453,52.428247,13.454716,61
10453,52.427314,13.456205,62
10453,52.426588,13.457589,63
10453,52.425916,13.459047,64
10453,52.425379,13.460416,65
10453,52.424744,13.462300,66
10453,52.424744,13.462300,67
10453,52.424502,13.462977,68
10453,52.424261,13.463846,69
10453,52.424082,13.464846,70
10453,52.423283,13.472081,71
10453,52.423257,13.472831,72
10453,52.423277,13.474727,73
10453,52.423277,13.474727,74
10453,52.423520,13.481503,75
10453,52.423503,13.482312,76
10453,52.423405,13.483106,77
10453,52.423271,13.483709,78
10453,52.423271,13.483709,79
10453,52.422940,13.485003,80
10453,52.422555,13.486092,81
10453,52.422133,13.486961,82
10453,52.421577,13.487874,83
10453,52.417234,13.493532,84
10453,52.416750,13.494239,85
10453,52.416337,13.495019,86
10461,52.486432,13.424238,0
10461,52.487165,13.421629,1
10461,52.487361,13.420730,2
10461,52.488877,13.409373,3
10461,52.488975,13.408842,4
10461,52.489225,13.407914,5
10461,52.489225,13.407914,6
10461,52.489493,13.407044,7
10461,52.489591,13.406675,8
10461,52.489626,13.406160,9
10461,52.489598,13.405600,10
10461,52.489588,13.404776,11
10461,52.489605,13.404408,12
10461,52.489667,13.403951,13
10461,52.491341,13.395728,14
10461,52.491341,13.395728,15
10461,52.492240,13.391321,16
10461,52.492354,13.390290,17
10461,52.492424,13.389303,18
10461,52.492540,13.388890,19
10461,52.492692,13.388565,20
10461,52.492890,13.388284,21
10461,52.493150,13.388136,22
10461,52.493401,13.388120,23
10461,52.493779,13.388324,24
10461,52.494166,13.388557,25
10461,52.494499,13.388835,26
10461,52.494499,13.388835,27
10461,52.495183,13.389479,28
10461,52.495588,13.389727,29
10461,52.495993,13.389769,30
10461,52.496325,13.389635,31
10461,52.496792,13.389338,32
10461,52.497375,13.388746,33
10461,52.497688,13.388258,34
10461,52.497957,13.387565,35
10461,52.498518,13.385176,36
10461,52.498704,13.383909,37
10461,52.498738,13.383173,38
10461,52.498738,13.383173,39
10461,52.498643,13.380390,40
10461,52.498515,13.379404,41
10461,52.498234,13.378463,42
10461,52.497909,13.377685,43
10461,52.497494,13.377054,44
10461,52.497080,13.376585,45
10461,52.496639,13.376278,46
10461,52.494813,13.375288,47
10461,52.494327,13.374908,48
10461,52.493894,13.374380,49
10461,52.493524,13.373734,50
10461,52.493262,13.372955,51
10461,52.493080,13.371985,52
10461,52.493033,13.370896,53
10461,52.493033,13.370896,54
10461,52.492977,13.369806,55
10461,52.492840,13.368939,56
10461,52.492587,13.368277,57
10461,52.492307,13.367749,58
10461,52.491424,13.366547,59
10461,52.491081,13.365872,60
10461,52.490846,13.365108,61
10461,52.490700,13.364269,62
10461,52.490361,13.361445,63
10461,52.490394,13.360223,64
10461,52.490394,13.360223,65
10461,52.490437,13.359398,66
10461,52.490444,13.358426,67
10461,52.489608,13.350334,68
10461,52.489608,13.350334,69
10461,52.488715,13.341477,70
10461,52.488715,13.341477,71
10461,52.488374,13.337887,72
10461,52.488227,13.336622,73
10461,52.488062,13.335402,74
10461,52.487341,13.330961,75
10461,52.487341,13.330961,76
10461,52.486631,13.327226,77
10461,52.486529,13.326137,78
10461,52.486420,13.321943,79
10461,52.486420,13.321943,80
10461,52.486471,13.321118,81
10461,52.486614,13.320440,82
10461,52.486828,13.319894,83
10461,52.488930,13.316331,84
10461,52.489423,13.315636,85
10461,52.490453,13.314318,86
10461,52.490453,13.314318,87
10461,52.493444,13.310248,88
10461,52.494062,13.309552,89
10461,52.494609,13.309077,90
10461,52.494609,13.309077,91
10461,52.495264,13.308674,92
10461,52.495937,13.308360,93
10461,52.499295,13.307438,94
10461,52.500032,13.307344,95
10461,52.500032,13.307344,96
10461,52.500787,13.307471,97
10461,52.501768,13.307803,98
10461,52.502433,13.307901,99
10461,52.503089,13.307837,100
10461,52.506582,13.306752,101
10461,52.506582,13.306752,102
10461,52.511511,13.305243,103
10461,52.511511,13.305243,104
10461,52.512059,13.305151,105
10461,52.512454,13.305133,106
10461,52.513174,13.305275,107
10461,52.513831,13.305580,108
10461,52.515082,13.306440,109
10461,52.515676,13.306686,110
10461,52.516269,13.306770,111
10461,52.516637,13.306708,112
10461,52.516637,13.306708,113
10461,52.517221,13.306645,114
10461,52.518659,13.306443,115
10461,52.519270,13.306453,116
10461,52.520007,13.306610,117
10461,52.520663,13.306694,118
10461,52.521140,13.306646,119
10461,52.521615,13.306495,120
10461,52.522693,13.306104,121
10461,52.523474,13.306040,122
10461,52.524086,13.306124,123
10461,52.524652,13.306075,124
10461,52.525343,13.305790,125
10461,52.525917,13.305300,126
10461,52.526302,13.304899,127
10461,52.526302,13.304899,128
10461,52.527600,13.302886,129
10461,52.528236,13.302174,130
10461,52.528747,13.301699,131
10461,52.529384,13.301326,132
10461,52.529931,13.301071,133
10461,52.530955,13.300680,134
10461,52.530955,13.300680,135
10461,52.533219,13.300457,136
10461,52.534000,13.300172,137
10461,52.534565,13.299740,138
10461,52.535075,13.299117,139
10461,52.535522,13.298377,140
10461,52.535825,13.297432,141
10461,52.536065,13.296177,142
10461,52.536273,13.293714,143
10461,52.536273,13.293714,144
10461,52.536606,13.290602,145
10461,52.536690,13.288700,146
10461,52.536683,13.286254,147
10461,52.536683,13.286254,148
10461,52.536669,13.284412,149
10461,52.536970,13.276716,150
10461,52.536966,13.275449,151
10461,52.536796,13.272680,152
10461,52.536796,13.272680,153
10461,52.536758,13.271825,154
10461,52.536830,13.265974,155
10461,52.536905,13.263983,156
10461,52.537017,13.262509,157
10461,52.537017,13.262509,158
10461,52.538049,13.247570,159
10461,52.538049,13.247570,160
10461,52.538203,13.245255,161
10461,52.538342,13.243721,162
10461,52.538894,13.239324,163
10461,52.539041,13.237554,164
10461,52.539044,13.235815,165
10461,52.538931,13.234298,166
10461,52.538766,13.233165,167
10461,52.538766,13.233165,168
10461,52.538005,13.228912,169
10461,52.536958,13.221980,170
10461,52.536947,13.221449,171
10461,52.536988,13.220462,172
10461,52.537084,13.219635,173
10461,52.537226,13.218941,174
10461,52.537661,13.217581,175
10461,52.537661,13.217581,176
10461,52.538212,13.215837,177
10461,52.538380,13.215010,178
10461,52.538485,13.213978,179
10461,52.538427,13.212873,180
10461,52.538186,13.210738,181
10461,52.538164,13.209810,182
10461,52.538207,13.209013,183
10461,52.538445,13.207758,184
10461,52.538889,13.206369,185
10461,52.538889,13.206369,186
10461,52.539111,13.205497,187
10461,52.539198,13.204789,188
10461,52.539222,13.203816,189
10461,52.539101,13.202800,190
10461,52.538856,13.202006,191
10461,52.538502,13.201258,192
10461,52.538078,13.200732,193
10461,52.537709,13.200426,194
10461,52.537205,13.200210,195
10461,52.536063,13.200029,196
10461,52.535163,13.199758,197
10478,52.486477,13.424326,0
10478,52.486001,13.424166,1
10478,52.485614,13.424139,2
10478,52.485021,13.424215,3
10478,52.484500,13.424365,4
10478,52.483926,13.424618,5
10478,52.483611,13.424707,6
10478,52.482092,13.424758,7
10478,52.481293,13.424880,8
10478,52.480188,13.425194,9
10478,52.480188,13.425194,10
10478,52.478059,13.425910,11
10478,52.475276,13.427144,12
10478,52.473408,13.428065,13
10478,52.473408,13.428065,14
10478,52.469682,13.430039,15
10478,52.469440,13.430246,16
10478,52.467716,13.431240,17
10475,52.490426,13.314260,0
10475,52.489360,13.315563,1
10475,52.488894,13.316258,2
10475,52.486783,13.319820,3
10475,52.486559,13.320381,4
10475,52.486409,13.321133,5
10475,52.486357,13.321928,6
10475,52.486357,13.321928,7
10475,52.486448,13.326020,8
10475,52.486595,13.327300,9
10475,52.487278,13.330990,10
10475,52.487278,13.330990,11
10475,52.488027,13.335549,12
10475,52.488173,13.336505,13
10475,52.488652,13.341507,14
10475,52.488652,13.341507,15
10475,52.489536,13.350349,16
10475,52.489536,13.350349,17
10475,52.490381,13.358427,18
10475,52.490374,13.359369,19
10475,52.490340,13.360208,20
10475,52.490340,13.360208,21
10475,52.490298,13.361445,22
10475,52.490637,13.364329,23
10475,52.490783,13.365137,24
10475,52.491027,13.365887,25
10475,52.491307,13.366548,26
10475,52.492226,13.367794,27
10475,52.492524,13.368293,28
10475,52.492768,13.368968,29
10475,52.492914,13.369939,30
10475,52.492970,13.370896,31
10475,52.492970,13.370896,32
10475,52.493008,13.372029,33
10475,52.493199,13.373000,34
10475,52.493480,13.373823,35
10475,52.493840,13.374469,36
10475,52.494282,13.375011,37
10475,52.494795,13.375406,38
10475,52.496603,13.376396,39
10475,52.497053,13.376703,40
10475,52.497450,13.377143,41
10475,52.497855,13.377759,42
10475,52.498180,13.378493,43
10475,52.498461,13.379434,44
10475,52.498580,13.380405,45
10475,52.498666,13.383173,46
10475,52.498666,13.383173,47
10475,52.498650,13.383924,48
10475,52.498455,13.385162,49
10475,52.497983,13.387182,50
10475,52.497813,13.387713,51
10475,52.497634,13.388126,52
10475,52.497347,13.388584,53
10475,52.497025,13.388969,54
10475,52.496648,13.389309,55
10475,52.496127,13.389592,56
10475,52.495687,13.389668,57
10475,52.495210,13.389406,58
10475,52.494517,13.388776,59
10475,52.494517,13.388776,60
10475,52.494193,13.388483,61
10475,52.493797,13.388221,62
10475,52.493410,13.388046,63
10475,52.493141,13.388033,64
10475,52.492862,13.388226,65
10475,52.492656,13.388477,66
10475,52.492504,13.388831,67
10475,52.492388,13.389288,68
10475,52.492291,13.390275,69
10475,52.492177,13.391277,70
10475,52.491287,13.395698,71
10475,52.491287,13.395698,72
10475,52.489622,13.403981,73
10475,52.489551,13.404438,74
10475,52.489516,13.404879,75
10475,52.489554,13.405998,76
10475,52.489492,13.406764,77
10475,52.489180,13.407884,78
10475,52.489180,13.407884,79
10475,52.488894,13.408916,80
10475,52.487298,13.420701,81
10475,52.487093,13.421585,82
10475,52.486324,13.424136,83
10475,52.486324,13.424136,84
10475,52.482564,13.432646,85
10475,52.482134,13.433384,86
10475,52.481686,13.434019,87
10475,52.481686,13.434019,88
10475,52.479812,13.436779,89
10475,52.479354,13.437267,90
10475,52.477433,13.438659,91
10475,52.476518,13.439163,92
10475,52.476518,13.439163,93
10475,52.474946,13.439891,94
10475,52.472971,13.440988,95
10475,52.472584,13.441122,96
10475,52.468667,13.441757,97
10475,52.468667,13.441757,98
10475,52.465981,13.442224,99
10475,52.465568,13.442344,100
10475,52.465236,13.442595,101
10475,52.464015,13.443792,102
10475,52.463593,13.444147,103
10475,52.462777,13.444739,104
10475,52.462777,13.444739,105
10475,52.458037,13.448260,106
10475,52.457534,13.448512,107
10475,52.456950,13.448558,108
10475,52.456537,13.448501,109
10475,52.456168,13.448370,110
10475,52.455682,13.448240,111
10475,52.455179,13.448227,112
10475,52.453356,13.448676,113
10475,52.452161,13.449107,114
10475,52.452161,13.449107,115
10475,52.450823,13.449554,116
10475,52.449718,13.449852,117
10475,52.448640,13.449989,118
10475,52.447948,13.450006,119
10475,52.447238,13.449980,120
10475,52.446581,13.449924,121
10475,52.445844,13.449824,122
10475,52.445332,13.449723,123
10475,52.444739,13.449519,124
10475,52.444739,13.449519,125
10475,52.444325,13.449315,126
10475,52.443938,13.449081,127
10475,52.443623,13.448803,128
10475,52.442552,13.447778,129
10475,52.442318,13.447558,130
10475,52.441913,13.447310,131
10475,52.441419,13.447121,132
10475,52.440898,13.447049,133
10475,52.440287,13.447111,134
10475,52.437826,13.448047,135
10475,52.437826,13.448047,136
10475,52.433874,13.449592,137
10475,52.432904,13.450052,138
10475,52.432015,13.450629,139
10475,52.431001,13.451486,140
10475,52.430041,13.452489,141
10475,52.429171,13.453478,142
10475,52.429171,13.453478,143
10475,52.428776,13.453920,144
10475,52.428247,13.454716,145
10475,52.427314,13.456205,146
10475,52.426588,13.457589,147
10475,52.425916,13.459047,148
10475,52.425379,13.460416,149
10475,52.424744,13.462300,150
10475,52.424744,13.462300,151
10475,52.424502,13.462977,152
10475,52.424261,13.463846,153
10475,52.424082,13.464846,154
10475,52.423283,13.472081,155
10475,52.423257,13.472831,156
10475,52.423277,13.474727,157
10475,52.423277,13.474727,158
10475,52.423520,13.481503,159
10475,52.423503,13.482312,160
10475,52.423405,13.483106,161
10475,52.423271,13.483709,162
10475,52.423271,13.483709,163
10475,52.416373,13.495092,164
10452,52.490426,13.314260,0
10452,52.489360,13.315563,1
10452,52.488894,13.316258,2
10452,52.486783,13.319820,3
10452,52.486559,13.320381,4
10452,52.486409,13.321133,5
10452,52.486357,13.321928,6
10452,52.486357,13.321928,7
10452,52.486448,13.326020,8
10452,52.486595,13.327300,9
10452,52.487278,13.330990,10
10452,52.487278,13.330990,11
10452,52.488027,13.335549,12
10452,52.488173,13.336505,13
10452,52.488652,13.341507,14
10452,52.488652,13.341507,15
10452,52.489536,13.350349,16
10452,52.489536,13.350349,17
10452,52.490381,13.358427,18
10452,52.490374,13.359369,19
10452,52.490340,13.360208,20
10452,52.490340,13.360208,21
10452,52.490298,13.361445,22
10452,52.490637,13.364329,23
10452,52.490783,13.365137,24
10452,52.491027,13.365887,25
10452,52.491307,13.366548,26
10452,52.492226,13.367794,27
10452,52.492524,13.368293,28
10452,52.492768,13.368968,29
10452,52.492914,13.369939,30
10452,52.492970,13.370896,31
10452,52.492970,13.370896,32
10452,52.493008,13.372029,33
10452,52.493199,13.373000,34
10452,52.493480,13.373823,35
10452,52.493840,13.374469,36
10452,52.494282,13.375011,37
10452,52.494795,13.375406,38
10452,52.496603,13.376396,39
10452,52.497053,13.376703,40
10452,52.497450,13.377143,41
10452,52.497855,13.377759,42
10452,52.498180,13.378493,43
10452,52.498461,13.379434,44
10452,52.498580,13.380405,45
10452,52.498666,13.383173,46
10452,52.498666,13.383173,47
10452,52.498650,13.383924,48
10452,52.498455,13.385162,49
10452,52.497983,13.387182,50
10452,52.497813,13.387713,51
10452,52.497634,13.388126,52
10452,52.497347,13.388584,53
10452,52.497025,13.388969,54
10452,52.496648,13.389309,55
10452,52.496127,13.389592,56
10452,52.495687,13.389668,57
10452,52.495210,13.389406,58
10452,52.494517,13.388776,59
10452,52.494517,13.388776,60
10452,52.494193,13.388483,61
10452,52.493797,13.388221,62
10452,52.493410,13.388046,63
10452,52.493141,13.388033,64
10452,52.492862,13.388226,65
10452,52.492656,13.388477,66
10452,52.492504,13.388831,67
10452,52.492388,13.389288,68
10452,52.492291,13.390275,69
10452,52.492177,13.391277,70
10452,52.491287,13.395698,71
10452,52.491287,13.395698,72
10452,52.489622,13.403981,73
10452,52.489551,13.404438,74
10452,52.489516,13.404879,75
10452,52.489554,13.405998,76
10452,52.489492,13.406764,77
10452,52.489180,13.407884,78
10452,52.489180,13.407884,79
10452,52.488894,13.408916,80
10452,52.487298,13.420701,81
10452,52.487093,13.421585,82
10452,52.486324,13.424136,83
10452,52.486324,13.424136,84
10452,52.482564,13.432646,85
10452,52.482134,13.433384,86
10452,52.481686,13.434019,87
10452,52.481686,13.434019,88
10452,52.479812,13.436779,89
10452,52.479354,13.437267,90
10452,52.477433,13.438659,91
10452,52.476518,13.439163,92
10452,52.476518,13.439163,93
10452,52.474946,13.439891,94
10452,52.472971,13.440988,95
10452,52.472584,13.441122,96
10452,52.468667,13.441757,97
10452,52.468667,13.441757,98
10452,52.465981,13.442224,99
10452,52.465568,13.442344,100
10452,52.465236,13.442595,101
10452,52.464015,13.443792,102
10452,52.463593,13.444147,103
10452,52.462777,13.444739,104
10452,52.462777,13.444739,105
10452,52.458037,13.448260,106
10452,52.457534,13.448512,107
10452,52.456950,13.448558,108
10452,52.456537,13.448501,109
10452,52.456168,13.448370,110
10452,52.455682,13.448240,111
10452,52.455179,13.448227,112
10452,52.453356,13.448676,113
10452,52.452161,13.449107,114
10452,52.452161,13.449107,115
10452,52.450823,13.449554,116
10452,52.449718,13.449852,117
10452,52.448640,13.449989,118
10452,52.447948,13.450006,119
10452,52.447238,13.449980,120
10452,52.446581,13.449924,121
10452,52.445844,13.449824,122
10452,52.445332,13.449723,123
10452,52.444739,13.449519,124
10452,52.444739,13.449519,125
10452,52.444325,13.449315,126
10452,52.443938,13.449081,127
10452,52.443623,13.448803,128
10452,52.442552,13.447778,129
10452,52.442318,13.447558,130
10452,52.441913,13.447310,131
10452,52.441419,13.447121,132
10452,52.440898,13.447049,133
10452,52.440287,13.447111,134
10452,52.437826,13.448047,135
10452,52.437826,13.448047,136
10452,52.433874,13.449592,137
10452,52.432904,13.450052,138
10452,52.432015,13.450629,139
10452,52.431001,13.451486,140
10452,52.430041,13.452489,141
10452,52.429171,13.453478,142
10452,52.429171,13.453478,143
10452,52.428776,13.453920,144
10452,52.428247,13.454716,145
10452,52.427314,13.456205,146
10452,52.426588,13.457589,147
10452,52.425916,13.459047,148
10452,52.425379,13.460416,149
10452,52.424744,13.462300,150
10452,52.424744,13.462300,151
10452,52.424502,13.462977,152
10452,52.424261,13.463846,153
10452,52.424082,13.464846,154
10452,52.423283,13.472081,155
10452,52.423257,13.472831,156
10452,52.423277,13.474727,157
10452,52.423277,13.474727,158
10452,52.423520,13.481503,159
10452,52.423503,13.482312,160
10452,52.423405,13.483106,161
10452,52.423271,13.483709,162
10452,52.423271,13.483709,163
10452,52.422940,13.485003,164
10452,52.422555,13.486092,165
10452,52.422133,13.486961,166
10452,52.421577,13.487874,167
10452,52.417234,13.493532,168
10452,52.416750,13.494239,169
10452,52.416337,13.495019,170
10464,52.490453,13.314318,0
10464,52.493444,13.310248,1
10464,52.494062,13.309552,2
10464,52.494609,13.309077,3
10464,52.494609,13.309077,4
10464,52.495264,13.308674,5
10464,52.495937,13.308360,6
10464,52.499295,13.307438,7
10464,52.500032,13.307344,8
10464,52.500032,13.307344,9
10464,52.500787,13.307471,10
10464,52.501768,13.307803,11
10464,52.502433,13.307901,12
10464,52.503089,13.307837,13
10464,52.506582,13.306752,14
10464,52.506582,13.306752,15
10464,52.511511,13.305243,16
10464,52.511511,13.305243,17
10464,52.512059,13.305151,18
10464,52.512454,13.305133,19
10464,52.513174,13.305275,20
10464,52.513831,13.305580,21
10464,52.515082,13.306440,22
10464,52.515676,13.306686,23
10464,52.516269,13.306770,24
10464,52.516637,13.306708,25
10464,52.516637,13.306708,26
10464,52.517221,13.306645,27
10464,52.518659,13.306443,28
10464,52.519270,13.306453,29
10464,52.520007,13.306610,30
10464,52.520663,13.306694,31
10464,52.521140,13.306646,32
10464,52.521615,13.306495,33
10464,52.522693,13.306104,34
10464,52.523474,13.306040,35
10464,52.524086,13.306124,36
10464,52.524652,13.306075,37
10464,52.525343,13.305790,38
10464,52.525917,13.305300,39
10464,52.526302,13.304899,40
10464,52.526302,13.304899,41
10464,52.527600,13.302886,42
10464,52.528236,13.302174,43
10464,52.528747,13.301699,44
10464,52.529384,13.301326,45
10464,52.529931,13.301071,46
10464,52.530955,13.300680,47
10464,52.530955,13.300680,48
10464,52.533219,13.300457,49
10464,52.534000,13.300172,50
10464,52.534565,13.299740,51
10464,52.535075,13.299117,52
10464,52.535522,13.298377,53
10464,52.535825,13.297432,54
10464,52.536065,13.296177,55
10464,52.536273,13.293714,56
10464,52.536273,13.293714,57
10464,52.536606,13.290602,58
10464,52.536690,13.288700,59
10464,52.536683,13.286254,60
10464,52.536683,13.286254,61
10464,52.536669,13.284412,62
10464,52.536970,13.276716,63
10464,52.536966,13.275449,64
10464,52.536796,13.272680,65
10464,52.536796,13.272680,66
10464,52.536758,13.271825,67
10464,52.536830,13.265974,68
10464,52.536905,13.263983,69
10464,52.537017,13.262509,70
10464,52.537017,13.262509,71
10464,52.538049,13.247570,72
10464,52.538049,13.247570,73
10464,52.538203,13.245255,74
10464,52.538342,13.243721,75
10464,52.538894,13.239324,76
10464,52.539041,13.237554,77
10464,52.539044,13.235815,78
10464,52.538931,13.234298,79
10464,52.538766,13.233165,80
10464,52.538766,13.233165,81
10464,52.538005,13.228912,82
10464,52.536958,13.221980,83
10464,52.536947,13.221449,84
10464,52.536988,13.220462,85
10464,52.537084,13.219635,86
10464,52.537226,13.218941,87
10464,52.537661,13.217581,88
10464,52.537661,13.217581,89
10464,52.538212,13.215837,90
10464,52.538380,13.215010,91
10464,52.538485,13.213978,92
10464,52.538427,13.212873,93
10464,52.538186,13.210738,94
10464,52.538164,13.209810,95
10464,52.538207,13.209013,96
10464,52.538445,13.207758,97
10464,52.538889,13.206369,98
10464,52.538889,13.206369,99
10464,52.539111,13.205497,100
10464,52.539198,13.204789,101
10464,52.539222,13.203816,102
10464,52.539101,13.202800,103
10464,52.538856,13.202006,104
10464,52.538502,13.201258,105
10464,52.538078,13.200732,106
10464,52.537709,13.200426,107
10464,52.537205,13.200210,108
10464,52.536063,13.200029,109
10464,52.535163,13.199758,110
10386,52.490680,13.315450,0
10386,52.490934,13.316023,1
10386,52.492772,13.321295,2
10386,52.494111,13.324923,3
10386,52.494111,13.324923,4
10386,52.494943,13.327111,5
10386,52.495116,13.327875,6
10386,52.495273,13.329774,7
10386,52.495356,13.330244,8
10386,52.495509,13.330641,9
10386,52.495726,13.330904,10
10386,52.496086,13.331079,11
10386,52.496428,13.331371,12
10386,52.496861,13.332089,13
10386,52.496861,13.332089,14
10386,52.497844,13.333717,15
10386,52.498512,13.334537,16
10386,52.500358,13.336425,17
10386,52.500358,13.336425,18
10386,52.502467,13.338649,19
10386,52.502647,13.338972,20
10386,52.502729,13.339384,21
10386,52.502739,13.339811,22
10386,52.502704,13.340150,23
10386,52.502615,13.340430,24
10386,52.502204,13.341420,25
10386,52.501963,13.342084,26
10386,52.501713,13.342925,27
10386,52.501713,13.342925,28
10386,52.501553,13.343677,29
10386,52.501474,13.344237,30
10386,52.500354,13.349648,31
10386,52.499705,13.352509,32
10386,52.499670,13.352922,33
10386,52.499707,13.353510,34
10386,52.499934,13.354510,35
10386,52.499934,13.354510,36
10386,52.500287,13.355716,37
10386,52.500921,13.357744,38
10386,52.500976,13.358023,39
10386,52.500967,13.358362,40
10386,52.500896,13.358790,41
10386,52.500085,13.361460,42
10386,52.500085,13.361460,43
10386,52.499657,13.363067,44
10386,52.499604,13.363657,45
10386,52.499704,13.364172,46
10386,52.499913,13.364995,47
10386,52.499995,13.365510,48
10386,52.499978,13.366114,49
10386,52.499793,13.367646,50
10386,52.499705,13.368383,51
10386,52.499634,13.369134,52
10386,52.499557,13.370755,53
10386,52.499516,13.372831,54
10386,52.499455,13.373479,55
10386,52.499421,13.374216,56
10386,52.499421,13.374216,57
10386,52.499442,13.375747,58
10386,52.499319,13.377088,59
10386,52.499329,13.377456,60
10386,52.499393,13.378045,61
10386,52.499393,13.378354,62
10386,52.499297,13.379400,63
10386,52.499217,13.379886,64
10386,52.499048,13.380800,65
10386,52.499004,13.381124,66
10386,52.498987,13.381522,67
10386,52.499088,13.382729,68
10386,52.499088,13.382729,69
10386,52.499090,13.383495,70
10386,52.499055,13.383951,71
10386,52.498984,13.384555,72
10386,52.498859,13.385263,73
10386,52.498093,13.388433,74
10386,52.497870,13.389480,75
10386,52.497755,13.390334,76
10386,52.497755,13.390334,77
10386,52.497721,13.391247,78
10386,52.497795,13.392307,79
10386,52.497979,13.394147,80
10386,52.498197,13.395382,81
10386,52.498307,13.396648,82
10386,52.498369,13.405394,83
10386,52.498369,13.405394,84
10386,52.498401,13.408383,85
10386,52.498588,13.412432,86
10386,52.498510,13.413743,87
10386,52.498520,13.414420,88
10386,52.498720,13.415788,89
10386,52.498875,13.417010,90
10386,52.498931,13.418423,91
10386,52.498931,13.418423,92
10386,52.499051,13.419822,93
10386,52.499151,13.426123,94
10386,52.499254,13.428273,95
10386,52.499254,13.428273,96
10386,52.499365,13.430084,97
10386,52.499295,13.431321,98
10386,52.500740,13.441195,99
10386,52.500740,13.441195,100
10386,52.500956,13.441916,101
10386,52.501056,13.442328,102
10386,52.501075,13.442711,103
10386,52.500870,13.444037,104
10386,52.500870,13.444361,105
10386,52.500925,13.444655,106
10386,52.501069,13.445023,107
10386,52.502852,13.447327,108
10386,52.503761,13.448045,109
10386,52.503914,13.448089,110
10386,52.504840,13.448807,111
10374,52.490734,13.315362,0
10374,52.490427,13.314878,1
10374,52.490121,13.314512,2
10374,52.489761,13.314279,3
10374,52.489428,13.314105,4
10374,52.489122,13.313989,5
10374,52.488807,13.313932,6
10374,52.481221,13.313427,7
10374,52.480664,13.313284,8
10374,52.480133,13.313008,9
10374,52.480133,13.313008,10
10374,52.479377,13.312542,11
10374,52.479008,13.312412,12
10374,52.478630,13.312459,13
10374,52.476441,13.313740,14
10374,52.475382,13.314175,15
10374,52.474493,13.314387,16
10374,52.473369,13.314366,17
10374,52.473369,13.314366,18
10374,52.472569,13.314327,19
10374,52.472057,13.314169,20
10374,52.471733,13.314009,21
10374,52.471066,13.313499,22
10374,52.470067,13.312711,23
10374,52.469400,13.312024,24
10374,52.468318,13.310811,25
10374,52.467624,13.309830,26
10374,52.467010,13.308731,27
10374,52.467010,13.308731,28
10374,52.466549,13.307866,29
10374,52.466143,13.307089,30
10374,52.465907,13.306355,31
10374,52.465752,13.305620,32
10374,52.465241,13.299430,33
10374,52.465067,13.298445,34
10374,52.464695,13.297182,35
10374,52.464071,13.295451,36
10374,52.464071,13.295451,37
10374,52.463627,13.294351,38
10374,52.463392,13.293838,39
10374,52.463184,13.293501,40
10374,52.462959,13.293149,41
10374,52.462706,13.292842,42
10374,52.462499,13.292608,43
10374,52.462247,13.292390,44
10374,52.461904,13.292157,45
10374,52.461697,13.292026,46
10374,52.458890,13.290826,47
10374,52.458593,13.290667,48
10374,52.458278,13.290434,49
10374,52.457170,13.289368,50
10374,52.457170,13.289368,51
10374,52.456557,13.288814,52
10374,52.456386,13.288712,53
10374,52.453061,13.285737,54
10374,52.452854,13.285503,55
10374,52.452646,13.285181,56
10374,52.452412,13.284815,57
10374,52.452185,13.284346,58
10374,52.451679,13.283159,59
10374,52.451425,13.282455,60
10374,52.451045,13.281575,61
10374,52.451045,13.281575,62
10374,52.450692,13.280769,63
10374,52.450421,13.280138,64
10374,52.450203,13.279419,65
10374,52.450057,13.278803,66
10374,52.449975,13.278289,67
10374,52.449901,13.277671,68
10374,52.449882,13.277127,69
10374,52.449898,13.276627,70
10374,52.450285,13.270740,71
10374,52.450381,13.269916,72
10374,52.450459,13.268812,73
10374,52.450459,13.268812,74
10374,52.450502,13.268032,75
10374,52.450499,13.267282,76
10374,52.450886,13.261395,77
10374,52.450910,13.260498,78
10374,52.450898,13.259527,79
10374,52.450859,13.258601,80
10374,52.450793,13.257748,81
10374,52.450701,13.256881,82
10374,52.450599,13.256058,83
10374,52.450462,13.255236,84
10374,52.450316,13.254354,85
10374,52.449925,13.253019,86
10374,52.449925,13.253019,87
10374,52.449508,13.251787,88
10374,52.449227,13.251098,89
10374,52.448783,13.250146,90
10374,52.448196,13.248945,91
10374,52.447599,13.247891,92
10374,52.447147,13.247130,93
10374,52.446100,13.245610,94
10374,52.445215,13.244264,95
10374,52.443850,13.241952,96
10374,52.443480,13.241411,97
10391,52.496888,13.332045,0
10391,52.496445,13.331253,1
10391,52.496166,13.331004,2
10391,52.495824,13.330845,3
10391,52.495572,13.330581,4
10391,52.495382,13.330156,5
10391,52.495161,13.327787,6
10391,52.495106,13.327404,7
10391,52.494970,13.326978,8
10391,52.494183,13.324878,9
10391,52.494183,13.324878,10
10391,52.492789,13.321104,11
10391,52.490969,13.315846,12
10391,52.490734,13.315362,13
10391,52.490734,13.315362,14
10391,52.490427,13.314878,15
10391,52.490121,13.314512,16
10391,52.489761,13.314279,17
10391,52.489428,13.314105,18
10391,52.489122,13.313989,19
10391,52.488807,13.313932,20
10391,52.481221,13.313427,21
10391,52.480664,13.313284,22
10391,52.480133,13.313008,23
10391,52.480133,13.313008,24
10391,52.479377,13.312542,25
10391,52.479008,13.312412,26
10391,52.478630,13.312459,27
10391,52.476441,13.313740,28
10391,52.475382,13.314175,29
10391,52.474493,13.314387,30
10391,52.473369,13.314366,31
10391,52.473369,13.314366,32
10391,52.472569,13.314327,33
10391,52.472057,13.314169,34
10391,52.471733,13.314009,35
10391,52.471066,13.313499,36
10391,52.470067,13.312711,37
10391,52.469400,13.312024,38
10391,52.468318,13.310811,39
10391,52.467624,13.309830,40
10391,52.467010,13.308731,41
10376,52.496888,13.332045,0
10376,52.496445,13.331253,1
10376,52.496166,13.331004,2
10376,52.495824,13.330845,3
10376,52.495572,13.330581,4
10376,52.495382,13.330156,5
10376,52.495161,13.327787,6
10376,52.495106,13.327404,7
10376,52.494970,13.326978,8
10376,52.494183,13.324878,9
10376,52.494183,13.324878,10
10376,52.492789,13.321104,11
10376,52.490969,13.315846,12
10376,52.490734,13.315362,13
10376,52.490734,13.315362,14
10376,52.490427,13.314878,15
10376,52.490121,13.314512,16
10376,52.489761,13.314279,17
10376,52.489428,13.314105,18
10376,52.489122,13.313989,19
10376,52.488807,13.313932,20
10376,52.481221,13.313427,21
10376,52.480664,13.313284,22
10376,52.480133,13.313008,23
10376,52.480133,13.313008,24
10376,52.479377,13.312542,25
10376,52.479008,13.312412,26
10376,52.478630,13.312459,27
10376,52.476441,13.313740,28
10376,52.475382,13.314175,29
10376,52.474493,13.314387,30
10376,52.473369,13.314366,31
10376,52.473369,13.314366,32
10376,52.472569,13.314327,33
10376,52.472057,13.314169,34
10376,52.471733,13.314009,35
10376,52.471066,13.313499,36
10376,52.470067,13.312711,37
10376,52.469400,13.312024,38
10376,52.468318,13.310811,39
10376,52.467624,13.309830,40
10376,52.467010,13.308731,41
10376,52.467010,13.308731,42
10376,52.466549,13.307866,43
10376,52.466143,13.307089,44
10376,52.465907,13.306355,45
10376,52.465752,13.305620,46
10376,52.465241,13.299430,47
10376,52.465067,13.298445,48
10376,52.464695,13.297182,49
10376,52.464071,13.295451,50
10376,52.464071,13.295451,51
10376,52.463627,13.294351,52
10376,52.463392,13.293838,53
10376,52.463184,13.293501,54
10376,52.462959,13.293149,55
10376,52.462706,13.292842,56
10376,52.462499,13.292608,57
10376,52.462247,13.292390,58
10376,52.461904,13.292157,59
10376,52.461697,13.292026,60
10376,52.458890,13.290826,61
10376,52.458593,13.290667,62
10376,52.458278,13.290434,63
10376,52.457170,13.289368,64
10376,52.457170,13.289368,65
10376,52.456557,13.288814,66
10376,52.456386,13.288712,67
10376,52.453061,13.285737,68
10376,52.452854,13.285503,69
10376,52.452646,13.285181,70
10376,52.452412,13.284815,71
10376,52.452185,13.284346,72
10376,52.451679,13.283159,73
10376,52.451425,13.282455,74
10376,52.451045,13.281575,75
10376,52.451045,13.281575,76
10376,52.450692,13.280769,77
10376,52.450421,13.280138,78
10376,52.450203,13.279419,79
10376,52.450057,13.278803,80
10376,52.449975,13.278289,81
10376,52.449901,13.277671,82
10376,52.449882,13.277127,83
10376,52.449898,13.276627,84
10376,52.450285,13.270740,85
10376,52.450381,13.269916,86
10376,52.450459,13.268812,87
10376,52.450459,13.268812,88
10376,52.450502,13.268032,89
10376,52.450499,13.267282,90
10376,52.450886,13.261395,91
10376,52.450910,13.260498,92
10376,52.450898,13.259527,93
10376,52.450859,13.258601,94
10376,52.450793,13.257748,95
10376,52.450701,13.256881,96
10376,52.450599,13.256058,97
10376,52.450462,13.255236,98
10376,52.450316,13.254354,99
10376,52.449925,13.253019,100
10376,52.449925,13.253019,101
10376,52.449508,13.251787,102
10376,52.449227,13.251098,103
10376,52.448783,13.250146,104
10376,52.448196,13.248945,105
10376,52.447599,13.247891,106
10376,52.447147,13.247130,107
10376,52.446100,13.245610,108
10376,52.445215,13.244264,109
10376,52.443850,13.241952,110
10376,52.443480,13.241411,111
10418,52.497667,13.522974,0
10418,52.496491,13.523727,1
10418,52.496051,13.524141,2
10418,52.495728,13.524554,3
10418,52.495360,13.525144,4
10418,52.495126,13.525748,5
10418,52.495010,13.526337,6
10418,52.494957,13.526897,7
10418,52.494966,13.527456,8
10418,52.495029,13.527942,9
10418,52.495138,13.528472,10
10418,52.497959,13.539774,11
10418,52.498590,13.542173,12
10418,52.498978,13.543792,13
10418,52.499248,13.545308,14
10418,52.499573,13.546647,15
10418,52.499573,13.546647,16
10418,52.499978,13.548281,17
10418,52.500987,13.551696,18
10418,52.501428,13.553226,19
10418,52.501968,13.554728,20
10418,52.502508,13.556052,21
10418,52.503048,13.557259,22
10418,52.503642,13.558436,23
10418,52.504173,13.559319,24
10418,52.504991,13.560540,25
10418,52.504991,13.560540,26
10418,52.505720,13.561570,27
10418,52.507545,13.563894,28
10418,52.509946,13.567175,29
10418,52.511619,13.569809,30
10418,52.511916,13.570354,31
10418,52.512150,13.570840,32
10418,52.512294,13.571296,33
10418,52.512420,13.571753,34
10418,52.512519,13.572224,35
10418,52.512591,13.572710,36
10418,52.512618,13.573196,37
10418,52.512592,13.575184,38
10418,52.512592,13.575184,39
10418,52.512566,13.576569,40
10418,52.512593,13.577556,41
10418,52.512719,13.578484,42
10418,52.512908,13.579235,43
10418,52.513133,13.579838,44
10418,52.516443,13.586685,45
10418,52.516740,13.587215,46
10418,52.517153,13.587804,47
10418,52.517675,13.588333,48
10418,52.518214,13.588701,49
10418,52.518780,13.588951,50
10418,52.519301,13.589069,51
10418,52.520074,13.589112,52
10418,52.520910,13.589067,53
10412,52.497667,13.522974,0
10412,52.496491,13.523727,1
10412,52.496051,13.524141,2
10412,52.495728,13.524554,3
10412,52.495360,13.525144,4
10412,52.495126,13.525748,5
10412,52.495010,13.526337,6
10412,52.494957,13.526897,7
10412,52.494966,13.527456,8
10412,52.495029,13.527942,9
10412,52.495138,13.528472,10
10412,52.497959,13.539774,11
10412,52.498590,13.542173,12
10412,52.498978,13.543792,13
10412,52.499248,13.545308,14
10412,52.499573,13.546647,15
10412,52.499573,13.546647,16
10412,52.499978,13.548281,17
10412,52.500987,13.551696,18
10412,52.501428,13.553226,19
10412,52.501968,13.554728,20
10412,52.502508,13.556052,21
10412,52.503048,13.557259,22
10412,52.503642,13.558436,23
10412,52.504173,13.559319,24
10412,52.504991,13.560540,25
10412,52.504991,13.560540,26
10412,52.505720,13.561570,27
10412,52.507545,13.563894,28
10412,52.509946,13.567175,29
10412,52.511619,13.569809,30
10412,52.511916,13.570354,31
10412,52.512150,13.570840,32
10412,52.512294,13.571296,33
10412,52.512420,13.571753,34
10412,52.512519,13.572224,35
10412,52.512591,13.572710,36
10412,52.512618,13.573196,37
10412,52.512592,13.575184,38
10412,52.512592,13.575184,39
10412,52.512566,13.576569,40
10412,52.512593,13.577556,41
10412,52.512719,13.578484,42
10412,52.512908,13.579235,43
10412,52.513133,13.579838,44
10412,52.516443,13.586685,45
10412,52.516740,13.587215,46
10412,52.517153,13.587804,47
10412,52.517675,13.588333,48
10412,52.518214,13.588701,49
10412,52.518780,13.588951,50
10412,52.519301,13.589069,51
10412,52.520074,13.589112,52
10412,52.520910,13.589067,53
10412,52.520910,13.589067,54
10412,52.522869,13.588845,55
10412,52.523885,13.588917,56
10412,52.524702,13.589020,57
10412,52.525817,13.589372,58
10412,52.526446,13.589593,59
10412,52.527506,13.590122,60
10412,52.528468,13.590623,61
10412,52.528468,13.590623,62
10412,52.529951,13.591417,63
10412,52.531147,13.591991,64
10412,52.531605,13.592285,65
10412,52.532135,13.592756,66
10412,52.532567,13.593301,67
10412,52.532989,13.594038,68
10412,52.533304,13.594745,69
10412,52.533538,13.595467,70
10412,52.533826,13.596513,71
10412,52.533826,13.596513,72
10412,52.534797,13.599828,73
10412,52.535355,13.601979,74
10412,52.535804,13.603571,75
10412,52.536605,13.606636,76
10412,52.536605,13.606636,77
10412,52.537171,13.608655,78
10412,52.537702,13.611410,79
10412,52.538340,13.614402,80
10412,52.538628,13.616023,81
10412,52.538943,13.618307,82
10412,52.538943,13.618307,83
10412,52.539257,13.620754,84
10412,52.539329,13.621845,85
10412,52.539356,13.623525,86
10412,52.539329,13.625279,87
10412,52.539258,13.626944,88
10412,52.539168,13.628271,89
10412,52.538934,13.629995,90
10412,52.538808,13.630968,91
10412,52.538745,13.631867,92
10412,52.538467,13.633208,93
10409,52.497667,13.522974,0
10409,52.498529,13.522427,1
10409,52.499131,13.522146,2
10409,52.499733,13.521776,3
10409,52.500254,13.521363,4
10409,52.500739,13.520817,5
10409,52.501116,13.520168,6
10409,52.502488,13.517381,7
10409,52.503314,13.516098,8
10409,52.503682,13.515641,9
10409,52.506240,13.512821,10
10409,52.506240,13.512821,11
10409,52.506851,13.512172,12
10409,52.507218,13.511567,13
10409,52.510828,13.500113,14
10409,52.511088,13.499037,15
10409,52.511284,13.497873,16
10409,52.511284,13.497873,17
10409,52.511722,13.495633,18
10409,52.511847,13.494690,19
10409,52.511909,13.493968,20
10409,52.511935,13.492951,21
10409,52.512503,13.487043,22
10409,52.512503,13.487043,23
10409,52.513711,13.475211,24
10409,52.513711,13.475211,25
10409,52.514775,13.464543,26
10409,52.514775,13.464543,27
10409,52.515847,13.453888,28
10409,52.515847,13.453888,29
10409,52.516786,13.444634,30
10409,52.516786,13.444634,31
10409,52.518149,13.431547,32
10409,52.518149,13.431547,33
10409,52.518309,13.430191,34
10409,52.518540,13.428878,35
10409,52.519290,13.426002,36
10409,52.520917,13.420868,37
10409,52.520917,13.420868,38
10409,52.521140,13.420086,39
10409,52.521560,13.418773,40
10409,52.522025,13.417253,41
10409,52.522168,13.416693,42
10409,52.522266,13.416191,43
10409,52.522283,13.415867,44
10409,52.522265,13.415573,45
10409,52.522210,13.415293,46
10409,52.522129,13.414955,47
10409,52.521452,13.413470,48
10409,52.521452,13.413470,49
10409,52.518782,13.407929,50
10409,52.518782,13.407929,51
10409,52.517424,13.398110,52
10409,52.517424,13.398110,53
10409,52.517056,13.389052,54
10409,52.517056,13.389052,55
10409,52.516617,13.381070,56
10409,52.516617,13.381070,57
10409,52.516588,13.379951,58
10409,52.516622,13.379067,59
10409,52.516719,13.378079,60
10409,52.516914,13.376988,61
10409,52.517298,13.375866,62
10409,52.517719,13.374995,63
10409,52.518167,13.374359,64
10409,52.518615,13.373900,65
10409,52.519145,13.373528,66
10409,52.520132,13.373037,67
10409,52.520132,13.373037,68
10409,52.525329,13.370030,69
10430,52.498980,13.391697,0
10430,52.498324,13.391671,1
10430,52.497164,13.391353,2
10430,52.496849,13.391164,3
10430,52.495714,13.389800,4
10430,52.495246,13.389302,5
10430,52.494544,13.388717,6
10430,52.494544,13.388717,7
10430,52.494211,13.388424,8
10430,52.492024,13.387038,9
10430,52.490297,13.386355,10
10430,52.489605,13.386182,11
10430,52.488131,13.385940,12
10430,52.486962,13.385814,13
10430,52.485884,13.385834,14
10430,52.485884,13.385834,15
10430,52.484266,13.385828,16
10430,52.483961,13.385904,17
10430,52.483207,13.386217,18
10430,52.482713,13.386293,19
10430,52.478246,13.386215,20
10430,52.478246,13.386215,21
10430,52.472647,13.386068,22
10430,52.472198,13.385953,23
10430,52.471514,13.385677,24
10430,52.470983,13.385533,25
10430,52.469743,13.385569,26
10430,52.469743,13.385569,27
10430,52.468647,13.385649,28
10430,52.465358,13.385593,29
10430,52.465358,13.385593,30
10430,52.464181,13.385570,31
10430,52.463758,13.385528,32
10430,52.463345,13.385457,33
10430,52.460081,13.384607,34
10430,52.460081,13.384607,35
10430,52.457240,13.383960,36
10430,52.456772,13.383904,37
10430,52.456188,13.383907,38
10430,52.455398,13.384044,39
10430,52.453861,13.384347,40
10430,52.453861,13.384347,41
10430,52.452882,13.384514,42
10430,52.451984,13.384578,43
10430,52.446315,13.385609,44
10430,52.446315,13.385609,45
10430,52.443261,13.386229,46
10430,52.442722,13.386379,47
10430,52.441186,13.386931,48
10430,52.440819,13.387183,49
10430,52.439920,13.387497,50
10390,52.499057,13.418378,0
10390,52.498993,13.417598,1
10390,52.498756,13.415788,2
10390,52.498547,13.414376,3
10390,52.498537,13.413743,4
10390,52.498624,13.412417,5
10390,52.498428,13.408383,6
10390,52.498405,13.405394,7
10390,52.498405,13.405394,8
10390,52.498343,13.396648,9
10390,52.498233,13.395368,10
10390,52.498024,13.394132,11
10390,52.497831,13.392307,12
10390,52.497766,13.391247,13
10390,52.497809,13.390349,14
10390,52.497809,13.390349,15
10390,52.497915,13.389391,16
10390,52.498111,13.388521,17
10390,52.498895,13.385292,18
10390,52.499020,13.384526,19
10390,52.499090,13.383907,20
10390,52.499116,13.383494,21
10390,52.499124,13.382714,22
10390,52.499124,13.382714,23
10390,52.499032,13.381551,24
10390,52.499031,13.381154,25
10390,52.499084,13.380829,26
10390,52.499253,13.379886,27
10390,52.499333,13.379400,28
10390,52.499438,13.378324,29
10390,52.499429,13.378059,30
10390,52.499374,13.377456,31
10390,52.499382,13.377102,32
10390,52.499549,13.375261,33
10390,52.499555,13.374215,34
10395,52.499421,13.374216,0
10395,52.499442,13.375747,1
10395,52.499319,13.377088,2
10395,52.499329,13.377456,3
10395,52.499393,13.378045,4
10395,52.499393,13.378354,5
10395,52.499297,13.379400,6
10395,52.499217,13.379886,7
10395,52.499048,13.380800,8
10395,52.499004,13.381124,9
10395,52.498987,13.381522,10
10395,52.499088,13.382729,11
10395,52.499088,13.382729,12
10395,52.499090,13.383495,13
10395,52.499055,13.383951,14
10395,52.498984,13.384555,15
10395,52.498859,13.385263,16
10395,52.498093,13.388433,17
10395,52.497870,13.389480,18
10395,52.497755,13.390334,19
10395,52.497755,13.390334,20
10395,52.497721,13.391247,21
10395,52.497795,13.392307,22
10395,52.497979,13.394147,23
10395,52.498197,13.395382,24
10395,52.498307,13.396648,25
10395,52.498369,13.405394,26
10395,52.498369,13.405394,27
10395,52.498401,13.408383,28
10395,52.498588,13.412432,29
10395,52.498510,13.413743,30
10395,52.498520,13.414420,31
10395,52.498720,13.415788,32
10395,52.498875,13.417010,33
10395,52.498931,13.418423,34
10395,52.498931,13.418423,35
10395,52.499051,13.419822,36
10395,52.499151,13.426123,37
10395,52.499254,13.428273,38
10395,52.499254,13.428273,39
10395,52.499365,13.430084,40
10395,52.499295,13.431321,41
10395,52.500740,13.441195,42
10395,52.500740,13.441195,43
10395,52.500956,13.441916,44
10395,52.501056,13.442328,45
10395,52.501075,13.442711,46
10395,52.500870,13.444037,47
10395,52.500870,13.444361,48
10395,52.500925,13.444655,49
10395,52.501069,13.445023,50
10395,52.502852,13.447327,51
10395,52.503761,13.448045,52
10395,52.503914,13.448089,53
10395,52.504840,13.448807,54
10396,52.499421,13.374216,0
10396,52.499442,13.375747,1
10396,52.499319,13.377088,2
10396,52.499329,13.377456,3
10396,52.499393,13.378045,4
10396,52.499393,13.378354,5
10396,52.499297,13.379400,6
10396,52.499217,13.379886,7
10396,52.499048,13.380800,8
10396,52.499004,13.381124,9
10396,52.498987,13.381522,10
10396,52.499088,13.382729,11
10396,52.499088,13.382729,12
10396,52.499090,13.383495,13
10396,52.499055,13.383951,14
10396,52.498984,13.384555,15
10396,52.498859,13.385263,16
10396,52.498093,13.388433,17
10396,52.497870,13.389480,18
10396,52.497755,13.390334,19
10396,52.497755,13.390334,20
10396,52.497721,13.391247,21
10396,52.497795,13.392307,22
10396,52.497979,13.394147,23
10396,52.498197,13.395382,24
10396,52.498307,13.396648,25
10396,52.498369,13.405394,26
10396,52.498369,13.405394,27
10396,52.498401,13.408383,28
10396,52.498588,13.412432,29
10396,52.498510,13.413743,30
10396,52.498520,13.414420,31
10396,52.498720,13.415788,32
10396,52.498875,13.417010,33
10396,52.498931,13.418423,34
10396,52.498931,13.418423,35
10396,52.499051,13.419822,36
10396,52.499151,13.426123,37
10396,52.499254,13.428273,38
10396,52.499254,13.428273,39
10396,52.499365,13.430084,40
10396,52.499295,13.431321,41
10396,52.500740,13.441195,42
10396,52.500740,13.441195,43
10396,52.500956,13.441916,44
10396,52.501056,13.442328,45
10396,52.501075,13.442711,46
10396,52.500870,13.444051,47
10396,52.500870,13.444361,48
10396,52.500925,13.444655,49
10396,52.501060,13.445037,50
10396,52.502852,13.447327,51
10396,52.503950,13.448192,52
10396,52.504175,13.448471,53
10396,52.504841,13.449145,54
10397,52.499844,13.354570,0
10397,52.499744,13.354114,1
10397,52.499618,13.353805,2
10397,52.499029,13.351939,3
10397,52.496268,13.343343,4
10397,52.496268,13.343343,5
10397,52.496078,13.342770,6
10397,52.495852,13.342270,7
10397,52.495600,13.341978,8
10397,52.495267,13.341788,9
10397,52.494099,13.341752,10
10397,52.491241,13.341903,11
10397,52.490927,13.341787,12
10397,52.490692,13.341582,13
10397,52.490395,13.341201,14
10397,52.490133,13.340747,15
10397,52.489890,13.340498,16
10397,52.489584,13.340309,17
10397,52.489206,13.340252,18
10397,52.489206,13.340252,19
10397,52.488631,13.340138,20
10397,52.487849,13.340202,21
10397,52.482992,13.341956,22
10397,52.482992,13.341956,23
10397,52.480684,13.342824,24
10397,52.480397,13.343062,25
10397,52.479257,13.343584,26
10377,52.499890,13.354776,0
10377,52.499735,13.354114,1
10377,52.499725,13.353613,2
10377,52.499760,13.353157,3
10377,52.500471,13.349721,4
10377,52.501627,13.344324,5
10377,52.501787,13.343823,6
10377,52.501956,13.343056,7
10377,52.501956,13.343056,8
10377,52.502107,13.342318,9
10377,52.502321,13.341551,10
10377,52.502741,13.340562,11
10377,52.502830,13.340178,12
10377,52.502865,13.339825,13
10377,52.502837,13.339427,14
10377,52.502719,13.339001,15
10377,52.502494,13.338605,16
10377,52.500376,13.336380,17
10377,52.500376,13.336380,18
10377,52.498529,13.334449,19
10377,52.498205,13.334112,20
10377,52.497871,13.333643,21
10377,52.496888,13.332045,22
10377,52.496888,13.332045,23
10377,52.496445,13.331253,24
10377,52.496166,13.331004,25
10377,52.495824,13.330845,26
10377,52.495572,13.330581,27
10377,52.495382,13.330156,28
10377,52.495161,13.327787,29
10377,52.495106,13.327404,30
10377,52.494970,13.326978,31
10377,52.494183,13.324878,32
10377,52.494183,13.324878,33
10377,52.492789,13.321104,34
10377,52.490969,13.315846,35
10377,52.490734,13.315362,36
10375,52.499890,13.354776,0
10375,52.499735,13.354114,1
10375,52.499725,13.353613,2
10375,52.499760,13.353157,3
10375,52.500471,13.349721,4
10375,52.501627,13.344324,5
10375,52.501787,13.343823,6
10375,52.501956,13.343056,7
10375,52.501956,13.343056,8
10375,52.502107,13.342318,9
10375,52.502321,13.341551,10
10375,52.502741,13.340562,11
10375,52.502830,13.340178,12
10375,52.502865,13.339825,13
10375,52.502837,13.339427,14
10375,52.502719,13.339001,15
10375,52.502494,13.338605,16
10375,52.500376,13.336380,17
10375,52.500376,13.336380,18
10375,52.498529,13.334449,19
10375,52.498205,13.334112,20
10375,52.497871,13.333643,21
10375,52.496888,13.332045,22
10375,52.496888,13.332045,23
10375,52.496445,13.331253,24
10375,52.496166,13.331004,25
10375,52.495824,13.330845,26
10375,52.495572,13.330581,27
10375,52.495382,13.330156,28
10375,52.495161,13.327787,29
10375,52.495106,13.327404,30
10375,52.494970,13.326978,31
10375,52.494183,13.324878,32
10375,52.494183,13.324878,33
10375,52.492789,13.321104,34
10375,52.490969,13.315846,35
10375,52.490734,13.315362,36
10375,52.490734,13.315362,37
10375,52.490427,13.314878,38
10375,52.490121,13.314512,39
10375,52.489761,13.314279,40
10375,52.489428,13.314105,41
10375,52.489122,13.313989,42
10375,52.488807,13.313932,43
10375,52.481221,13.313427,44
10375,52.480664,13.313284,45
10375,52.480133,13.313008,46
10375,52.480133,13.313008,47
10375,52.479377,13.312542,48
10375,52.479008,13.312412,49
10375,52.478630,13.312459,50
10375,52.476441,13.313740,51
10375,52.475382,13.314175,52
10375,52.474493,13.314387,53
10375,52.473369,13.314366,54
10375,52.473369,13.314366,55
10375,52.472569,13.314327,56
10375,52.472057,13.314169,57
10375,52.471733,13.314009,58
10375,52.471066,13.313499,59
10375,52.470067,13.312711,60
10375,52.469400,13.312024,61
10375,52.468318,13.310811,62
10375,52.467624,13.309830,63
10375,52.467010,13.308731,64
10375,52.467010,13.308731,65
10375,52.466549,13.307866,66
10375,52.466143,13.307089,67
10375,52.465907,13.306355,68
10375,52.465752,13.305620,69
10375,52.465241,13.299430,70
10375,52.465067,13.298445,71
10375,52.464695,13.297182,72
10375,52.464071,13.295451,73
10375,52.464071,13.295451,74
10375,52.463627,13.294351,75
10375,52.463392,13.293838,76
10375,52.463184,13.293501,77
10375,52.462959,13.293149,78
10375,52.462706,13.292842,79
10375,52.462499,13.292608,80
10375,52.462247,13.292390,81
10375,52.461904,13.292157,82
10375,52.461697,13.292026,83
10375,52.458890,13.290826,84
10375,52.458593,13.290667,85
10375,52.458278,13.290434,86
10375,52.457170,13.289368,87
10375,52.457170,13.289368,88
10375,52.456557,13.288814,89
10375,52.456386,13.288712,90
10375,52.453061,13.285737,91
10375,52.452854,13.285503,92
10375,52.452646,13.285181,93
10375,52.452412,13.284815,94
10375,52.452185,13.284346,95
10375,52.451679,13.283159,96
10375,52.451425,13.282455,97
10375,52.451045,13.281575,98
10375,52.451045,13.281575,99
10375,52.450692,13.280769,100
10375,52.450421,13.280138,101
10375,52.450203,13.279419,102
10375,52.450057,13.278803,103
10375,52.449975,13.278289,104
10375,52.449901,13.277671,105
10375,52.449882,13.277127,106
10375,52.449898,13.276627,107
10375,52.450285,13.270740,108
10375,52.450381,13.269916,109
10375,52.450459,13.268812,110
10375,52.450459,13.268812,111
10375,52.450502,13.268032,112
10375,52.450499,13.267282,113
10375,52.450886,13.261395,114
10375,52.450910,13.260498,115
10375,52.450898,13.259527,116
10375,52.450859,13.258601,117
10375,52.450793,13.257748,118
10375,52.450701,13.256881,119
10375,52.450599,13.256058,120
10375,52.450462,13.255236,121
10375,52.450316,13.254354,122
10375,52.449925,13.253019,123
10375,52.449925,13.253019,124
10375,52.449508,13.251787,125
10375,52.449227,13.251098,126
10375,52.448783,13.250146,127
10375,52.448196,13.248945,128
10375,52.447599,13.247891,129
10375,52.447147,13.247130,130
10375,52.446100,13.245610,131
10375,52.445215,13.244264,132
10375,52.443850,13.241952,133
10375,52.443480,13.241411,134
10317,52.501614,13.342866,0
10317,52.504015,13.332586,1
10317,52.504015,13.332586,2
10317,52.502887,13.326968,3
10314,52.502806,13.327013,0
10314,52.503971,13.332601,1
10314,52.503971,13.332601,2
10314,52.504343,13.334351,3
10314,52.504398,13.334822,4
10314,52.504400,13.335397,5
10314,52.504302,13.335942,6
10314,52.504178,13.336400,7
10314,52.504008,13.336901,8
10314,52.502883,13.339736,9
10314,52.502579,13.340386,10
10314,52.502168,13.341390,11
10314,52.501837,13.342188,12
10314,52.501614,13.342866,13
10314,52.501614,13.342866,14
10314,52.501473,13.343780,15
10314,52.501305,13.345063,16
10314,52.500354,13.349648,17
10314,52.499705,13.352509,18
10314,52.499670,13.352936,19
10314,52.499707,13.353496,20
10314,52.499934,13.354510,21
10314,52.499934,13.354510,22
10314,52.500287,13.355716,23
10314,52.500921,13.357744,24
10314,52.500976,13.358023,25
10314,52.500967,13.358362,26
10314,52.500896,13.358790,27
10314,52.500085,13.361460,28
10314,52.500085,13.361460,29
10314,52.499657,13.363067,30
10314,52.499604,13.363657,31
10314,52.499704,13.364172,32
10314,52.499913,13.364995,33
10314,52.499995,13.365510,34
10314,52.499978,13.366114,35
10314,52.499793,13.367646,36
10314,52.499705,13.368383,37
10314,52.499634,13.369134,38
10314,52.499557,13.370755,39
10314,52.499516,13.372831,40
10314,52.499455,13.373479,41
10314,52.499421,13.374216,42
10314,52.499421,13.374216,43
10314,52.499442,13.375747,44
10314,52.499319,13.377088,45
10314,52.499329,13.377456,46
10314,52.499393,13.378045,47
10314,52.499393,13.378354,48
10314,52.499297,13.379400,49
10314,52.499217,13.379886,50
10314,52.499048,13.380800,51
10314,52.499004,13.381124,52
10314,52.498987,13.381522,53
10314,52.499088,13.382729,54
10314,52.499088,13.382729,55
10314,52.499090,13.383495,56
10314,52.499055,13.383951,57
10314,52.498984,13.384555,58
10314,52.498859,13.385263,59
10314,52.498093,13.388433,60
10314,52.497870,13.389480,61
10314,52.497755,13.390334,62
10314,52.497755,13.390334,63
10314,52.497721,13.391247,64
10314,52.497795,13.392307,65
10314,52.497979,13.394147,66
10314,52.498197,13.395382,67
10314,52.498307,13.396648,68
10314,52.498369,13.405394,69
10314,52.498369,13.405394,70
10314,52.498401,13.408383,71
10314,52.498588,13.412432,72
10314,52.498510,13.413743,73
10314,52.498520,13.414420,74
10314,52.498720,13.415788,75
10314,52.498875,13.417010,76
10314,52.498931,13.418423,77
10314,52.498931,13.418423,78
10314,52.499051,13.419822,79
10314,52.499151,13.426123,80
10314,52.499254,13.428273,81
10314,52.499254,13.428273,82
10314,52.499365,13.430084,83
10314,52.499295,13.431321,84
10314,52.500740,13.441195,85
10314,52.500740,13.441195,86
10314,52.500956,13.441916,87
10314,52.501056,13.442328,88
10314,52.501075,13.442711,89
10314,52.500870,13.444037,90
10314,52.500870,13.444361,91
10314,52.500925,13.444655,92
10314,52.501069,13.445023,93
10314,52.502852,13.447327,94
10314,52.503761,13.448045,95
10314,52.503914,13.448089,96
10314,52.504840,13.448807,97
10315,52.502806,13.327013,0
10315,52.503971,13.332601,1
10315,52.503971,13.332601,2
10315,52.504343,13.334351,3
10315,52.504398,13.334822,4
10315,52.504400,13.335397,5
10315,52.504302,13.335942,6
10315,52.504178,13.336400,7
10315,52.504008,13.336901,8
10315,52.502883,13.339736,9
10315,52.502579,13.340386,10
10315,52.502168,13.341390,11
10315,52.501837,13.342188,12
10315,52.501614,13.342866,13
10315,52.501614,13.342866,14
10315,52.501473,13.343780,15
10315,52.501305,13.345063,16
10315,52.500354,13.349648,17
10315,52.499705,13.352509,18
10315,52.499670,13.352936,19
10315,52.499707,13.353496,20
10315,52.499934,13.354510,21
10315,52.499934,13.354510,22
10315,52.500287,13.355716,23
10315,52.500921,13.357744,24
10315,52.500976,13.358023,25
10315,52.500967,13.358362,26
10315,52.500896,13.358790,27
10315,52.500085,13.361460,28
10315,52.500085,13.361460,29
10315,52.499657,13.363067,30
10315,52.499604,13.363657,31
10315,52.499704,13.364172,32
10315,52.499913,13.364995,33
10315,52.499995,13.365510,34
10315,52.499978,13.366114,35
10315,52.499793,13.367646,36
10315,52.499705,13.368383,37
10315,52.499634,13.369134,38
10315,52.499557,13.370755,39
10315,52.499516,13.372831,40
10315,52.499455,13.373479,41
10315,52.499421,13.374216,42
10315,52.499421,13.374216,43
10315,52.499442,13.375747,44
10315,52.499319,13.377088,45
10315,52.499329,13.377456,46
10315,52.499393,13.378045,47
10315,52.499393,13.378354,48
10315,52.499297,13.379400,49
10315,52.499217,13.379886,50
10315,52.499048,13.380800,51
10315,52.499004,13.381124,52
10315,52.498987,13.381522,53
10315,52.499088,13.382729,54
10315,52.499088,13.382729,55
10315,52.499090,13.383495,56
10315,52.499055,13.383951,57
10315,52.498984,13.384555,58
10315,52.498859,13.385263,59
10315,52.498093,13.388433,60
10315,52.497870,13.389480,61
10315,52.497755,13.390334,62
10315,52.497755,13.390334,63
10315,52.497721,13.391247,64
10315,52.497795,13.392307,65
10315,52.497979,13.394147,66
10315,52.498197,13.395382,67
10315,52.498307,13.396648,68
10315,52.498369,13.405394,69
10315,52.498369,13.405394,70
10315,52.498401,13.408383,71
10315,52.498588,13.412432,72
10315,52.498510,13.413743,73
10315,52.498520,13.414420,74
10315,52.498720,13.415788,75
10315,52.498875,13.417010,76
10315,52.498931,13.418423,77
10315,52.498931,13.418423,78
10315,52.499051,13.419822,79
10315,52.499151,13.426123,80
10315,52.499254,13.428273,81
10315,52.499254,13.428273,82
10315,52.499365,13.430084,83
10315,52.499295,13.431321,84
10315,52.500740,13.441195,85
10315,52.500740,13.441195,86
10315,52.500956,13.441916,87
10315,52.501056,13.442328,88
10315,52.501075,13.442711,89
10315,52.500870,13.444051,90
10315,52.500870,13.444361,91
10315,52.500925,13.444655,92
10315,52.501060,13.445037,93
10315,52.502852,13.447327,94
10315,52.503950,13.448192,95
10315,52.504175,13.448471,96
10315,52.504841,13.449145,97
10318,52.502887,13.326968,0
10318,52.503269,13.328895,1
10318,52.503316,13.329484,2
10318,52.503971,13.332601,3
10318,52.503971,13.332601,4
10318,52.504343,13.334351,5
10318,52.504398,13.334822,6
10318,52.504400,13.335397,7
10318,52.504302,13.335942,8
10318,52.504178,13.336400,9
10318,52.504008,13.336901,10
10318,52.502883,13.339736,11
10318,52.502579,13.340386,12
10318,52.502168,13.341390,13
10318,52.501837,13.342188,14
10318,52.501614,13.342866,15
10316,52.502887,13.326968,0
10316,52.503269,13.328895,1
10316,52.503316,13.329484,2
10316,52.503971,13.332601,3
10316,52.503971,13.332601,4
10316,52.504343,13.334351,5
10316,52.504398,13.334822,6
10316,52.504400,13.335397,7
10316,52.504302,13.335942,8
10316,52.504178,13.336400,9
10316,52.504008,13.336901,10
10316,52.502883,13.339736,11
10316,52.502579,13.340386,12
10316,52.502168,13.341390,13
10316,52.501837,13.342188,14
10316,52.501614,13.342866,15
10316,52.501614,13.342866,16
10316,52.501473,13.343780,17
10316,52.501305,13.345063,18
10316,52.500354,13.349648,19
10316,52.499705,13.352509,20
10316,52.499670,13.352936,21
10316,52.499707,13.353496,22
10316,52.499934,13.354510,23
10316,52.499934,13.354510,24
10316,52.500287,13.355716,25
10316,52.500921,13.357744,26
10316,52.500976,13.358023,27
10316,52.500967,13.358362,28
10316,52.500896,13.358790,29
10316,52.500085,13.361460,30
10316,52.500085,13.361460,31
10316,52.499657,13.363067,32
10316,52.499604,13.363657,33
10316,52.499704,13.364172,34
10316,52.499913,13.364995,35
10316,52.499995,13.365510,36
10316,52.499978,13.366114,37
10316,52.499793,13.367646,38
10316,52.499705,13.368383,39
10316,52.499634,13.369134,40
10316,52.499557,13.370755,41
10316,52.499516,13.372831,42
10316,52.499455,13.373479,43
10316,52.499421,13.374216,44
10316,52.499421,13.374216,45
10316,52.499442,13.375747,46
10316,52.499319,13.377088,47
10316,52.499329,13.377456,48
10316,52.499393,13.378045,49
10316,52.499393,13.378354,50
10316,52.499297,13.379400,51
10316,52.499217,13.379886,52
10316,52.499048,13.380800,53
10316,52.499004,13.381124,54
10316,52.498987,13.381522,55
10316,52.499088,13.382729,56
10316,52.499088,13.382729,57
10316,52.499090,13.383495,58
10316,52.499055,13.383951,59
10316,52.498984,13.384555,60
10316,52.498859,13.385263,61
10316,52.498093,13.388433,62
10316,52.497870,13.389480,63
10316,52.497755,13.390334,64
10316,52.497755,13.390334,65
10316,52.497721,13.391247,66
10316,52.497795,13.392307,67
10316,52.497979,13.394147,68
10316,52.498197,13.395382,69
10316,52.498307,13.396648,70
10316,52.498369,13.405394,71
10316,52.498369,13.405394,72
10316,52.498401,13.408383,73
10316,52.498588,13.412432,74
10316,52.498510,13.413743,75
10316,52.498520,13.414420,76
10316,52.498720,13.415788,77
10316,52.498875,13.417010,78
10316,52.498931,13.418423,79
10316,52.498931,13.418423,80
10316,52.499051,13.419822,81
10316,52.499151,13.426123,82
10316,52.499254,13.428273,83
10316,52.499254,13.428273,84
10316,52.499365,13.430084,85
10316,52.499295,13.431321,86
10316,52.500740,13.441195,87
10316,52.500740,13.441195,88
10316,52.500956,13.441916,89
10316,52.501056,13.442328,90
10316,52.501075,13.442711,91
10316,52.500870,13.444037,92
10316,52.500870,13.444361,93
10316,52.500925,13.444655,94
10316,52.501069,13.445023,95
10316,52.502852,13.447327,96
10316,52.503761,13.448045,97
10316,52.503914,13.448089,98
10316,52.504840,13.448807,99
10389,52.504840,13.448807,0
10389,52.502879,13.447254,1
10389,52.501105,13.444993,2
10389,52.500952,13.444640,3
10389,52.500915,13.444361,4
10389,52.500906,13.444051,5
10389,52.501111,13.442725,6
10389,52.501101,13.442328,7
10389,52.501001,13.441872,8
10389,52.500776,13.441180,9
10389,52.500776,13.441180,10
10389,52.499331,13.431321,11
10389,52.499419,13.430069,12
10389,52.499308,13.428258,13
10389,52.499308,13.428258,14
10389,52.499187,13.426123,15
10389,52.499114,13.419748,16
10389,52.499057,13.418378,17
10389,52.499057,13.418378,18
10389,52.498993,13.417598,19
10389,52.498756,13.415788,20
10389,52.498547,13.414376,21
10389,52.498537,13.413743,22
10389,52.498624,13.412417,23
10389,52.498428,13.408383,24
10389,52.498405,13.405394,25
10389,52.498405,13.405394,26
10389,52.498343,13.396648,27
10389,52.498233,13.395368,28
10389,52.498024,13.394132,29
10389,52.497831,13.392307,30
10389,52.497766,13.391247,31
10389,52.497809,13.390349,32
10389,52.497809,13.390349,33
10389,52.497915,13.389391,34
10389,52.498111,13.388521,35
10389,52.498895,13.385292,36
10389,52.499020,13.384526,37
10389,52.499090,13.383907,38
10389,52.499116,13.383494,39
10389,52.499124,13.382714,40
10389,52.499124,13.382714,41
10389,52.499032,13.381551,42
10389,52.499031,13.381154,43
10389,52.499084,13.380829,44
10389,52.499253,13.379886,45
10389,52.499333,13.379400,46
10389,52.499438,13.378324,47
10389,52.499429,13.378059,48
10389,52.499374,13.377456,49
10389,52.499382,13.377102,50
10389,52.499549,13.375261,51
10389,52.499555,13.374215,52
10313,52.504840,13.448807,0
10313,52.502879,13.447254,1
10313,52.501105,13.444993,2
10313,52.500952,13.444640,3
10313,52.500915,13.444361,4
10313,52.500906,13.444051,5
10313,52.501111,13.442725,6
10313,52.501101,13.442328,7
10313,52.501001,13.441872,8
10313,52.500776,13.441180,9
10313,52.500776,13.441180,10
10313,52.499331,13.431321,11
10313,52.499419,13.430069,12
10313,52.499308,13.428258,13
10313,52.499308,13.428258,14
10313,52.499187,13.426123,15
10313,52.499114,13.419748,16
10313,52.499057,13.418378,17
10313,52.499057,13.418378,18
10313,52.498993,13.417598,19
10313,52.498756,13.415788,20
10313,52.498547,13.414376,21
10313,52.498537,13.413743,22
10313,52.498624,13.412417,23
10313,52.498428,13.408383,24
10313,52.498405,13.405394,25
10313,52.498405,13.405394,26
10313,52.498343,13.396648,27
10313,52.498233,13.395368,28
10313,52.498024,13.394132,29
10313,52.497831,13.392307,30
10313,52.497766,13.391247,31
10313,52.497809,13.390349,32
10313,52.497809,13.390349,33
10313,52.497915,13.389391,34
10313,52.498111,13.388521,35
10313,52.498895,13.385292,36
10313,52.499020,13.384526,37
10313,52.499090,13.383907,38
10313,52.499116,13.383494,39
10313,52.499124,13.382714,40
10313,52.499124,13.382714,41
10313,52.499032,13.381551,42
10313,52.499031,13.381154,43
10313,52.499084,13.380829,44
10313,52.499253,13.379886,45
10313,52.499333,13.379400,46
10313,52.499438,13.378324,47
10313,52.499429,13.378059,48
10313,52.499374,13.377456,49
10313,52.499382,13.377102,50
10313,52.499549,13.375261,51
10313,52.499555,13.374215,52
10313,52.499555,13.374215,53
10313,52.499606,13.372698,54
10313,52.499636,13.369974,55
10313,52.499688,13.369075,56
10313,52.499750,13.368427,57
10313,52.500023,13.366128,58
10313,52.500040,13.365510,59
10313,52.499958,13.364936,60
10313,52.499740,13.364157,61
10313,52.499658,13.363656,62
10313,52.499684,13.363170,63
10313,52.500139,13.361489,64
10313,52.500139,13.361489,65
10313,52.500941,13.358804,66
10313,52.501030,13.358288,67
10313,52.501020,13.357979,68
10313,52.500966,13.357699,69
10313,52.499988,13.354701,70
10313,52.499988,13.354701,71
10313,52.499725,13.353613,72
10313,52.499760,13.353157,73
10313,52.500471,13.349721,74
10313,52.501627,13.344324,75
10313,52.501787,13.343808,76
10313,52.501956,13.343056,77
10313,52.501956,13.343056,78
10313,52.502107,13.342304,79
10313,52.502196,13.342023,80
10313,52.502366,13.341595,81
10313,52.502777,13.340591,82
10313,52.503071,13.339632,83
10313,52.503652,13.338156,84
10313,52.504099,13.337195,85
10313,52.504242,13.336812,86
10313,52.504331,13.336472,87
10313,52.504401,13.335986,88
10313,52.504436,13.335396,89
10313,52.504452,13.334807,90
10313,52.504388,13.334336,91
10313,52.504015,13.332586,92
10313,52.504015,13.332586,93
10313,52.502887,13.326968,94
10381,52.504840,13.448807,0
10381,52.502879,13.447254,1
10381,52.501105,13.444993,2
10381,52.500952,13.444640,3
10381,52.500915,13.444361,4
10381,52.500906,13.444051,5
10381,52.501111,13.442725,6
10381,52.501101,13.442328,7
10381,52.501001,13.441872,8
10381,52.500776,13.441180,9
10381,52.500776,13.441180,10
10381,52.499331,13.431321,11
10381,52.499419,13.430069,12
10381,52.499308,13.428258,13
10381,52.499308,13.428258,14
10381,52.499187,13.426123,15
10381,52.499114,13.419748,16
10381,52.499057,13.418378,17
10381,52.499057,13.418378,18
10381,52.498993,13.417598,19
10381,52.498756,13.415788,20
10381,52.498547,13.414376,21
10381,52.498537,13.413743,22
10381,52.498624,13.412417,23
10381,52.498428,13.408383,24
10381,52.498405,13.405394,25
10381,52.498405,13.405394,26
10381,52.498343,13.396648,27
10381,52.498233,13.395368,28
10381,52.498024,13.394132,29
10381,52.497831,13.392307,30
10381,52.497766,13.391247,31
10381,52.497809,13.390349,32
10381,52.497809,13.390349,33
10381,52.497915,13.389391,34
10381,52.498111,13.388521,35
10381,52.498895,13.385292,36
10381,52.499020,13.384526,37
10381,52.499090,13.383907,38
10381,52.499116,13.383494,39
10381,52.499124,13.382714,40
10381,52.499124,13.382714,41
10381,52.499032,13.381551,42
10381,52.499031,13.381154,43
10381,52.499084,13.380829,44
10381,52.499253,13.379886,45
10381,52.499333,13.379400,46
10381,52.499438,13.378324,47
10381,52.499429,13.378059,48
10381,52.499374,13.377456,49
10381,52.499382,13.377102,50
10381,52.499549,13.375261,51
10381,52.499555,13.374215,52
10381,52.499555,13.374215,53
10381,52.499606,13.372698,54
10381,52.499636,13.369974,55
10381,52.499688,13.369075,56
10381,52.499750,13.368427,57
10381,52.500023,13.366128,58
10381,52.500040,13.365510,59
10381,52.499958,13.364936,60
10381,52.499740,13.364157,61
10381,52.499658,13.363656,62
10381,52.499684,13.363170,63
10381,52.500139,13.361489,64
10381,52.500139,13.361489,65
10381,52.500941,13.358804,66
10381,52.501030,13.358288,67
10381,52.501020,13.357979,68
10381,52.500966,13.357699,69
10381,52.499988,13.354701,70
10381,52.499988,13.354701,71
10381,52.499725,13.353613,72
10381,52.499760,13.353157,73
10381,52.500471,13.349721,74
10381,52.501627,13.344324,75
10381,52.501787,13.343808,76
10381,52.501956,13.343056,77
10381,52.501956,13.343056,78
10381,52.502107,13.342318,79
10381,52.502321,13.341551,80
10381,52.502741,13.340562,81
10381,52.502830,13.340178,82
10381,52.502865,13.339825,83
10381,52.502837,13.339427,84
10381,52.502719,13.339001,85
10381,52.502494,13.338605,86
10381,52.500376,13.336380,87
10381,52.500376,13.336380,88
10381,52.498529,13.334449,89
10381,52.498205,13.334112,90
10381,52.497871,13.333643,91
10381,52.496888,13.332045,92
10381,52.496888,13.332045,93
10381,52.496445,13.331253,94
10381,52.496166,13.331004,95
10381,52.495824,13.330845,96
10381,52.495572,13.330581,97
10381,52.495382,13.330156,98
10381,52.495161,13.327787,99
10381,52.495106,13.327404,100
10381,52.494970,13.326978,101
10381,52.494183,13.324878,102
10381,52.494183,13.324878,103
10381,52.492789,13.321104,104
10381,52.490969,13.315846,105
10381,52.490734,13.315362,106
10380,52.504840,13.448807,0
10380,52.502879,13.447254,1
10380,52.501105,13.444993,2
10380,52.500952,13.444640,3
10380,52.500915,13.444361,4
10380,52.500906,13.444051,5
10380,52.501111,13.442725,6
10380,52.501101,13.442328,7
10380,52.501001,13.441872,8
10380,52.500776,13.441180,9
10380,52.500776,13.441180,10
10380,52.499331,13.431321,11
10380,52.499419,13.430069,12
10380,52.499308,13.428258,13
10380,52.499308,13.428258,14
10380,52.499187,13.426123,15
10380,52.499114,13.419748,16
10380,52.499057,13.418378,17
10380,52.499057,13.418378,18
10380,52.498993,13.417598,19
10380,52.498756,13.415788,20
10380,52.498547,13.414376,21
10380,52.498537,13.413743,22
10380,52.498624,13.412417,23
10380,52.498428,13.408383,24
10380,52.498405,13.405394,25
10380,52.498405,13.405394,26
10380,52.498343,13.396648,27
10380,52.498233,13.395368,28
10380,52.498024,13.394132,29
10380,52.497831,13.392307,30
10380,52.497766,13.391247,31
10380,52.497809,13.390349,32
10380,52.497809,13.390349,33
10380,52.497915,13.389391,34
10380,52.498111,13.388521,35
10380,52.498895,13.385292,36
10380,52.499020,13.384526,37
10380,52.499090,13.383907,38
10380,52.499116,13.383494,39
10380,52.499124,13.382714,40
10380,52.499124,13.382714,41
10380,52.499032,13.381551,42
10380,52.499031,13.381154,43
10380,52.499084,13.380829,44
10380,52.499253,13.379886,45
10380,52.499333,13.379400,46
10380,52.499438,13.378324,47
10380,52.499429,13.378059,48
10380,52.499374,13.377456,49
10380,52.499382,13.377102,50
10380,52.499549,13.375261,51
10380,52.499555,13.374215,52
10380,52.499555,13.374215,53
10380,52.499606,13.372698,54
10380,52.499636,13.369974,55
10380,52.499688,13.369075,56
10380,52.499750,13.368427,57
10380,52.500023,13.366128,58
10380,52.500040,13.365510,59
10380,52.499958,13.364936,60
10380,52.499740,13.364157,61
10380,52.499658,13.363656,62
10380,52.499684,13.363170,63
10380,52.500139,13.361489,64
10380,52.500139,13.361489,65
10380,52.500941,13.358804,66
10380,52.501030,13.358288,67
10380,52.501020,13.357979,68
10380,52.500966,13.357699,69
10380,52.499988,13.354701,70
10380,52.499988,13.354701,71
10380,52.499725,13.353613,72
10380,52.499760,13.353157,73
10380,52.500471,13.349721,74
10380,52.501627,13.344324,75
10380,52.501787,13.343808,76
10380,52.501956,13.343056,77
10380,52.501956,13.343056,78
10380,52.502107,13.342318,79
10380,52.502321,13.341551,80
10380,52.502741,13.340562,81
10380,52.502830,13.340178,82
10380,52.502865,13.339825,83
10380,52.502837,13.339427,84
10380,52.502719,13.339001,85
10380,52.502494,13.338605,86
10380,52.500376,13.336380,87
10380,52.500376,13.336380,88
10380,52.498529,13.334449,89
10380,52.498205,13.334112,90
10380,52.497871,13.333643,91
10380,52.496888,13.332045,92
10380,52.496888,13.332045,93
10380,52.496445,13.331253,94
10380,52.496166,13.331004,95
10380,52.495824,13.330845,96
10380,52.495572,13.330581,97
10380,52.495382,13.330156,98
10380,52.495161,13.327787,99
10380,52.495106,13.327404,100
10380,52.494970,13.326978,101
10380,52.494183,13.324878,102
10380,52.494183,13.324878,103
10380,52.492789,13.321104,104
10380,52.490969,13.315846,105
10380,52.490734,13.315362,106
10380,52.490734,13.315362,107
10380,52.490427,13.314878,108
10380,52.490121,13.314512,109
10380,52.489761,13.314279,110
10380,52.489428,13.314105,111
10380,52.489122,13.313989,112
10380,52.488807,13.313932,113
10380,52.481221,13.313427,114
10380,52.480664,13.313284,115
10380,52.480133,13.313008,116
10380,52.480133,13.313008,117
10380,52.479377,13.312542,118
10380,52.479008,13.312412,119
10380,52.478630,13.312459,120
10380,52.476441,13.313740,121
10380,52.475382,13.314175,122
10380,52.474493,13.314387,123
10380,52.473369,13.314366,124
10380,52.473369,13.314366,125
10380,52.472569,13.314327,126
10380,52.472057,13.314169,127
10380,52.471733,13.314009,128
10380,52.471066,13.313499,129
10380,52.470067,13.312711,130
10380,52.469400,13.312024,131
10380,52.468318,13.310811,132
10380,52.467624,13.309830,133
10380,52.467010,13.308731,134
10379,52.504840,13.448807,0
10379,52.502879,13.447254,1
10379,52.501105,13.444993,2
10379,52.500952,13.444640,3
10379,52.500915,13.444361,4
10379,52.500906,13.444051,5
10379,52.501111,13.442725,6
10379,52.501101,13.442328,7
10379,52.501001,13.441872,8
10379,52.500776,13.441180,9
10379,52.500776,13.441180,10
10379,52.499331,13.431321,11
10379,52.499419,13.430069,12
10379,52.499308,13.428258,13
10379,52.499308,13.428258,14
10379,52.499187,13.426123,15
10379,52.499114,13.419748,16
10379,52.499057,13.418378,17
10379,52.499057,13.418378,18
10379,52.498993,13.417598,19
10379,52.498756,13.415788,20
10379,52.498547,13.414376,21
10379,52.498537,13.413743,22
10379,52.498624,13.412417,23
10379,52.498428,13.408383,24
10379,52.498405,13.405394,25
10379,52.498405,13.405394,26
10379,52.498343,13.396648,27
10379,52.498233,13.395368,28
10379,52.498024,13.394132,29
10379,52.497831,13.392307,30
10379,52.497766,13.391247,31
10379,52.497809,13.390349,32
10379,52.497809,13.390349,33
10379,52.497915,13.389391,34
10379,52.498111,13.388521,35
10379,52.498895,13.385292,36
10379,52.499020,13.384526,37
10379,52.499090,13.383907,38
10379,52.499116,13.383494,39
10379,52.499124,13.382714,40
10379,52.499124,13.382714,41
10379,52.499032,13.381551,42
10379,52.499031,13.381154,43
10379,52.499084,13.380829,44
10379,52.499253,13.379886,45
10379,52.499333,13.379400,46
10379,52.499438,13.378324,47
10379,52.499429,13.378059,48
10379,52.499374,13.377456,49
10379,52.499382,13.377102,50
10379,52.499549,13.375261,51
10379,52.499555,13.374215,52
10379,52.499555,13.374215,53
10379,52.499606,13.372698,54
10379,52.499636,13.369974,55
10379,52.499688,13.369075,56
10379,52.499750,13.368427,57
10379,52.500023,13.366128,58
10379,52.500040,13.365510,59
10379,52.499958,13.364936,60
10379,52.499740,13.364157,61
10379,52.499658,13.363656,62
10379,52.499684,13.363170,63
10379,52.500139,13.361489,64
10379,52.500139,13.361489,65
10379,52.500941,13.358804,66
10379,52.501030,13.358288,67
10379,52.501020,13.357979,68
10379,52.500966,13.357699,69
10379,52.499988,13.354701,70
10379,52.499988,13.354701,71
10379,52.499725,13.353613,72
10379,52.499760,13.353157,73
10379,52.500471,13.349721,74
10379,52.501627,13.344324,75
10379,52.501787,13.343808,76
10379,52.501956,13.343056,77
10379,52.501956,13.343056,78
10379,52.502107,13.342318,79
10379,52.502321,13.341551,80
10379,52.502741,13.340562,81
10379,52.502830,13.340178,82
10379,52.502865,13.339825,83
10379,52.502837,13.339427,84
10379,52.502719,13.339001,85
10379,52.502494,13.338605,86
10379,52.500376,13.336380,87
10379,52.500376,13.336380,88
10379,52.498529,13.334449,89
10379,52.498205,13.334112,90
10379,52.497871,13.333643,91
10379,52.496888,13.332045,92
10379,52.496888,13.332045,93
10379,52.496445,13.331253,94
10379,52.496166,13.331004,95
10379,52.495824,13.330845,96
10379,52.495572,13.330581,97
10379,52.495382,13.330156,98
10379,52.495161,13.327787,99
10379,52.495106,13.327404,100
10379,52.494970,13.326978,101
10379,52.494183,13.324878,102
10379,52.494183,13.324878,103
10379,52.492789,13.321104,104
10379,52.490969,13.315846,105
10379,52.490734,13.315362,106
10379,52.490734,13.315362,107
10379,52.490427,13.314878,108
10379,52.490121,13.314512,109
10379,52.489761,13.314279,110
10379,52.489428,13.314105,111
10379,52.489122,13.313989,112
10379,52.488807,13.313932,113
10379,52.481221,13.313427,114
10379,52.480664,13.313284,115
10379,52.480133,13.313008,116
10379,52.480133,13.313008,117
10379,52.479377,13.312542,118
10379,52.479008,13.312412,119
10379,52.478630,13.312459,120
10379,52.476441,13.313740,121
10379,52.475382,13.314175,122
10379,52.474493,13.314387,123
10379,52.473369,13.314366,124
10379,52.473369,13.314366,125
10379,52.472569,13.314327,126
10379,52.472057,13.314169,127
10379,52.471733,13.314009,128
10379,52.471066,13.313499,129
10379,52.470067,13.312711,130
10379,52.469400,13.312024,131
10379,52.468318,13.310811,132
10379,52.467624,13.309830,133
10379,52.467010,13.308731,134
10379,52.467010,13.308731,135
10379,52.466549,13.307866,136
10379,52.466143,13.307089,137
10379,52.465907,13.306355,138
10379,52.465752,13.305620,139
10379,52.465241,13.299430,140
10379,52.465067,13.298445,141
10379,52.464695,13.297182,142
10379,52.464071,13.295451,143
10379,52.464071,13.295451,144
10379,52.463627,13.294351,145
10379,52.463392,13.293838,146
10379,52.463184,13.293501,147
10379,52.462959,13.293149,148
10379,52.462706,13.292842,149
10379,52.462499,13.292608,150
10379,52.462247,13.292390,151
10379,52.461904,13.292157,152
10379,52.461697,13.292026,153
10379,52.458890,13.290826,154
10379,52.458593,13.290667,155
10379,52.458278,13.290434,156
10379,52.457170,13.289368,157
10379,52.457170,13.289368,158
10379,52.456557,13.288814,159
10379,52.456386,13.288712,160
10379,52.453061,13.285737,161
10379,52.452854,13.285503,162
10379,52.452646,13.285181,163
10379,52.452412,13.284815,164
10379,52.452185,13.284346,165
10379,52.451679,13.283159,166
10379,52.451425,13.282455,167
10379,52.451045,13.281575,168
10379,52.451045,13.281575,169
10379,52.450692,13.280769,170
10379,52.450421,13.280138,171
10379,52.450203,13.279419,172
10379,52.450057,13.278803,173
10379,52.449975,13.278289,174
10379,52.449901,13.277671,175
10379,52.449882,13.277127,176
10379,52.449898,13.276627,177
10379,52.450285,13.270740,178
10379,52.450381,13.269916,179
10379,52.450459,13.268812,180
10379,52.450459,13.268812,181
10379,52.450502,13.268032,182
10379,52.450499,13.267282,183
10379,52.450886,13.261395,184
10379,52.450910,13.260498,185
10379,52.450898,13.259527,186
10379,52.450859,13.258601,187
10379,52.450793,13.257748,188
10379,52.450701,13.256881,189
10379,52.450599,13.256058,190
10379,52.450462,13.255236,191
10379,52.450316,13.254354,192
10379,52.449925,13.253019,193
10379,52.449925,13.253019,194
10379,52.449508,13.251787,195
10379,52.449227,13.251098,196
10379,52.448783,13.250146,197
10379,52.448196,13.248945,198
10379,52.447599,13.247891,199
10379,52.447147,13.247130,200
10379,52.446100,13.245610,201
10379,52.445215,13.244264,202
10379,52.443850,13.241952,203
10379,52.443480,13.241411,204
10392,52.504841,13.449145,0
10392,52.504175,13.448471,1
10392,52.503770,13.447971,2
10392,52.502888,13.447253,3
10392,52.501105,13.444993,4
10392,52.500952,13.444625,5
10392,52.500906,13.444361,6
10392,52.500906,13.444051,7
10392,52.501111,13.442725,8
10392,52.501101,13.442313,9
10392,52.501001,13.441872,10
10392,52.500776,13.441180,11
10392,52.500776,13.441180,12
10392,52.499331,13.431321,13
10392,52.499419,13.430069,14
10392,52.499308,13.428258,15
10392,52.499308,13.428258,16
10392,52.499187,13.426123,17
10392,52.499114,13.419748,18
10392,52.499057,13.418378,19
10392,52.499057,13.418378,20
10392,52.498993,13.417598,21
10392,52.498756,13.415788,22
10392,52.498547,13.414376,23
10392,52.498537,13.413743,24
10392,52.498624,13.412417,25
10392,52.498428,13.408383,26
10392,52.498405,13.405394,27
10392,52.498405,13.405394,28
10392,52.498343,13.396648,29
10392,52.498233,13.395368,30
10392,52.498024,13.394132,31
10392,52.497831,13.392307,32
10392,52.497766,13.391247,33
10392,52.497809,13.390349,34
10392,52.497809,13.390349,35
10392,52.497915,13.389391,36
10392,52.498111,13.388521,37
10392,52.498895,13.385292,38
10392,52.499020,13.384526,39
10392,52.499090,13.383907,40
10392,52.499116,13.383494,41
10392,52.499124,13.382714,42
10392,52.499124,13.382714,43
10392,52.499032,13.381551,44
10392,52.499031,13.381154,45
10392,52.499084,13.380829,46
10392,52.499253,13.379886,47
10392,52.499333,13.379400,48
10392,52.499438,13.378324,49
10392,52.499429,13.378059,50
10392,52.499374,13.377456,51
10392,52.499382,13.377102,52
10392,52.499549,13.375261,53
10392,52.499555,13.374215,54
10312,52.504841,13.449145,0
10312,52.504175,13.448471,1
10312,52.503770,13.447971,2
10312,52.502888,13.447253,3
10312,52.501105,13.444993,4
10312,52.500952,13.444625,5
10312,52.500906,13.444361,6
10312,52.500906,13.444051,7
10312,52.501111,13.442725,8
10312,52.501101,13.442313,9
10312,52.501001,13.441872,10
10312,52.500776,13.441180,11
10312,52.500776,13.441180,12
10312,52.499331,13.431321,13
10312,52.499419,13.430069,14
10312,52.499308,13.428258,15
10312,52.499308,13.428258,16
10312,52.499187,13.426123,17
10312,52.499114,13.419748,18
10312,52.499057,13.418378,19
10312,52.499057,13.418378,20
10312,52.498993,13.417598,21
10312,52.498756,13.415788,22
10312,52.498547,13.414376,23
10312,52.498537,13.413743,24
10312,52.498624,13.412417,25
10312,52.498428,13.408383,26
10312,52.498405,13.405394,27
10312,52.498405,13.405394,28
10312,52.498343,13.396648,29
10312,52.498233,13.395368,30
10312,52.498024,13.394132,31
10312,52.497831,13.392307,32
10312,52.497766,13.391247,33
10312,52.497809,13.390349,34
10312,52.497809,13.390349,35
10312,52.497915,13.389391,36
10312,52.498111,13.388521,37
10312,52.498895,13.385292,38
10312,52.499020,13.384526,39
10312,52.499090,13.383907,40
10312,52.499116,13.383494,41
10312,52.499124,13.382714,42
10312,52.499124,13.382714,43
10312,52.499032,13.381551,44
10312,52.499031,13.381154,45
10312,52.499084,13.380829,46
10312,52.499253,13.379886,47
10312,52.499333,13.379400,48
10312,52.499438,13.378324,49
10312,52.499429,13.378059,50
10312,52.499374,13.377456,51
10312,52.499382,13.377102,52
10312,52.499549,13.375261,53
10312,52.499555,13.374215,54
10312,52.499555,13.374215,55
10312,52.499606,13.372698,56
10312,52.499636,13.369974,57
10312,52.499688,13.369075,58
10312,52.499750,13.368427,59
10312,52.500023,13.366128,60
10312,52.500040,13.365510,61
10312,52.499958,13.364936,62
10312,52.499740,13.364157,63
10312,52.499658,13.363656,64
10312,52.499684,13.363170,65
10312,52.500139,13.361489,66
10312,52.500139,13.361489,67
10312,52.500941,13.358804,68
10312,52.501030,13.358288,69
10312,52.501020,13.357979,70
10312,52.500966,13.357699,71
10312,52.499988,13.354701,72
10312,52.499988,13.354701,73
10312,52.499725,13.353613,74
10312,52.499760,13.353157,75
10312,52.500471,13.349721,76
10312,52.501627,13.344324,77
10312,52.501787,13.343808,78
10312,52.501956,13.343056,79
10312,52.501956,13.343056,80
10312,52.502107,13.342304,81
10312,52.502196,13.342023,82
10312,52.502366,13.341595,83
10312,52.502777,13.340591,84
10312,52.503071,13.339632,85
10312,52.503652,13.338156,86
10312,52.504099,13.337195,87
10312,52.504242,13.336812,88
10312,52.504331,13.336472,89
10312,52.504401,13.335986,90
10312,52.504436,13.335396,91
10312,52.504452,13.334807,92
10312,52.504388,13.334336,93
10312,52.504015,13.332586,94
10312,52.504015,13.332586,95
10312,52.502887,13.326968,96
10378,52.504841,13.449145,0
10378,52.504175,13.448471,1
10378,52.503770,13.447971,2
10378,52.502888,13.447253,3
10378,52.501105,13.444993,4
10378,52.500952,13.444625,5
10378,52.500906,13.444361,6
10378,52.500906,13.444051,7
10378,52.501111,13.442725,8
10378,52.501101,13.442313,9
10378,52.501001,13.441872,10
10378,52.500776,13.441180,11
10378,52.500776,13.441180,12
10378,52.499331,13.431321,13
10378,52.499419,13.430069,14
10378,52.499308,13.428258,15
10378,52.499308,13.428258,16
10378,52.499187,13.426123,17
10378,52.499114,13.419748,18
10378,52.499057,13.418378,19
10378,52.499057,13.418378,20
10378,52.498993,13.417598,21
10378,52.498756,13.415788,22
10378,52.498547,13.414376,23
10378,52.498537,13.413743,24
10378,52.498624,13.412417,25
10378,52.498428,13.408383,26
10378,52.498405,13.405394,27
10378,52.498405,13.405394,28
10378,52.498343,13.396648,29
10378,52.498233,13.395368,30
10378,52.498024,13.394132,31
10378,52.497831,13.392307,32
10378,52.497766,13.391247,33
10378,52.497809,13.390349,34
10378,52.497809,13.390349,35
10378,52.497915,13.389391,36
10378,52.498111,13.388521,37
10378,52.498895,13.385292,38
10378,52.499020,13.384526,39
10378,52.499090,13.383907,40
10378,52.499116,13.383494,41
10378,52.499124,13.382714,42
10378,52.499124,13.382714,43
10378,52.499032,13.381551,44
10378,52.499031,13.381154,45
10378,52.499084,13.380829,46
10378,52.499253,13.379886,47
10378,52.499333,13.379400,48
10378,52.499438,13.378324,49
10378,52.499429,13.378059,50
10378,52.499374,13.377456,51
10378,52.499382,13.377102,52
10378,52.499549,13.375261,53
10378,52.499555,13.374215,54
10378,52.499555,13.374215,55
10378,52.499606,13.372698,56
10378,52.499636,13.369974,57
10378,52.499688,13.369075,58
10378,52.499750,13.368427,59
10378,52.500023,13.366128,60
10378,52.500040,13.365510,61
10378,52.499958,13.364936,62
10378,52.499740,13.364157,63
10378,52.499658,13.363656,64
10378,52.499684,13.363170,65
10378,52.500139,13.361489,66
10378,52.500139,13.361489,67
10378,52.500941,13.358804,68
10378,52.501030,13.358288,69
10378,52.501020,13.357979,70
10378,52.500966,13.357699,71
10378,52.499988,13.354701,72
10378,52.499988,13.354701,73
10378,52.499725,13.353613,74
10378,52.499760,13.353157,75
10378,52.500471,13.349721,76
10378,52.501627,13.344324,77
10378,52.501787,13.343808,78
10378,52.501956,13.343056,79
10378,52.501956,13.343056,80
10378,52.502107,13.342318,81
10378,52.502321,13.341551,82
10378,52.502741,13.340562,83
10378,52.502830,13.340178,84
10378,52.502865,13.339825,85
10378,52.502837,13.339427,86
10378,52.502719,13.339001,87
10378,52.502494,13.338605,88
10378,52.500376,13.336380,89
10378,52.500376,13.336380,90
10378,52.498529,13.334449,91
10378,52.498205,13.334112,92
10378,52.497871,13.333643,93
10378,52.496888,13.332045,94
10378,52.496888,13.332045,95
10378,52.496445,13.331253,96
10378,52.496166,13.331004,97
10378,52.495824,13.330845,98
10378,52.495572,13.330581,99
10378,52.495382,13.330156,100
10378,52.495161,13.327787,101
10378,52.495106,13.327404,102
10378,52.494970,13.326978,103
10378,52.494183,13.324878,104
10378,52.494183,13.324878,105
10378,52.492789,13.321104,106
10378,52.490969,13.315846,107
10378,52.490734,13.315362,108
10378,52.490734,13.315362,109
10378,52.490427,13.314878,110
10378,52.490121,13.314512,111
10378,52.489761,13.314279,112
10378,52.489428,13.314105,113
10378,52.489122,13.313989,114
10378,52.488807,13.313932,115
10378,52.481221,13.313427,116
10378,52.480664,13.313284,117
10378,52.480133,13.313008,118
10378,52.480133,13.313008,119
10378,52.479377,13.312542,120
10378,52.479008,13.312412,121
10378,52.478630,13.312459,122
10378,52.476441,13.313740,123
10378,52.475382,13.314175,124
10378,52.474493,13.314387,125
10378,52.473369,13.314366,126
10378,52.473369,13.314366,127
10378,52.472569,13.314327,128
10378,52.472057,13.314169,129
10378,52.471733,13.314009,130
10378,52.471066,13.313499,131
10378,52.470067,13.312711,132
10378,52.469400,13.312024,133
10378,52.468318,13.310811,134
10378,52.467624,13.309830,135
10378,52.467010,13.308731,136
10378,52.467010,13.308731,137
10378,52.466549,13.307866,138
10378,52.466143,13.307089,139
10378,52.465907,13.306355,140
10378,52.465752,13.305620,141
10378,52.465241,13.299430,142
10378,52.465067,13.298445,143
10378,52.464695,13.297182,144
10378,52.464071,13.295451,145
10378,52.464071,13.295451,146
10378,52.463627,13.294351,147
10378,52.463392,13.293838,148
10378,52.463184,13.293501,149
10378,52.462959,13.293149,150
10378,52.462706,13.292842,151
10378,52.462499,13.292608,152
10378,52.462247,13.292390,153
10378,52.461904,13.292157,154
10378,52.461697,13.292026,155
10378,52.458890,13.290826,156
10378,52.458593,13.290667,157
10378,52.458278,13.290434,158
10378,52.457170,13.289368,159
10378,52.457170,13.289368,160
10378,52.456557,13.288814,161
10378,52.456386,13.288712,162
10378,52.453061,13.285737,163
10378,52.452854,13.285503,164
10378,52.452646,13.285181,165
10378,52.452412,13.284815,166
10378,52.452185,13.284346,167
10378,52.451679,13.283159,168
10378,52.451425,13.282455,169
10378,52.451045,13.281575,170
10378,52.451045,13.281575,171
10378,52.450692,13.280769,172
10378,52.450421,13.280138,173
10378,52.450203,13.279419,174
10378,52.450057,13.278803,175
10378,52.449975,13.278289,176
10378,52.449901,13.277671,177
10378,52.449882,13.277127,178
10378,52.449898,13.276627,179
10378,52.450285,13.270740,180
10378,52.450381,13.269916,181
10378,52.450459,13.268812,182
10378,52.450459,13.268812,183
10378,52.450502,13.268032,184
10378,52.450499,13.267282,185
10378,52.450886,13.261395,186
10378,52.450910,13.260498,187
10378,52.450898,13.259527,188
10378,52.450859,13.258601,189
10378,52.450793,13.257748,190
10378,52.450701,13.256881,191
10378,52.450599,13.256058,192
10378,52.450462,13.255236,193
10378,52.450316,13.254354,194
10378,52.449925,13.253019,195
10378,52.449925,13.253019,196
10378,52.449508,13.251787,197
10378,52.449227,13.251098,198
10378,52.448783,13.250146,199
10378,52.448196,13.248945,200
10378,52.447599,13.247891,201
10378,52.447147,13.247130,202
10378,52.446100,13.245610,203
10378,52.445215,13.244264,204
10378,52.443850,13.241952,205
10378,52.443480,13.241411,206
10343,52.505886,13.332972,0
10343,52.505278,13.334301,1
10343,52.505207,13.334581,2
10343,52.505163,13.334906,3
10343,52.505128,13.335451,4
10343,52.505039,13.335805,5
10343,52.504878,13.336100,6
10343,52.504725,13.336249,7
10343,52.504376,13.336472,8
10343,52.504169,13.336694,9
10343,52.504035,13.336931,10
10343,52.502240,13.341463,11
10343,52.502008,13.342128,12
10343,52.501794,13.342968,13
10343,52.501794,13.342968,14
10343,52.500328,13.349987,15
10343,52.499359,13.354573,16
10343,52.499359,13.354573,17
10343,52.497839,13.361783,18
10343,52.497572,13.363139,19
10343,52.497572,13.363139,20
10343,52.497199,13.365188,21
10343,52.497184,13.366277,22
10343,52.496971,13.367471,23
10343,52.496927,13.367928,24
10343,52.496990,13.372051,25
10343,52.497054,13.372610,26
10343,52.497189,13.372992,27
10343,52.497424,13.373359,28
10343,52.497676,13.373593,29
10343,52.498890,13.374116,30
10343,52.499484,13.374289,31
10343,52.499484,13.374289,32
10343,52.499825,13.374346,33
10343,52.500140,13.374315,34
10343,52.500526,13.374151,35
10343,52.500903,13.374148,36
10343,52.501164,13.374176,37
10343,52.502081,13.374377,38
10343,52.503808,13.374927,39
10343,52.503808,13.374927,40
10343,52.504257,13.375131,41
10343,52.506021,13.376181,42
10343,52.506713,13.376413,43
10343,52.508297,13.377273,44
10343,52.508747,13.377653,45
10343,52.508990,13.377990,46
10343,52.508990,13.377990,47
10343,52.509477,13.378871,48
10343,52.509748,13.379238,49
10343,52.510675,13.380117,50
10343,52.510865,13.380410,51
10343,52.510991,13.380734,52
10343,52.511037,13.381101,53
10343,52.511128,13.381911,54
10343,52.511256,13.382617,55
10343,52.511573,13.384206,56
10343,52.511710,13.385030,57
10343,52.511710,13.385030,58
10343,52.511838,13.386105,59
10343,52.512125,13.390581,60
10343,52.512125,13.390581,61
10343,52.512228,13.392216,62
10343,52.512300,13.392583,63
10343,52.512427,13.392907,64
10343,52.512553,13.393083,65
10343,52.512895,13.393390,66
10343,52.513057,13.393581,67
10343,52.513228,13.393934,68
10343,52.513292,13.394331,69
10343,52.513320,13.394950,70
10343,52.513321,13.395465,71
10343,52.513321,13.395465,72
10343,52.513268,13.395834,73
10343,52.513188,13.396246,74
10343,52.513153,13.396659,75
10343,52.513145,13.397116,76
10343,52.513092,13.397470,77
10343,52.511544,13.401219,78
10343,52.511428,13.401632,79
10343,52.511348,13.402089,80
10343,52.511279,13.403709,81
10343,52.511279,13.403709,82
10343,52.511238,13.405595,83
10343,52.511257,13.406199,84
10343,52.511339,13.406817,85
10343,52.511872,13.408479,86
10343,52.512117,13.409597,87
10343,52.512307,13.410185,88
10343,52.512307,13.410185,89
10343,52.512533,13.410891,90
10343,52.512668,13.411244,91
10343,52.512884,13.411611,92
10343,52.513137,13.411860,93
10343,52.513415,13.412006,94
10343,52.516750,13.412520,95
10343,52.517200,13.412533,96
10343,52.517200,13.412533,97
10343,52.517505,13.412458,98
10343,52.517882,13.412147,99
10343,52.518600,13.411510,100
10343,52.518896,13.411420,101
10343,52.519094,13.411522,102
10343,52.519283,13.411712,103
10343,52.519409,13.411918,104
10343,52.519861,13.413006,105
10343,52.520321,13.414241,106
10343,52.520501,13.414565,107
10343,52.520699,13.414682,108
10343,52.520897,13.414739,109
10343,52.521122,13.414679,110
10343,52.521346,13.414546,111
10343,52.521759,13.414220,112
10343,52.521759,13.414220,113
10343,52.522046,13.413762,114
10343,52.522359,13.412979,115
10343,52.522968,13.411783,116
10343,52.523452,13.410970,117
10343,52.523908,13.410172,118
10343,52.524151,13.410009,119
10343,52.524366,13.409993,120
10343,52.524537,13.410066,121
10343,52.525833,13.411062,122
10343,52.526049,13.411164,123
10343,52.526301,13.411177,124
10343,52.526597,13.411087,125
10343,52.527683,13.410507,126
10343,52.527683,13.410507,127
10343,52.528949,13.409897,128
10343,52.529165,13.409867,129
10343,52.529372,13.409925,130
10343,52.529678,13.410203,131
10343,52.530443,13.411039,132
10343,52.531182,13.412141,133
10343,52.531488,13.412419,134
10343,52.531812,13.412609,135
10343,52.532423,13.412768,136
10343,52.532423,13.412768,137
10343,52.533160,13.412883,138
10343,52.533448,13.412896,139
10343,52.533709,13.412851,140
10343,52.535137,13.412549,141
10343,52.535568,13.412488,142
10343,52.538102,13.412240,143
10343,52.540474,13.412213,144
10343,52.541301,13.412209,145
10343,52.541975,13.412265,146
10343,52.541975,13.412265,147
10343,52.542541,13.412321,148
10343,52.542955,13.412319,149
10343,52.543629,13.412375,150
10343,52.543944,13.412432,151
10343,52.547675,13.413431,152
10343,52.547971,13.413489,153
10343,52.548439,13.413604,154
10343,52.549140,13.413734,155
10343,52.549140,13.413734,156
10343,52.550821,13.413991,157
10343,52.552071,13.414206,158
10343,52.554255,13.414667,159
10343,52.554552,13.414695,160
10343,52.554920,13.414649,161
10343,52.556789,13.414390,162
10343,52.557238,13.414255,163
10343,52.557642,13.414061,164
10343,52.558405,13.413527,165
10343,52.558818,13.413377,166
10343,52.559141,13.413317,167
10343,52.559141,13.413317,168
10343,52.561406,13.413144,169
10343,52.565035,13.412639,170
10343,52.565457,13.412534,171
10343,52.566032,13.412266,172
10343,52.566822,13.411775,173
10366,52.505886,13.332972,0
10366,52.505278,13.334301,1
10366,52.505207,13.334581,2
10366,52.505163,13.334906,3
10366,52.505128,13.335451,4
10366,52.505039,13.335805,5
10366,52.504878,13.336100,6
10366,52.504725,13.336249,7
10366,52.504376,13.336472,8
10366,52.504169,13.336694,9
10366,52.504035,13.336931,10
10366,52.502240,13.341463,11
10366,52.502008,13.342128,12
10366,52.501794,13.342968,13
10366,52.501794,13.342968,14
10366,52.500328,13.349987,15
10366,52.499359,13.354573,16
10366,52.499359,13.354573,17
10366,52.497839,13.361783,18
10366,52.497572,13.363139,19
10366,52.497572,13.363139,20
10366,52.497199,13.365188,21
10366,52.497184,13.366277,22
10366,52.496971,13.367471,23
10366,52.496927,13.367928,24
10366,52.496990,13.372051,25
10366,52.497054,13.372610,26
10366,52.497189,13.372992,27
10366,52.497424,13.373359,28
10366,52.497676,13.373593,29
10366,52.498890,13.374116,30
10366,52.499484,13.374289,31
10366,52.499484,13.374289,32
10366,52.499825,13.374346,33
10366,52.500140,13.374315,34
10366,52.500526,13.374151,35
10366,52.500903,13.374148,36
10366,52.501164,13.374176,37
10366,52.502081,13.374377,38
10366,52.503808,13.374927,39
10366,52.503808,13.374927,40
10366,52.504257,13.375131,41
10366,52.506021,13.376181,42
10366,52.506713,13.376413,43
10366,52.508297,13.377273,44
10366,52.508747,13.377653,45
10366,52.508990,13.377990,46
10366,52.508990,13.377990,47
10366,52.509477,13.378871,48
10366,52.509748,13.379238,49
10366,52.510675,13.380117,50
10366,52.510865,13.380410,51
10366,52.510991,13.380734,52
10366,52.511037,13.381101,53
10366,52.511128,13.381911,54
10366,52.511256,13.382617,55
10366,52.511573,13.384206,56
10366,52.511710,13.385030,57
10366,52.511710,13.385030,58
10366,52.511838,13.386105,59
10366,52.512125,13.390581,60
10366,52.512125,13.390581,61
10366,52.512228,13.392216,62
10366,52.512300,13.392583,63
10366,52.512427,13.392907,64
10366,52.512553,13.393083,65
10366,52.512895,13.393390,66
10366,52.513057,13.393581,67
10366,52.513228,13.393934,68
10366,52.513292,13.394331,69
10366,52.513320,13.394950,70
10366,52.513321,13.395465,71
10366,52.513321,13.395465,72
10366,52.513268,13.395834,73
10366,52.513188,13.396246,74
10366,52.513153,13.396659,75
10366,52.513145,13.397116,76
10366,52.513092,13.397470,77
10366,52.511544,13.401219,78
10366,52.511428,13.401632,79
10366,52.511348,13.402089,80
10366,52.511279,13.403709,81
10366,52.511279,13.403709,82
10366,52.511238,13.405595,83
10366,52.511257,13.406199,84
10366,52.511339,13.406817,85
10366,52.511872,13.408479,86
10366,52.512117,13.409597,87
10366,52.512307,13.410185,88
10366,52.512307,13.410185,89
10366,52.512533,13.410891,90
10366,52.512668,13.411244,91
10366,52.512884,13.411611,92
10366,52.513137,13.411860,93
10366,52.513415,13.412006,94
10366,52.516750,13.412520,95
10366,52.517200,13.412533,96
10366,52.517200,13.412533,97
10366,52.517505,13.412458,98
10366,52.517882,13.412147,99
10366,52.518600,13.411510,100
10366,52.518896,13.411420,101
10366,52.519094,13.411522,102
10366,52.519283,13.411712,103
10366,52.519409,13.411918,104
10366,52.519861,13.413006,105
10366,52.520321,13.414241,106
10366,52.520501,13.414565,107
10366,52.520699,13.414682,108
10366,52.520897,13.414739,109
10366,52.521122,13.414679,110
10366,52.521346,13.414546,111
10366,52.521759,13.414220,112
10366,52.521759,13.414220,113
10366,52.522046,13.413762,114
10366,52.522359,13.412979,115
10366,52.522968,13.411783,116
10366,52.523452,13.410970,117
10366,52.523908,13.410172,118
10366,52.524151,13.410009,119
10366,52.524366,13.409993,120
10366,52.524537,13.410066,121
10366,52.525833,13.411062,122
10366,52.526049,13.411164,123
10366,52.526301,13.411177,124
10366,52.526597,13.411087,125
10366,52.527683,13.410507,126
10366,52.527683,13.410507,127
10366,52.528949,13.409897,128
10366,52.529165,13.409867,129
10366,52.529372,13.409925,130
10366,52.529678,13.410203,131
10366,52.530443,13.411039,132
10366,52.531182,13.412141,133
10366,52.531488,13.412419,134
10366,52.531812,13.412609,135
10366,52.532423,13.412768,136
10366,52.533160,13.412883,137
10366,52.533448,13.412896,138
10366,52.533709,13.412851,139
10366,52.535137,13.412549,140
10366,52.535568,13.412488,141
10366,52.538102,13.412240,142
10366,52.540474,13.412213,143
10366,52.541301,13.412209,144
10366,52.541975,13.412265,145
10366,52.541975,13.412265,146
10366,52.542541,13.412321,147
10366,52.542955,13.412319,148
10366,52.543629,13.412375,149
10366,52.543944,13.412432,150
10366,52.547675,13.413431,151
10366,52.547971,13.413489,152
10366,52.548439,13.413604,153
10366,52.549140,13.413734,154
10366,52.549140,13.413734,155
10366,52.550821,13.413991,156
10366,52.552071,13.414206,157
10366,52.554255,13.414667,158
10366,52.554552,13.414695,159
10366,52.554920,13.414649,160
10366,52.556789,13.414390,161
10366,52.557238,13.414255,162
10366,52.557642,13.414061,163
10366,52.558405,13.413527,164
10366,52.558818,13.413377,165
10366,52.559141,13.413317,166
10366,52.559141,13.413317,167
10366,52.561406,13.413144,168
10366,52.565035,13.412639,169
10366,52.565457,13.412534,170
10366,52.566032,13.412266,171
10366,52.566822,13.411775,172
10327,52.505922,13.333016,0
10327,52.508862,13.326442,1
10327,52.509157,13.325865,2
10327,52.509425,13.325451,3
10327,52.511798,13.322121,4
10327,52.511798,13.322121,5
10327,52.512506,13.321100,6
10327,52.512595,13.320790,7
10327,52.512639,13.320465,8
10327,52.512638,13.320141,9
10327,52.512344,13.317507,10
10327,52.512017,13.312840,11
10327,52.511966,13.310704,12
10327,52.511966,13.310704,13
10327,52.511520,13.305125,14
10327,52.511520,13.305125,15
10327,52.510901,13.295836,16
10327,52.510901,13.295836,17
10327,52.510110,13.283086,18
10327,52.510110,13.283086,19
10327,52.509621,13.275755,20
10327,52.509619,13.275004,21
10327,52.509671,13.274356,22
10327,52.509908,13.272601,23
10327,52.509908,13.272601,24
10327,52.510068,13.271775,25
10327,52.510228,13.271184,26
10327,52.510477,13.270564,27
10327,52.511041,13.269617,28
10327,52.512025,13.268253,29
10327,52.515690,13.262007,30
10327,52.515905,13.261549,31
10327,52.516047,13.261062,32
10327,52.516162,13.260501,33
10327,52.516275,13.259248,34
10327,52.516275,13.259248,35
10327,52.516369,13.257612,36
10327,52.516329,13.256507,37
10327,52.516237,13.255668,38
10327,52.516062,13.254418,39
10327,52.516043,13.253947,40
10327,52.516095,13.253431,41
10327,52.516200,13.252649,42
10327,52.516405,13.251940,43
10327,52.516637,13.251305,44
10327,52.516896,13.250816,45
10327,52.516896,13.250816,46
10327,52.517057,13.250579,47
10327,52.517236,13.250342,48
10327,52.520364,13.247840,49
10327,52.520642,13.247558,50
10327,52.520901,13.247217,51
10327,52.521071,13.247039,52
10327,52.521940,13.246250,53
10327,52.522460,13.245627,54
10327,52.522845,13.245344,55
10327,52.523213,13.245149,56
10327,52.524093,13.244817,57
10327,52.524353,13.244624,58
10327,52.524594,13.244371,59
10327,52.524836,13.244000,60
10327,52.525023,13.243616,61
10327,52.525175,13.243187,62
10327,52.525405,13.241992,63
10327,52.525591,13.241253,64
10419,52.506213,13.512748,0
10419,52.503628,13.515552,1
10419,52.503278,13.515980,2
10419,52.502434,13.517234,3
10419,52.501080,13.520094,4
10419,52.500685,13.520743,5
10419,52.500227,13.521245,6
10419,52.499724,13.521658,7
10419,52.497667,13.522974,8
10419,52.497667,13.522974,9
10419,52.496491,13.523727,10
10419,52.496051,13.524141,11
10419,52.495728,13.524554,12
10419,52.495360,13.525144,13
10419,52.495126,13.525748,14
10419,52.495010,13.526337,15
10419,52.494957,13.526897,16
10419,52.494966,13.527456,17
10419,52.495029,13.527942,18
10419,52.495138,13.528472,19
10419,52.497959,13.539774,20
10419,52.498590,13.542173,21
10419,52.498978,13.543792,22
10419,52.499248,13.545308,23
10419,52.499573,13.546647,24
10419,52.499573,13.546647,25
10419,52.499978,13.548281,26
10419,52.500987,13.551696,27
10419,52.501428,13.553226,28
10419,52.501968,13.554728,29
10419,52.502508,13.556052,30
10419,52.503048,13.557259,31
10419,52.503642,13.558436,32
10419,52.504173,13.559319,33
10419,52.504991,13.560540,34
10419,52.504991,13.560540,35
10419,52.505720,13.561570,36
10419,52.507545,13.563894,37
10419,52.509946,13.567175,38
10419,52.511619,13.569809,39
10419,52.511916,13.570354,40
10419,52.512150,13.570840,41
10419,52.512294,13.571296,42
10419,52.512420,13.571753,43
10419,52.512519,13.572224,44
10419,52.512591,13.572710,45
10419,52.512618,13.573196,46
10419,52.512592,13.575184,47
10419,52.512592,13.575184,48
10419,52.512566,13.576569,49
10419,52.512593,13.577556,50
10419,52.512719,13.578484,51
10419,52.512908,13.579235,52
10419,52.513133,13.579838,53
10419,52.516443,13.586685,54
10419,52.516740,13.587215,55
10419,52.517153,13.587804,56
10419,52.517675,13.588333,57
10419,52.518214,13.588701,58
10419,52.518780,13.588951,59
10419,52.519301,13.589069,60
10419,52.520074,13.589112,61
10419,52.520910,13.589067,62
10413,52.506213,13.512748,0
10413,52.503628,13.515552,1
10413,52.503278,13.515980,2
10413,52.502434,13.517234,3
10413,52.501080,13.520094,4
10413,52.500685,13.520743,5
10413,52.500227,13.521245,6
10413,52.499724,13.521658,7
10413,52.497667,13.522974,8
10413,52.497667,13.522974,9
10413,52.496491,13.523727,10
10413,52.496051,13.524141,11
10413,52.495728,13.524554,12
10413,52.495360,13.525144,13
10413,52.495126,13.525748,14
10413,52.495010,13.526337,15
10413,52.494957,13.526897,16
10413,52.494966,13.527456,17
10413,52.495029,13.527942,18
10413,52.495138,13.528472,19
10413,52.497959,13.539774,20
10413,52.498590,13.542173,21
10413,52.498978,13.543792,22
10413,52.499248,13.545308,23
10413,52.499573,13.546647,24
10413,52.499573,13.546647,25
10413,52.499978,13.548281,26
10413,52.500987,13.551696,27
10413,52.501428,13.553226,28
10413,52.501968,13.554728,29
10413,52.502508,13.556052,30
10413,52.503048,13.557259,31
10413,52.503642,13.558436,32
10413,52.504173,13.559319,33
10413,52.504991,13.560540,34
10413,52.504991,13.560540,35
10413,52.505720,13.561570,36
10413,52.507545,13.563894,37
10413,52.509946,13.567175,38
10413,52.511619,13.569809,39
10413,52.511916,13.570354,40
10413,52.512150,13.570840,41
10413,52.512294,13.571296,42
10413,52.512420,13.571753,43
10413,52.512519,13.572224,44
10413,52.512591,13.572710,45
10413,52.512618,13.573196,46
10413,52.512592,13.575184,47
10413,52.512592,13.575184,48
10413,52.512566,13.576569,49
10413,52.512593,13.577556,50
10413,52.512719,13.578484,51
10413,52.512908,13.579235,52
10413,52.513133,13.579838,53
10413,52.516443,13.586685,54
10413,52.516740,13.587215,55
10413,52.517153,13.587804,56
10413,52.517675,13.588333,57
10413,52.518214,13.588701,58
10413,52.518780,13.588951,59
10413,52.519301,13.589069,60
10413,52.520074,13.589112,61
10413,52.520910,13.589067,62
10413,52.520910,13.589067,63
10413,52.522869,13.588845,64
10413,52.523885,13.588917,65
10413,52.524702,13.589020,66
10413,52.525817,13.589372,67
10413,52.526446,13.589593,68
10413,52.527506,13.590122,69
10413,52.528468,13.590623,70
10413,52.528468,13.590623,71
10413,52.529951,13.591417,72
10413,52.531147,13.591991,73
10413,52.531605,13.592285,74
10413,52.532135,13.592756,75
10413,52.532567,13.593301,76
10413,52.532989,13.594038,77
10413,52.533304,13.594745,78
10413,52.533538,13.595467,79
10413,52.533826,13.596513,80
10413,52.533826,13.596513,81
10413,52.534797,13.599828,82
10413,52.535355,13.601979,83
10413,52.535804,13.603571,84
10413,52.536605,13.606636,85
10413,52.536605,13.606636,86
10413,52.537171,13.608655,87
10413,52.537702,13.611410,88
10413,52.538340,13.614402,89
10413,52.538628,13.616023,90
10413,52.538943,13.618307,91
10413,52.538943,13.618307,92
10413,52.539257,13.620754,93
10413,52.539329,13.621845,94
10413,52.539356,13.623525,95
10413,52.539329,13.625279,96
10413,52.539258,13.626944,97
10413,52.539168,13.628271,98
10413,52.538934,13.629995,99
10413,52.538808,13.630968,100
10413,52.538745,13.631867,101
10413,52.538467,13.633208,102
10403,52.506240,13.512821,0
10403,52.506851,13.512172,1
10403,52.507218,13.511567,2
10403,52.510828,13.500113,3
10403,52.511088,13.499037,4
10403,52.511284,13.497873,5
10403,52.511284,13.497873,6
10403,52.511722,13.495633,7
10403,52.511847,13.494690,8
10403,52.511909,13.493968,9
10403,52.511935,13.492951,10
10403,52.512503,13.487043,11
10403,52.512503,13.487043,12
10403,52.513711,13.475211,13
10403,52.513711,13.475211,14
10403,52.514775,13.464543,15
10403,52.514775,13.464543,16
10403,52.515847,13.453888,17
10403,52.515847,13.453888,18
10403,52.516786,13.444634,19
10403,52.516786,13.444634,20
10403,52.518149,13.431547,21
10403,52.518149,13.431547,22
10403,52.518309,13.430191,23
10403,52.518540,13.428878,24
10403,52.519290,13.426002,25
10403,52.520917,13.420868,26
10403,52.520917,13.420868,27
10403,52.521140,13.420086,28
10403,52.521560,13.418773,29
10403,52.522025,13.417253,30
10403,52.522168,13.416693,31
10403,52.522266,13.416191,32
10403,52.522283,13.415867,33
10403,52.522265,13.415573,34
10403,52.522210,13.415293,35
10403,52.522129,13.414955,36
10403,52.521452,13.413470,37
10403,52.521452,13.413470,38
10403,52.518782,13.407929,39
10403,52.518782,13.407929,40
10403,52.517424,13.398110,41
10403,52.517424,13.398110,42
10403,52.517056,13.389052,43
10403,52.517056,13.389052,44
10403,52.516617,13.381070,45
10403,52.516617,13.381070,46
10403,52.516588,13.379951,47
10403,52.516622,13.379067,48
10403,52.516719,13.378079,49
10403,52.516914,13.376988,50
10403,52.517298,13.375866,51
10403,52.517719,13.374995,52
10403,52.518167,13.374359,53
10403,52.518615,13.373900,54
10403,52.519145,13.373528,55
10403,52.520132,13.373037,56
10403,52.520132,13.373037,57
10403,52.525329,13.370030,58
10492,52.506793,13.332848,0
10492,52.509116,13.334570,1
10492,52.509737,13.335155,2
10492,52.510251,13.335785,3
10492,52.510765,13.336592,4
10492,52.512174,13.339278,5
10492,52.512751,13.340114,6
10492,52.513247,13.340656,7
10492,52.513796,13.341197,8
10492,52.514471,13.341679,9
10492,52.515128,13.342028,10
10492,52.515812,13.342230,11
10492,52.516441,13.342314,12
10492,52.517097,13.342281,13
10492,52.517887,13.342113,14
10492,52.517887,13.342113,15
10492,52.520743,13.341535,16
10492,52.523834,13.341014,17
10492,52.524499,13.341025,18
10492,52.526108,13.341368,19
10492,52.526108,13.341368,20
10492,52.526764,13.341408,21
10492,52.532174,13.341373,22
10492,52.532174,13.341373,23
10492,52.533423,13.341320,24
10492,52.533881,13.341332,25
10492,52.534493,13.341505,26
10492,52.536823,13.342654,27
10492,52.536823,13.342654,28
10492,52.537939,13.343222,29
10492,52.538434,13.343690,30
10492,52.538948,13.344350,31
10492,52.541455,13.348152,32
10492,52.541808,13.348886,33
10492,52.542332,13.350210,34
10492,52.542332,13.350210,35
10492,52.542911,13.351901,36
10492,52.543526,13.353592,37
10492,52.544177,13.355180,38
10492,52.544177,13.355195,39
10492,52.544890,13.356724,40
10492,52.545395,13.357664,41
10492,52.546369,13.359176,42
10492,52.546369,13.359176,43
10492,52.551582,13.367459,44
10492,52.551582,13.367459,45
10492,52.553233,13.370192,46
10492,52.553539,13.370559,47
10492,52.553854,13.370896,48
10492,52.554304,13.371292,49
10492,52.557166,13.373251,50
10495,52.506820,13.332744,0
10495,52.505964,13.332087,1
10495,52.505478,13.331767,2
10495,52.505109,13.331592,3
10495,52.502997,13.331238,4
10495,52.502997,13.331238,5
10495,52.499751,13.330789,6
10495,52.499050,13.330720,7
10495,52.497352,13.330717,8
10495,52.497352,13.330717,9
10495,52.496345,13.330738,10
10495,52.495213,13.330908,11
10495,52.492014,13.330914,12
10495,52.492014,13.330914,13
10495,52.487323,13.330813,14
10495,52.487323,13.330813,15
10495,52.484007,13.330880,16
10495,52.483701,13.330823,17
10495,52.483287,13.330620,18
10495,52.481091,13.329045,19
10495,52.480497,13.328637,20
10495,52.480065,13.328404,21
10495,52.479435,13.328291,22
10495,52.477899,13.328316,23
10495,52.477899,13.328316,24
10495,52.475948,13.328270,25
10495,52.474070,13.328386,26
10495,52.473603,13.328433,27
10495,52.472867,13.328629,28
10495,52.472454,13.328720,29
10495,52.472157,13.328722,30
10489,52.506820,13.332744,0
10489,52.505964,13.332087,1
10489,52.505478,13.331767,2
10489,52.505109,13.331592,3
10489,52.502997,13.331238,4
10489,52.502997,13.331238,5
10489,52.499751,13.330789,6
10489,52.499050,13.330720,7
10489,52.497352,13.330717,8
10489,52.497352,13.330717,9
10489,52.496345,13.330738,10
10489,52.495213,13.330908,11
10489,52.492014,13.330914,12
10489,52.492014,13.330914,13
10489,52.487323,13.330813,14
10489,52.487323,13.330813,15
10489,52.484007,13.330880,16
10489,52.483701,13.330823,17
10489,52.483287,13.330620,18
10489,52.481091,13.329045,19
10489,52.480497,13.328637,20
10489,52.480065,13.328404,21
10489,52.479435,13.328291,22
10489,52.477899,13.328316,23
10489,52.477899,13.328316,24
10489,52.475948,13.328270,25
10489,52.474070,13.328386,26
10489,52.473603,13.328433,27
10489,52.472867,13.328629,28
10489,52.472454,13.328720,29
10489,52.472157,13.328722,30
10489,52.472157,13.328722,31
10489,52.471645,13.328711,32
10489,52.470934,13.328510,33
10489,52.470548,13.328395,34
10489,52.470089,13.328354,35
10489,52.466054,13.328190,36
10489,52.466054,13.328190,37
10489,52.465227,13.328166,38
10489,52.464696,13.328022,39
10489,52.464210,13.327746,40
10489,52.460679,13.324298,41
10489,52.460679,13.324298,42
10489,52.457742,13.321552,43
10489,52.457121,13.321086,44
10489,52.456140,13.320637,45
10344,52.508990,13.377990,0
10344,52.509477,13.378871,1
10344,52.509748,13.379238,2
10344,52.510675,13.380117,3
10344,52.510865,13.380410,4
10344,52.510991,13.380734,5
10344,52.511037,13.381101,6
10344,52.511128,13.381911,7
10344,52.511256,13.382617,8
10344,52.511573,13.384206,9
10344,52.511710,13.385030,10
10344,52.511710,13.385030,11
10344,52.511838,13.386105,12
10344,52.512125,13.390581,13
10344,52.512125,13.390581,14
10344,52.512228,13.392216,15
10344,52.512300,13.392583,16
10344,52.512427,13.392907,17
10344,52.512553,13.393083,18
10344,52.512895,13.393390,19
10344,52.513057,13.393581,20
10344,52.513228,13.393934,21
10344,52.513292,13.394331,22
10344,52.513320,13.394950,23
10344,52.513321,13.395465,24
10344,52.513321,13.395465,25
10344,52.513268,13.395834,26
10344,52.513188,13.396246,27
10344,52.513153,13.396659,28
10344,52.513145,13.397116,29
10344,52.513092,13.397470,30
10344,52.511544,13.401219,31
10344,52.511428,13.401632,32
10344,52.511348,13.402089,33
10344,52.511279,13.403709,34
10344,52.511279,13.403709,35
10344,52.511238,13.405595,36
10344,52.511257,13.406199,37
10344,52.511339,13.406817,38
10344,52.511872,13.408479,39
10344,52.512117,13.409597,40
10344,52.512307,13.410185,41
10344,52.512307,13.410185,42
10344,52.512533,13.410891,43
10344,52.512668,13.411244,44
10344,52.512884,13.411611,45
10344,52.513137,13.411860,46
10344,52.513415,13.412006,47
10344,52.516750,13.412520,48
10344,52.517200,13.412533,49
10344,52.517200,13.412533,50
10344,52.517505,13.412458,51
10344,52.517882,13.412147,52
10344,52.518600,13.411510,53
10344,52.518896,13.411420,54
10344,52.519094,13.411522,55
10344,52.519283,13.411712,56
10344,52.519409,13.411918,57
10344,52.519861,13.413006,58
10344,52.520321,13.414241,59
10344,52.520501,13.414565,60
10344,52.520699,13.414682,61
10344,52.520897,13.414739,62
10344,52.521122,13.414679,63
10344,52.521346,13.414546,64
10344,52.521759,13.414220,65
10344,52.521759,13.414220,66
10344,52.522046,13.413762,67
10344,52.522359,13.412979,68
10344,52.522968,13.411783,69
10344,52.523452,13.410970,70
10344,52.523908,13.410172,71
10344,52.524151,13.410009,72
10344,52.524366,13.409993,73
10344,52.524537,13.410066,74
10344,52.525833,13.411062,75
10344,52.526049,13.411164,76
10344,52.526301,13.411177,77
10344,52.526597,13.411087,78
10344,52.527683,13.410507,79
10344,52.527683,13.410507,80
10344,52.528949,13.409897,81
10344,52.529165,13.409867,82
10344,52.529372,13.409925,83
10344,52.529678,13.410203,84
10344,52.530443,13.411039,85
10344,52.531182,13.412141,86
10344,52.531488,13.412419,87
10344,52.531812,13.412609,88
10344,52.532423,13.412768,89
10344,52.532423,13.412768,90
10344,52.533160,13.412883,91
10344,52.533448,13.412896,92
10344,52.533709,13.412851,93
10344,52.535137,13.412549,94
10344,52.535568,13.412488,95
10344,52.538102,13.412240,96
10344,52.540474,13.412213,97
10344,52.541301,13.412209,98
10344,52.541975,13.412265,99
10344,52.541975,13.412265,100
10344,52.542541,13.412321,101
10344,52.542955,13.412319,102
10344,52.543629,13.412375,103
10344,52.543944,13.412432,104
10344,52.547675,13.413431,105
10344,52.547971,13.413489,106
10344,52.548439,13.413604,107
10344,52.549140,13.413734,108
10344,52.549140,13.413734,109
10344,52.550821,13.413991,110
10344,52.552071,13.414206,111
10344,52.554255,13.414667,112
10344,52.554552,13.414695,113
10344,52.554920,13.414649,114
10344,52.556789,13.414390,115
10344,52.557238,13.414255,116
10344,52.557642,13.414061,117
10344,52.558405,13.413527,118
10344,52.558818,13.413377,119
10344,52.559141,13.413317,120
10344,52.559141,13.413317,121
10344,52.561406,13.413144,122
10344,52.565035,13.412639,123
10344,52.565457,13.412534,124
10344,52.566032,13.412266,125
10344,52.566822,13.411775,126
10365,52.508990,13.377990,0
10365,52.509477,13.378871,1
10365,52.509748,13.379238,2
10365,52.510675,13.380117,3
10365,52.510865,13.380410,4
10365,52.510991,13.380734,5
10365,52.511037,13.381101,6
10365,52.511128,13.381911,7
10365,52.511256,13.382617,8
10365,52.511573,13.384206,9
10365,52.511710,13.385030,10
10365,52.511710,13.385030,11
10365,52.511838,13.386105,12
10365,52.512125,13.390581,13
10365,52.512125,13.390581,14
10365,52.512228,13.392216,15
10365,52.512300,13.392583,16
10365,52.512427,13.392907,17
10365,52.512553,13.393083,18
10365,52.512895,13.393390,19
10365,52.513057,13.393581,20
10365,52.513228,13.393934,21
10365,52.513292,13.394331,22
10365,52.513320,13.394950,23
10365,52.513321,13.395465,24
10365,52.513321,13.395465,25
10365,52.513268,13.395834,26
10365,52.513188,13.396246,27
10365,52.513153,13.396659,28
10365,52.513145,13.397116,29
10365,52.513092,13.397470,30
10365,52.511544,13.401219,31
10365,52.511428,13.401632,32
10365,52.511348,13.402089,33
10365,52.511279,13.403709,34
10365,52.511279,13.403709,35
10365,52.511238,13.405595,36
10365,52.511257,13.406199,37
10365,52.511339,13.406817,38
10365,52.511872,13.408479,39
10365,52.512117,13.409597,40
10365,52.512307,13.410185,41
10365,52.512307,13.410185,42
10365,52.512533,13.410891,43
10365,52.512668,13.411244,44
10365,52.512884,13.411611,45
10365,52.513137,13.411860,46
10365,52.513415,13.412006,47
10365,52.516750,13.412520,48
10365,52.517200,13.412533,49
10365,52.517200,13.412533,50
10365,52.517505,13.412458,51
10365,52.517882,13.412147,52
10365,52.518600,13.411510,53
10365,52.518896,13.411420,54
10365,52.519094,13.411522,55
10365,52.519283,13.411712,56
10365,52.519409,13.411918,57
10365,52.519861,13.413006,58
10365,52.520321,13.414241,59
10365,52.520501,13.414565,60
10365,52.520699,13.414682,61
10365,52.520897,13.414739,62
10365,52.521122,13.414679,63
10365,52.521346,13.414546,64
10365,52.521759,13.414220,65
10365,52.521759,13.414220,66
10365,52.522046,13.413762,67
10365,52.522359,13.412979,68
10365,52.522968,13.411783,69
10365,52.523452,13.410970,70
10365,52.523908,13.410172,71
10365,52.524151,13.410009,72
10365,52.524366,13.409993,73
10365,52.524537,13.410066,74
10365,52.525833,13.411062,75
10365,52.526049,13.411164,76
10365,52.526301,13.411177,77
10365,52.526597,13.411087,78
10365,52.527683,13.410507,79
10365,52.527683,13.410507,80
10365,52.528949,13.409897,81
10365,52.529165,13.409867,82
10365,52.529372,13.409925,83
10365,52.529678,13.410203,84
10365,52.530443,13.411039,85
10365,52.531182,13.412141,86
10365,52.531488,13.412419,87
10365,52.531812,13.412609,88
10365,52.532423,13.412768,89
10365,52.533160,13.412883,90
10365,52.533448,13.412896,91
10365,52.533709,13.412851,92
10365,52.535137,13.412549,93
10365,52.535568,13.412488,94
10365,52.538102,13.412240,95
10365,52.540474,13.412213,96
10365,52.541301,13.412209,97
10365,52.541975,13.412265,98
10365,52.541975,13.412265,99
10365,52.542541,13.412321,100
10365,52.542955,13.412319,101
10365,52.543629,13.412375,102
10365,52.543944,13.412432,103
10365,52.547675,13.413431,104
10365,52.547971,13.413489,105
10365,52.548439,13.413604,106
10365,52.549140,13.413734,107
10365,52.549140,13.413734,108
10365,52.550821,13.413991,109
10365,52.552071,13.414206,110
10365,52.554255,13.414667,111
10365,52.554552,13.414695,112
10365,52.554920,13.414649,113
10365,52.556789,13.414390,114
10365,52.557238,13.414255,115
10365,52.557642,13.414061,116
10365,52.558405,13.413527,117
10365,52.558818,13.413377,118
10365,52.559141,13.413317,119
10365,52.559141,13.413317,120
10365,52.561406,13.413144,121
10365,52.565035,13.412639,122
10365,52.565457,13.412534,123
10365,52.566032,13.412266,124
10365,52.566822,13.411775,125
10338,52.509854,13.272587,0
10338,52.509626,13.274356,1
10338,52.509565,13.274990,2
10338,52.509567,13.275756,3
10338,52.510056,13.283101,4
10338,52.510056,13.283101,5
10338,52.510865,13.295836,6
10338,52.510865,13.295836,7
10338,52.511475,13.305140,8
10338,52.511475,13.305140,9
10338,52.511760,13.310735,10
10338,52.511760,13.310735,11
10338,52.511825,13.311781,12
10338,52.511963,13.312855,13
10338,52.512281,13.317625,14
10338,52.512575,13.320142,15
10338,52.512567,13.320466,16
10338,52.512532,13.320790,17
10338,52.512452,13.321085,18
10338,52.511780,13.322077,19
10338,52.511780,13.322077,20
10338,52.509380,13.325407,21
10338,52.509112,13.325836,22
10338,52.508817,13.326398,23
10338,52.505886,13.332972,24
10338,52.505886,13.332972,25
10338,52.505278,13.334301,26
10338,52.505207,13.334581,27
10338,52.505163,13.334906,28
10338,52.505128,13.335451,29
10338,52.505039,13.335805,30
10338,52.504878,13.336100,31
10338,52.504725,13.336249,32
10338,52.504376,13.336472,33
10338,52.504169,13.336694,34
10338,52.504035,13.336931,35
10338,52.502240,13.341463,36
10338,52.502008,13.342128,37
10338,52.501794,13.342968,38
10338,52.501794,13.342968,39
10338,52.500328,13.349987,40
10338,52.499359,13.354573,41
10338,52.499359,13.354573,42
10338,52.497839,13.361783,43
10338,52.497572,13.363139,44
10338,52.497572,13.363139,45
10338,52.497199,13.365188,46
10338,52.497184,13.366277,47
10338,52.496971,13.367471,48
10338,52.496927,13.367928,49
10338,52.496990,13.372051,50
10338,52.497054,13.372610,51
10338,52.497189,13.372992,52
10338,52.497424,13.373359,53
10338,52.497676,13.373593,54
10338,52.498890,13.374116,55
10338,52.499484,13.374289,56
10338,52.499484,13.374289,57
10338,52.499825,13.374346,58
10338,52.500140,13.374315,59
10338,52.500526,13.374151,60
10338,52.500903,13.374148,61
10338,52.501164,13.374176,62
10338,52.502081,13.374377,63
10338,52.503808,13.374927,64
10338,52.503808,13.374927,65
10338,52.504257,13.375131,66
10338,52.506021,13.376181,67
10338,52.506713,13.376413,68
10338,52.508297,13.377273,69
10338,52.508747,13.377653,70
10338,52.508990,13.377990,71
10338,52.508990,13.377990,72
10338,52.509477,13.378871,73
10338,52.509748,13.379238,74
10338,52.510675,13.380117,75
10338,52.510865,13.380410,76
10338,52.510991,13.380734,77
10338,52.511037,13.381101,78
10338,52.511128,13.381911,79
10338,52.511256,13.382617,80
10338,52.511573,13.384206,81
10338,52.511710,13.385030,82
10338,52.511710,13.385030,83
10338,52.511838,13.386105,84
10338,52.512125,13.390581,85
10338,52.512125,13.390581,86
10338,52.512228,13.392216,87
10338,52.512300,13.392583,88
10338,52.512427,13.392907,89
10338,52.512553,13.393083,90
10338,52.512895,13.393390,91
10338,52.513057,13.393581,92
10338,52.513228,13.393934,93
10338,52.513292,13.394331,94
10338,52.513320,13.394950,95
10338,52.513321,13.395465,96
10338,52.513321,13.395465,97
10338,52.513268,13.395834,98
10338,52.513188,13.396246,99
10338,52.513153,13.396659,100
10338,52.513145,13.397116,101
10338,52.513092,13.397470,102
10338,52.511544,13.401219,103
10338,52.511428,13.401632,104
10338,52.511348,13.402089,105
10338,52.511279,13.403709,106
10340,52.509854,13.272587,0
10340,52.509626,13.274356,1
10340,52.509565,13.274990,2
10340,52.509567,13.275756,3
10340,52.510056,13.283101,4
10340,52.510056,13.283101,5
10340,52.510865,13.295836,6
10340,52.510865,13.295836,7
10340,52.511475,13.305140,8
10340,52.511475,13.305140,9
10340,52.511760,13.310735,10
10340,52.511760,13.310735,11
10340,52.511825,13.311781,12
10340,52.511963,13.312855,13
10340,52.512281,13.317625,14
10340,52.512575,13.320142,15
10340,52.512567,13.320466,16
10340,52.512532,13.320790,17
10340,52.512452,13.321085,18
10340,52.511780,13.322077,19
10340,52.511780,13.322077,20
10340,52.509380,13.325407,21
10340,52.509112,13.325836,22
10340,52.508817,13.326398,23
10340,52.505886,13.332972,24
10340,52.505886,13.332972,25
10340,52.505278,13.334301,26
10340,52.505207,13.334581,27
10340,52.505163,13.334906,28
10340,52.505128,13.335451,29
10340,52.505039,13.335805,30
10340,52.504878,13.336100,31
10340,52.504725,13.336249,32
10340,52.504376,13.336472,33
10340,52.504169,13.336694,34
10340,52.504035,13.336931,35
10340,52.502240,13.341463,36
10340,52.502008,13.342128,37
10340,52.501794,13.342968,38
10340,52.501794,13.342968,39
10340,52.500328,13.349987,40
10340,52.499359,13.354573,41
10340,52.499359,13.354573,42
10340,52.497839,13.361783,43
10340,52.497572,13.363139,44
10340,52.497572,13.363139,45
10340,52.497199,13.365188,46
10340,52.497184,13.366277,47
10340,52.496971,13.367471,48
10340,52.496927,13.367928,49
10340,52.496990,13.372051,50
10340,52.497054,13.372610,51
10340,52.497189,13.372992,52
10340,52.497424,13.373359,53
10340,52.497676,13.373593,54
10340,52.498890,13.374116,55
10340,52.499484,13.374289,56
10340,52.499484,13.374289,57
10340,52.499825,13.374346,58
10340,52.500140,13.374315,59
10340,52.500526,13.374151,60
10340,52.500903,13.374148,61
10340,52.501164,13.374176,62
10340,52.502081,13.374377,63
10340,52.503808,13.374927,64
10340,52.503808,13.374927,65
10340,52.504257,13.375131,66
10340,52.506021,13.376181,67
10340,52.506713,13.376413,68
10340,52.508297,13.377273,69
10340,52.508747,13.377653,70
10340,52.508990,13.377990,71
10340,52.508990,13.377990,72
10340,52.509477,13.378871,73
10340,52.509748,13.379238,74
10340,52.510675,13.380117,75
10340,52.510865,13.380410,76
10340,52.510991,13.380734,77
10340,52.511037,13.381101,78
10340,52.511128,13.381911,79
10340,52.511256,13.382617,80
10340,52.511573,13.384206,81
10340,52.511710,13.385030,82
10340,52.511710,13.385030,83
10340,52.511838,13.386105,84
10340,52.512125,13.390581,85
10340,52.512125,13.390581,86
10340,52.512228,13.392216,87
10340,52.512300,13.392583,88
10340,52.512427,13.392907,89
10340,52.512553,13.393083,90
10340,52.512895,13.393390,91
10340,52.513057,13.393581,92
10340,52.513228,13.393934,93
10340,52.513292,13.394331,94
10340,52.513320,13.394950,95
10340,52.513321,13.395465,96
10340,52.513321,13.395465,97
10340,52.513268,13.395834,98
10340,52.513188,13.396246,99
10340,52.513153,13.396659,100
10340,52.513145,13.397116,101
10340,52.513092,13.397470,102
10340,52.511544,13.401219,103
10340,52.511428,13.401632,104
10340,52.511348,13.402089,105
10340,52.511279,13.403709,106
10340,52.511279,13.403709,107
10340,52.511238,13.405595,108
10340,52.511257,13.406199,109
10340,52.511339,13.406817,110
10340,52.511872,13.408479,111
10340,52.512117,13.409597,112
10340,52.512307,13.410185,113
10340,52.512307,13.410185,114
10340,52.512533,13.410891,115
10340,52.512668,13.411244,116
10340,52.512884,13.411611,117
10340,52.513137,13.411860,118
10340,52.513415,13.412006,119
10340,52.516750,13.412520,120
10340,52.517200,13.412533,121
10340,52.517200,13.412533,122
10340,52.517505,13.412458,123
10340,52.517882,13.412147,124
10340,52.518600,13.411510,125
10340,52.518896,13.411420,126
10340,52.519094,13.411522,127
10340,52.519283,13.411712,128
10340,52.519409,13.411918,129
10340,52.519861,13.413006,130
10340,52.520321,13.414241,131
10340,52.520501,13.414565,132
10340,52.520699,13.414682,133
10340,52.520897,13.414739,134
10340,52.521122,13.414679,135
10340,52.521346,13.414546,136
10340,52.521759,13.414220,137
10339,52.509854,13.272587,0
10339,52.509626,13.274356,1
10339,52.509565,13.274990,2
10339,52.509567,13.275756,3
10339,52.510056,13.283101,4
10339,52.510056,13.283101,5
10339,52.510865,13.295836,6
10339,52.510865,13.295836,7
10339,52.511475,13.305140,8
10339,52.511475,13.305140,9
10339,52.511760,13.310735,10
10339,52.511760,13.310735,11
10339,52.511825,13.311781,12
10339,52.511963,13.312855,13
10339,52.512281,13.317625,14
10339,52.512575,13.320142,15
10339,52.512567,13.320466,16
10339,52.512532,13.320790,17
10339,52.512452,13.321085,18
10339,52.511780,13.322077,19
10339,52.511780,13.322077,20
10339,52.509380,13.325407,21
10339,52.509112,13.325836,22
10339,52.508817,13.326398,23
10339,52.505886,13.332972,24
10339,52.505886,13.332972,25
10339,52.505278,13.334301,26
10339,52.505207,13.334581,27
10339,52.505163,13.334906,28
10339,52.505128,13.335451,29
10339,52.505039,13.335805,30
10339,52.504878,13.336100,31
10339,52.504725,13.336249,32
10339,52.504376,13.336472,33
10339,52.504169,13.336694,34
10339,52.504035,13.336931,35
10339,52.502240,13.341463,36
10339,52.502008,13.342128,37
10339,52.501794,13.342968,38
10339,52.501794,13.342968,39
10339,52.500328,13.349987,40
10339,52.499359,13.354573,41
10339,52.499359,13.354573,42
10339,52.497839,13.361783,43
10339,52.497572,13.363139,44
10339,52.497572,13.363139,45
10339,52.497199,13.365188,46
10339,52.497184,13.366277,47
10339,52.496971,13.367471,48
10339,52.496927,13.367928,49
10339,52.496990,13.372051,50
10339,52.497054,13.372610,51
10339,52.497189,13.372992,52
10339,52.497424,13.373359,53
10339,52.497676,13.373593,54
10339,52.498890,13.374116,55
10339,52.499484,13.374289,56
10339,52.499484,13.374289,57
10339,52.499825,13.374346,58
10339,52.500140,13.374315,59
10339,52.500526,13.374151,60
10339,52.500903,13.374148,61
10339,52.501164,13.374176,62
10339,52.502081,13.374377,63
10339,52.503808,13.374927,64
10339,52.503808,13.374927,65
10339,52.504257,13.375131,66
10339,52.506021,13.376181,67
10339,52.506713,13.376413,68
10339,52.508297,13.377273,69
10339,52.508747,13.377653,70
10339,52.508990,13.377990,71
10339,52.508990,13.377990,72
10339,52.509477,13.378871,73
10339,52.509748,13.379238,74
10339,52.510675,13.380117,75
10339,52.510865,13.380410,76
10339,52.510991,13.380734,77
10339,52.511037,13.381101,78
10339,52.511128,13.381911,79
10339,52.511256,13.382617,80
10339,52.511573,13.384206,81
10339,52.511710,13.385030,82
10339,52.511710,13.385030,83
10339,52.511838,13.386105,84
10339,52.512125,13.390581,85
10339,52.512125,13.390581,86
10339,52.512228,13.392216,87
10339,52.512300,13.392583,88
10339,52.512427,13.392907,89
10339,52.512553,13.393083,90
10339,52.512895,13.393390,91
10339,52.513057,13.393581,92
10339,52.513228,13.393934,93
10339,52.513292,13.394331,94
10339,52.513320,13.394950,95
10339,52.513321,13.395465,96
10339,52.513321,13.395465,97
10339,52.513268,13.395834,98
10339,52.513188,13.396246,99
10339,52.513153,13.396659,100
10339,52.513145,13.397116,101
10339,52.513092,13.397470,102
10339,52.511544,13.401219,103
10339,52.511428,13.401632,104
10339,52.511348,13.402089,105
10339,52.511279,13.403709,106
10339,52.511279,13.403709,107
10339,52.511238,13.405595,108
10339,52.511257,13.406199,109
10339,52.511339,13.406817,110
10339,52.511872,13.408479,111
10339,52.512117,13.409597,112
10339,52.512307,13.410185,113
10339,52.512307,13.410185,114
10339,52.512533,13.410891,115
10339,52.512668,13.411244,116
10339,52.512884,13.411611,117
10339,52.513137,13.411860,118
10339,52.513415,13.412006,119
10339,52.516750,13.412520,120
10339,52.517200,13.412533,121
10339,52.517200,13.412533,122
10339,52.517505,13.412458,123
10339,52.517882,13.412147,124
10339,52.518600,13.411510,125
10339,52.518896,13.411420,126
10339,52.519094,13.411522,127
10339,52.519283,13.411712,128
10339,52.519409,13.411918,129
10339,52.519861,13.413006,130
10339,52.520321,13.414241,131
10339,52.520501,13.414565,132
10339,52.520699,13.414682,133
10339,52.520897,13.414739,134
10339,52.521122,13.414679,135
10339,52.521346,13.414546,136
10339,52.521759,13.414220,137
10339,52.521759,13.414220,138
10339,52.522046,13.413762,139
10339,52.522359,13.412979,140
10339,52.522968,13.411783,141
10339,52.523452,13.410970,142
10339,52.523908,13.410172,143
10339,52.524151,13.410009,144
10339,52.524366,13.409993,145
10339,52.524537,13.410066,146
10339,52.525833,13.411062,147
10339,52.526049,13.411164,148
10339,52.526301,13.411177,149
10339,52.526597,13.411087,150
10339,52.527683,13.410507,151
10337,52.509854,13.272587,0
10337,52.509626,13.274356,1
10337,52.509565,13.274990,2
10337,52.509567,13.275756,3
10337,52.510056,13.283101,4
10337,52.510056,13.283101,5
10337,52.510865,13.295836,6
10337,52.510865,13.295836,7
10337,52.511475,13.305140,8
10337,52.511475,13.305140,9
10337,52.511760,13.310735,10
10337,52.511760,13.310735,11
10337,52.511825,13.311781,12
10337,52.511963,13.312855,13
10337,52.512281,13.317625,14
10337,52.512575,13.320142,15
10337,52.512567,13.320466,16
10337,52.512532,13.320790,17
10337,52.512452,13.321085,18
10337,52.511780,13.322077,19
10337,52.511780,13.322077,20
10337,52.509380,13.325407,21
10337,52.509112,13.325836,22
10337,52.508817,13.326398,23
10337,52.505886,13.332972,24
10337,52.505886,13.332972,25
10337,52.505278,13.334301,26
10337,52.505207,13.334581,27
10337,52.505163,13.334906,28
10337,52.505128,13.335451,29
10337,52.505039,13.335805,30
10337,52.504878,13.336100,31
10337,52.504725,13.336249,32
10337,52.504376,13.336472,33
10337,52.504169,13.336694,34
10337,52.504035,13.336931,35
10337,52.502240,13.341463,36
10337,52.502008,13.342128,37
10337,52.501794,13.342968,38
10337,52.501794,13.342968,39
10337,52.500328,13.349987,40
10337,52.499359,13.354573,41
10337,52.499359,13.354573,42
10337,52.497839,13.361783,43
10337,52.497572,13.363139,44
10337,52.497572,13.363139,45
10337,52.497199,13.365188,46
10337,52.497184,13.366277,47
10337,52.496971,13.367471,48
10337,52.496927,13.367928,49
10337,52.496990,13.372051,50
10337,52.497054,13.372610,51
10337,52.497189,13.372992,52
10337,52.497424,13.373359,53
10337,52.497676,13.373593,54
10337,52.498890,13.374116,55
10337,52.499484,13.374289,56
10337,52.499484,13.374289,57
10337,52.499825,13.374346,58
10337,52.500140,13.374315,59
10337,52.500526,13.374151,60
10337,52.500903,13.374148,61
10337,52.501164,13.374176,62
10337,52.502081,13.374377,63
10337,52.503808,13.374927,64
10337,52.503808,13.374927,65
10337,52.504257,13.375131,66
10337,52.506021,13.376181,67
10337,52.506713,13.376413,68
10337,52.508297,13.377273,69
10337,52.508747,13.377653,70
10337,52.508990,13.377990,71
10337,52.508990,13.377990,72
10337,52.509477,13.378871,73
10337,52.509748,13.379238,74
10337,52.510675,13.380117,75
10337,52.510865,13.380410,76
10337,52.510991,13.380734,77
10337,52.511037,13.381101,78
10337,52.511128,13.381911,79
10337,52.511256,13.382617,80
10337,52.511573,13.384206,81
10337,52.511710,13.385030,82
10337,52.511710,13.385030,83
10337,52.511838,13.386105,84
10337,52.512125,13.390581,85
10337,52.512125,13.390581,86
10337,52.512228,13.392216,87
10337,52.512300,13.392583,88
10337,52.512427,13.392907,89
10337,52.512553,13.393083,90
10337,52.512895,13.393390,91
10337,52.513057,13.393581,92
10337,52.513228,13.393934,93
10337,52.513292,13.394331,94
10337,52.513320,13.394950,95
10337,52.513321,13.395465,96
10337,52.513321,13.395465,97
10337,52.513268,13.395834,98
10337,52.513188,13.396246,99
10337,52.513153,13.396659,100
10337,52.513145,13.397116,101
10337,52.513092,13.397470,102
10337,52.511544,13.401219,103
10337,52.511428,13.401632,104
10337,52.511348,13.402089,105
10337,52.511279,13.403709,106
10337,52.511279,13.403709,107
10337,52.511238,13.405595,108
10337,52.511257,13.406199,109
10337,52.511339,13.406817,110
10337,52.511872,13.408479,111
10337,52.512117,13.409597,112
10337,52.512307,13.410185,113
10337,52.512307,13.410185,114
10337,52.512533,13.410891,115
10337,52.512668,13.411244,116
10337,52.512884,13.411611,117
10337,52.513137,13.411860,118
10337,52.513415,13.412006,119
10337,52.516750,13.412520,120
10337,52.517200,13.412533,121
10337,52.517200,13.412533,122
10337,52.517505,13.412458,123
10337,52.517882,13.412147,124
10337,52.518600,13.411510,125
10337,52.518896,13.411420,126
10337,52.519094,13.411522,127
10337,52.519283,13.411712,128
10337,52.519409,13.411918,129
10337,52.519861,13.413006,130
10337,52.520321,13.414241,131
10337,52.520501,13.414565,132
10337,52.520699,13.414682,133
10337,52.520897,13.414739,134
10337,52.521122,13.414679,135
10337,52.521346,13.414546,136
10337,52.521759,13.414220,137
10337,52.521759,13.414220,138
10337,52.522046,13.413762,139
10337,52.522359,13.412979,140
10337,52.522968,13.411783,141
10337,52.523452,13.410970,142
10337,52.523908,13.410172,143
10337,52.524151,13.410009,144
10337,52.524366,13.409993,145
10337,52.524537,13.410066,146
10337,52.525833,13.411062,147
10337,52.526049,13.411164,148
10337,52.526301,13.411177,149
10337,52.526597,13.411087,150
10337,52.527683,13.410507,151
10337,52.527683,13.410507,152
10337,52.528949,13.409897,153
10337,52.529165,13.409867,154
10337,52.529372,13.409925,155
10337,52.529678,13.410203,156
10337,52.530443,13.411039,157
10337,52.531182,13.412141,158
10337,52.531488,13.412419,159
10337,52.531812,13.412609,160
10337,52.532423,13.412768,161
10337,52.532423,13.412768,162
10337,52.533160,13.412883,163
10337,52.533448,13.412896,164
10337,52.533709,13.412851,165
10337,52.535137,13.412549,166
10337,52.535568,13.412488,167
10337,52.538102,13.412240,168
10337,52.540474,13.412213,169
10337,52.541301,13.412209,170
10337,52.541975,13.412265,171
10337,52.541975,13.412265,172
10337,52.542541,13.412321,173
10337,52.542955,13.412319,174
10337,52.543629,13.412375,175
10337,52.543944,13.412432,176
10337,52.547675,13.413431,177
10337,52.547971,13.413489,178
10337,52.548439,13.413604,179
10337,52.549140,13.413734,180
10337,52.549140,13.413734,181
10337,52.550821,13.413991,182
10337,52.552071,13.414206,183
10337,52.554255,13.414667,184
10337,52.554552,13.414695,185
10337,52.554920,13.414649,186
10337,52.556789,13.414390,187
10337,52.557238,13.414255,188
10337,52.557642,13.414061,189
10337,52.558405,13.413527,190
10337,52.558818,13.413377,191
10337,52.559141,13.413317,192
10337,52.559141,13.413317,193
10337,52.561406,13.413144,194
10337,52.565035,13.412639,195
10337,52.565457,13.412534,196
10337,52.566032,13.412266,197
10337,52.566822,13.411775,198
10367,52.509854,13.272587,0
10367,52.509626,13.274356,1
10367,52.509565,13.274990,2
10367,52.509567,13.275756,3
10367,52.510056,13.283101,4
10367,52.510056,13.283101,5
10367,52.510865,13.295836,6
10367,52.510865,13.295836,7
10367,52.511475,13.305140,8
10367,52.511475,13.305140,9
10367,52.511760,13.310735,10
10367,52.511760,13.310735,11
10367,52.511825,13.311781,12
10367,52.511963,13.312855,13
10367,52.512281,13.317625,14
10367,52.512575,13.320142,15
10367,52.512567,13.320466,16
10367,52.512532,13.320790,17
10367,52.512452,13.321085,18
10367,52.511780,13.322077,19
10367,52.511780,13.322077,20
10367,52.509380,13.325407,21
10367,52.509112,13.325836,22
10367,52.508817,13.326398,23
10367,52.505886,13.332972,24
10367,52.505886,13.332972,25
10367,52.505278,13.334301,26
10367,52.505207,13.334581,27
10367,52.505163,13.334906,28
10367,52.505128,13.335451,29
10367,52.505039,13.335805,30
10367,52.504878,13.336100,31
10367,52.504725,13.336249,32
10367,52.504376,13.336472,33
10367,52.504169,13.336694,34
10367,52.504035,13.336931,35
10367,52.502240,13.341463,36
10367,52.502008,13.342128,37
10367,52.501794,13.342968,38
10367,52.501794,13.342968,39
10367,52.500328,13.349987,40
10367,52.499359,13.354573,41
10367,52.499359,13.354573,42
10367,52.497839,13.361783,43
10367,52.497572,13.363139,44
10367,52.497572,13.363139,45
10367,52.497199,13.365188,46
10367,52.497184,13.366277,47
10367,52.496971,13.367471,48
10367,52.496927,13.367928,49
10367,52.496990,13.372051,50
10367,52.497054,13.372610,51
10367,52.497189,13.372992,52
10367,52.497424,13.373359,53
10367,52.497676,13.373593,54
10367,52.498890,13.374116,55
10367,52.499484,13.374289,56
10367,52.499484,13.374289,57
10367,52.499825,13.374346,58
10367,52.500140,13.374315,59
10367,52.500526,13.374151,60
10367,52.500903,13.374148,61
10367,52.501164,13.374176,62
10367,52.502081,13.374377,63
10367,52.503808,13.374927,64
10367,52.503808,13.374927,65
10367,52.504257,13.375131,66
10367,52.506021,13.376181,67
10367,52.506713,13.376413,68
10367,52.508297,13.377273,69
10367,52.508747,13.377653,70
10367,52.508990,13.377990,71
10367,52.508990,13.377990,72
10367,52.509477,13.378871,73
10367,52.509748,13.379238,74
10367,52.510675,13.380117,75
10367,52.510865,13.380410,76
10367,52.510991,13.380734,77
10367,52.511037,13.381101,78
10367,52.511128,13.381911,79
10367,52.511256,13.382617,80
10367,52.511573,13.384206,81
10367,52.511710,13.385030,82
10367,52.511710,13.385030,83
10367,52.511838,13.386105,84
10367,52.512125,13.390581,85
10367,52.512125,13.390581,86
10367,52.512228,13.392216,87
10367,52.512300,13.392583,88
10367,52.512427,13.392907,89
10367,52.512553,13.393083,90
10367,52.512895,13.393390,91
10367,52.513057,13.393581,92
10367,52.513228,13.393934,93
10367,52.513292,13.394331,94
10367,52.513320,13.394950,95
10367,52.513321,13.395465,96
10367,52.513321,13.395465,97
10367,52.513268,13.395834,98
10367,52.513188,13.396246,99
10367,52.513153,13.396659,100
10367,52.513145,13.397116,101
10367,52.513092,13.397470,102
10367,52.511544,13.401219,103
10367,52.511428,13.401632,104
10367,52.511348,13.402089,105
10367,52.511279,13.403709,106
10367,52.511279,13.403709,107
10367,52.511238,13.405595,108
10367,52.511257,13.406199,109
10367,52.511339,13.406817,110
10367,52.511872,13.408479,111
10367,52.512117,13.409597,112
10367,52.512307,13.410185,113
10367,52.512307,13.410185,114
10367,52.512533,13.410891,115
10367,52.512668,13.411244,116
10367,52.512884,13.411611,117
10367,52.513137,13.411860,118
10367,52.513415,13.412006,119
10367,52.516750,13.412520,120
10367,52.517200,13.412533,121
10367,52.517200,13.412533,122
10367,52.517505,13.412458,123
10367,52.517882,13.412147,124
10367,52.518600,13.411510,125
10367,52.518896,13.411420,126
10367,52.519094,13.411522,127
10367,52.519283,13.411712,128
10367,52.519409,13.411918,129
10367,52.519861,13.413006,130
10367,52.520321,13.414241,131
10367,52.520501,13.414565,132
10367,52.520699,13.414682,133
10367,52.520897,13.414739,134
10367,52.521122,13.414679,135
10367,52.521346,13.414546,136
10367,52.521759,13.414220,137
10367,52.521759,13.414220,138
10367,52.522046,13.413762,139
10367,52.522359,13.412979,140
10367,52.522968,13.411783,141
10367,52.523452,13.410970,142
10367,52.523908,13.410172,143
10367,52.524151,13.410009,144
10367,52.524366,13.409993,145
10367,52.524537,13.410066,146
10367,52.525833,13.411062,147
10367,52.526049,13.411164,148
10367,52.526301,13.411177,149
10367,52.526597,13.411087,150
10367,52.527683,13.410507,151
10367,52.527683,13.410507,152
10367,52.528949,13.409897,153
10367,52.529165,13.409867,154
10367,52.529372,13.409925,155
10367,52.529678,13.410203,156
10367,52.530443,13.411039,157
10367,52.531182,13.412141,158
10367,52.531488,13.412419,159
10367,52.531812,13.412609,160
10367,52.532423,13.412768,161
10367,52.533160,13.412883,162
10367,52.533448,13.412896,163
10367,52.533709,13.412851,164
10367,52.535137,13.412549,165
10367,52.535568,13.412488,166
10367,52.538102,13.412240,167
10367,52.540474,13.412213,168
10367,52.541301,13.412209,169
10367,52.541975,13.412265,170
10367,52.541975,13.412265,171
10367,52.542541,13.412321,172
10367,52.542955,13.412319,173
10367,52.543629,13.412375,174
10367,52.543944,13.412432,175
10367,52.547675,13.413431,176
10367,52.547971,13.413489,177
10367,52.548439,13.413604,178
10367,52.549140,13.413734,179
10367,52.549140,13.413734,180
10367,52.550821,13.413991,181
10367,52.552071,13.414206,182
10367,52.554255,13.414667,183
10367,52.554552,13.414695,184
10367,52.554920,13.414649,185
10367,52.556789,13.414390,186
10367,52.557238,13.414255,187
10367,52.557642,13.414061,188
10367,52.558405,13.413527,189
10367,52.558818,13.413377,190
10367,52.559141,13.413317,191
10367,52.559141,13.413317,192
10367,52.561406,13.413144,193
10367,52.565035,13.412639,194
10367,52.565457,13.412534,195
10367,52.566032,13.412266,196
10367,52.566822,13.411775,197
10325,52.509908,13.272601,0
10325,52.510068,13.271775,1
10325,52.510228,13.271184,2
10325,52.510477,13.270564,3
10325,52.511041,13.269617,4
10325,52.512025,13.268253,5
10325,52.515690,13.262007,6
10325,52.515905,13.261549,7
10325,52.516047,13.261062,8
10325,52.516162,13.260501,9
10325,52.516275,13.259248,10
10325,52.516275,13.259248,11
10325,52.516369,13.257612,12
10325,52.516329,13.256507,13
10325,52.516237,13.255668,14
10325,52.516062,13.254418,15
10325,52.516043,13.253947,16
10325,52.516095,13.253431,17
10325,52.516200,13.252649,18
10325,52.516405,13.251940,19
10325,52.516637,13.251305,20
10325,52.516896,13.250816,21
10325,52.516896,13.250816,22
10325,52.517057,13.250579,23
10325,52.517236,13.250342,24
10325,52.520364,13.247840,25
10325,52.520642,13.247558,26
10325,52.520901,13.247217,27
10325,52.521071,13.247039,28
10325,52.521940,13.246250,29
10325,52.522460,13.245627,30
10325,52.522845,13.245344,31
10325,52.523213,13.245149,32
10325,52.524093,13.244817,33
10325,52.524353,13.244624,34
10325,52.524594,13.244371,35
10325,52.524836,13.244000,36
10325,52.525023,13.243616,37
10325,52.525175,13.243187,38
10325,52.525405,13.241992,39
10325,52.525591,13.241253,40
10342,52.511279,13.403709,0
10342,52.511238,13.405595,1
10342,52.511257,13.406199,2
10342,52.511339,13.406817,3
10342,52.511872,13.408479,4
10342,52.512117,13.409597,5
10342,52.512307,13.410185,6
10342,52.512307,13.410185,7
10342,52.512533,13.410891,8
10342,52.512668,13.411244,9
10342,52.512884,13.411611,10
10342,52.513137,13.411860,11
10342,52.513415,13.412006,12
10342,52.516750,13.412520,13
10342,52.517200,13.412533,14
10342,52.517200,13.412533,15
10342,52.517505,13.412458,16
10342,52.517882,13.412147,17
10342,52.518600,13.411510,18
10342,52.518896,13.411420,19
10342,52.519094,13.411522,20
10342,52.519283,13.411712,21
10342,52.519409,13.411918,22
10342,52.519861,13.413006,23
10342,52.520321,13.414241,24
10342,52.520501,13.414565,25
10342,52.520699,13.414682,26
10342,52.520897,13.414739,27
10342,52.521122,13.414679,28
10342,52.521346,13.414546,29
10342,52.521759,13.414220,30
10342,52.521759,13.414220,31
10342,52.522046,13.413762,32
10342,52.522359,13.412979,33
10342,52.522968,13.411783,34
10342,52.523452,13.410970,35
10342,52.523908,13.410172,36
10342,52.524151,13.410009,37
10342,52.524366,13.409993,38
10342,52.524537,13.410066,39
10342,52.525833,13.411062,40
10342,52.526049,13.411164,41
10342,52.526301,13.411177,42
10342,52.526597,13.411087,43
10342,52.527683,13.410507,44
10342,52.527683,13.410507,45
10342,52.528949,13.409897,46
10342,52.529165,13.409867,47
10342,52.529372,13.409925,48
10342,52.529678,13.410203,49
10342,52.530443,13.411039,50
10342,52.531182,13.412141,51
10342,52.531488,13.412419,52
10342,52.531812,13.412609,53
10342,52.532423,13.412768,54
10342,52.532423,13.412768,55
10342,52.533160,13.412883,56
10342,52.533448,13.412896,57
10342,52.533709,13.412851,58
10342,52.535137,13.412549,59
10342,52.535568,13.412488,60
10342,52.538102,13.412240,61
10342,52.540474,13.412213,62
10342,52.541301,13.412209,63
10342,52.541975,13.412265,64
10342,52.541975,13.412265,65
10342,52.542541,13.412321,66
10342,52.542955,13.412319,67
10342,52.543629,13.412375,68
10342,52.543944,13.412432,69
10342,52.547675,13.413431,70
10342,52.547971,13.413489,71
10342,52.548439,13.413604,72
10342,52.549140,13.413734,73
10342,52.549140,13.413734,74
10342,52.550821,13.413991,75
10342,52.552071,13.414206,76
10342,52.554255,13.414667,77
10342,52.554552,13.414695,78
10342,52.554920,13.414649,79
10342,52.556789,13.414390,80
10342,52.557238,13.414255,81
10342,52.557642,13.414061,82
10342,52.558405,13.413527,83
10342,52.558818,13.413377,84
10342,52.559141,13.413317,85
10342,52.559141,13.413317,86
10342,52.561406,13.413144,87
10342,52.565035,13.412639,88
10342,52.565457,13.412534,89
10342,52.566032,13.412266,90
10342,52.566822,13.411775,91
10364,52.511279,13.403709,0
10364,52.511238,13.405595,1
10364,52.511257,13.406199,2
10364,52.511339,13.406817,3
10364,52.511872,13.408479,4
10364,52.512117,13.409597,5
10364,52.512307,13.410185,6
10364,52.512307,13.410185,7
10364,52.512533,13.410891,8
10364,52.512668,13.411244,9
10364,52.512884,13.411611,10
10364,52.513137,13.411860,11
10364,52.513415,13.412006,12
10364,52.516750,13.412520,13
10364,52.517200,13.412533,14
10364,52.517200,13.412533,15
10364,52.517505,13.412458,16
10364,52.517882,13.412147,17
10364,52.518600,13.411510,18
10364,52.518896,13.411420,19
10364,52.519094,13.411522,20
10364,52.519283,13.411712,21
10364,52.519409,13.411918,22
10364,52.519861,13.413006,23
10364,52.520321,13.414241,24
10364,52.520501,13.414565,25
10364,52.520699,13.414682,26
10364,52.520897,13.414739,27
10364,52.521122,13.414679,28
10364,52.521346,13.414546,29
10364,52.521759,13.414220,30
10364,52.521759,13.414220,31
10364,52.522046,13.413762,32
10364,52.522359,13.412979,33
10364,52.522968,13.411783,34
10364,52.523452,13.410970,35
10364,52.523908,13.410172,36
10364,52.524151,13.410009,37
10364,52.524366,13.409993,38
10364,52.524537,13.410066,39
10364,52.525833,13.411062,40
10364,52.526049,13.411164,41
10364,52.526301,13.411177,42
10364,52.526597,13.411087,43
10364,52.527683,13.410507,44
10364,52.527683,13.410507,45
10364,52.528949,13.409897,46
10364,52.529165,13.409867,47
10364,52.529372,13.409925,48
10364,52.529678,13.410203,49
10364,52.530443,13.411039,50
10364,52.531182,13.412141,51
10364,52.531488,13.412419,52
10364,52.531812,13.412609,53
10364,52.532423,13.412768,54
10364,52.533160,13.412883,55
10364,52.533448,13.412896,56
10364,52.533709,13.412851,57
10364,52.535137,13.412549,58
10364,52.535568,13.412488,59
10364,52.538102,13.412240,60
10364,52.540474,13.412213,61
10364,52.541301,13.412209,62
10364,52.541975,13.412265,63
10364,52.541975,13.412265,64
10364,52.542541,13.412321,65
10364,52.542955,13.412319,66
10364,52.543629,13.412375,67
10364,52.543944,13.412432,68
10364,52.547675,13.413431,69
10364,52.547971,13.413489,70
10364,52.548439,13.413604,71
10364,52.549140,13.413734,72
10364,52.549140,13.413734,73
10364,52.550821,13.413991,74
10364,52.552071,13.414206,75
10364,52.554255,13.414667,76
10364,52.554552,13.414695,77
10364,52.554920,13.414649,78
10364,52.556789,13.414390,79
10364,52.557238,13.414255,80
10364,52.557642,13.414061,81
10364,52.558405,13.413527,82
10364,52.558818,13.413377,83
10364,52.559141,13.413317,84
10364,52.559141,13.413317,85
10364,52.561406,13.413144,86
10364,52.565035,13.412639,87
10364,52.565457,13.412534,88
10364,52.566032,13.412266,89
10364,52.566822,13.411775,90
10361,52.511342,13.403709,0
10361,52.511393,13.402148,1
10361,52.511482,13.401646,2
10361,52.511607,13.401233,3
10361,52.513101,13.397602,4
10361,52.513199,13.397292,5
10361,52.513208,13.397012,6
10361,52.513233,13.396394,7
10361,52.513340,13.395863,8
10361,52.513384,13.395479,9
10361,52.513384,13.395479,10
10361,52.513383,13.394964,11
10361,52.513346,13.394301,12
10361,52.513273,13.393889,13
10361,52.513138,13.393536,14
10361,52.512985,13.393346,15
10361,52.512616,13.393009,16
10361,52.512471,13.392848,17
10361,52.512354,13.392539,18
10361,52.512290,13.392142,19
10361,52.512197,13.390566,20
10361,52.512197,13.390566,21
10361,52.511919,13.386105,22
10361,52.511791,13.385001,23
10361,52.511791,13.385001,24
10361,52.511654,13.384191,25
10361,52.511382,13.382955,26
10361,52.511228,13.382087,27
10361,52.511100,13.381072,28
10361,52.511036,13.380719,29
10361,52.510909,13.380336,30
10361,52.510684,13.379955,31
10361,52.510018,13.379354,32
10361,52.509657,13.378988,33
10361,52.509378,13.378533,34
10361,52.509035,13.377902,35
10361,52.509035,13.377902,36
10361,52.508783,13.377565,37
10361,52.508315,13.377169,38
10361,52.506749,13.376295,39
10361,52.506057,13.376092,40
10361,52.505580,13.375830,41
10361,52.504275,13.375072,42
10361,52.503816,13.374853,43
10361,52.503816,13.374853,44
10361,52.501946,13.374275,45
10361,52.500759,13.374032,46
10361,52.500418,13.374048,47
10361,52.500058,13.374139,48
10361,52.499816,13.374140,49
10361,52.499501,13.374083,50
10361,52.499501,13.374083,51
10361,52.498305,13.373810,52
10361,52.497613,13.373475,53
10361,52.497451,13.373300,54
10361,52.497216,13.372918,55
10361,52.497107,13.372565,56
10361,52.497025,13.371991,57
10361,52.496972,13.367943,58
10361,52.497007,13.367501,59
10361,52.497229,13.366292,60
10361,52.497226,13.365188,61
10361,52.497608,13.363153,62
10361,52.497608,13.363153,63
10361,52.497875,13.361782,64
10361,52.499395,13.354587,65
10361,52.499395,13.354587,66
10361,52.500364,13.350002,67
10361,52.501857,13.342997,68
10361,52.501857,13.342997,69
10361,52.502053,13.342172,70
10361,52.502276,13.341507,71
10361,52.504071,13.336989,72
10361,52.504196,13.336738,73
10361,52.504385,13.336546,74
10361,52.504726,13.336352,75
10361,52.504914,13.336144,76
10361,52.505075,13.335849,77
10361,52.505164,13.335451,78
10361,52.505198,13.334905,79
10361,52.505243,13.334625,80
10361,52.505350,13.334286,81
10361,52.505922,13.333016,82
10360,52.511342,13.403709,0
10360,52.511393,13.402148,1
10360,52.511482,13.401646,2
10360,52.511607,13.401233,3
10360,52.513101,13.397602,4
10360,52.513199,13.397292,5
10360,52.513208,13.397012,6
10360,52.513233,13.396394,7
10360,52.513340,13.395863,8
10360,52.513384,13.395479,9
10360,52.513384,13.395479,10
10360,52.513383,13.394964,11
10360,52.513346,13.394301,12
10360,52.513273,13.393889,13
10360,52.513138,13.393536,14
10360,52.512985,13.393346,15
10360,52.512616,13.393009,16
10360,52.512471,13.392848,17
10360,52.512354,13.392539,18
10360,52.512290,13.392142,19
10360,52.512197,13.390566,20
10360,52.512197,13.390566,21
10360,52.511919,13.386105,22
10360,52.511791,13.385001,23
10360,52.511791,13.385001,24
10360,52.511654,13.384191,25
10360,52.511382,13.382955,26
10360,52.511228,13.382087,27
10360,52.511100,13.381072,28
10360,52.511036,13.380719,29
10360,52.510909,13.380336,30
10360,52.510684,13.379955,31
10360,52.510018,13.379354,32
10360,52.509657,13.378988,33
10360,52.509378,13.378533,34
10360,52.509035,13.377902,35
10360,52.509035,13.377902,36
10360,52.508783,13.377565,37
10360,52.508315,13.377169,38
10360,52.506749,13.376295,39
10360,52.506057,13.376092,40
10360,52.505580,13.375830,41
10360,52.504275,13.375072,42
10360,52.503816,13.374853,43
10360,52.503816,13.374853,44
10360,52.501946,13.374275,45
10360,52.500759,13.374032,46
10360,52.500418,13.374048,47
10360,52.500058,13.374139,48
10360,52.499816,13.374140,49
10360,52.499501,13.374083,50
10360,52.499501,13.374083,51
10360,52.498305,13.373810,52
10360,52.497613,13.373475,53
10360,52.497451,13.373300,54
10360,52.497216,13.372918,55
10360,52.497107,13.372565,56
10360,52.497025,13.371991,57
10360,52.496972,13.367943,58
10360,52.497007,13.367501,59
10360,52.497229,13.366292,60
10360,52.497226,13.365188,61
10360,52.497608,13.363153,62
10360,52.497608,13.363153,63
10360,52.497875,13.361782,64
10360,52.499395,13.354587,65
10360,52.499395,13.354587,66
10360,52.500364,13.350002,67
10360,52.501857,13.342997,68
10360,52.501857,13.342997,69
10360,52.502053,13.342172,70
10360,52.502276,13.341507,71
10360,52.504071,13.336989,72
10360,52.504196,13.336738,73
10360,52.504385,13.336546,74
10360,52.504726,13.336352,75
10360,52.504914,13.336144,76
10360,52.505075,13.335849,77
10360,52.505164,13.335451,78
10360,52.505198,13.334905,79
10360,52.505243,13.334625,80
10360,52.505350,13.334286,81
10360,52.505922,13.333016,82
10360,52.505922,13.333016,83
10360,52.508862,13.326442,84
10360,52.509157,13.325865,85
10360,52.509425,13.325451,86
10360,52.511798,13.322121,87
10360,52.511798,13.322121,88
10360,52.512506,13.321100,89
10360,52.512595,13.320790,90
10360,52.512639,13.320465,91
10360,52.512638,13.320141,92
10360,52.512344,13.317507,93
10360,52.512017,13.312840,94
10360,52.511966,13.310704,95
10360,52.511966,13.310704,96
10360,52.511520,13.305125,97
10360,52.511520,13.305125,98
10360,52.510901,13.295836,99
10360,52.510901,13.295836,100
10360,52.510110,13.283086,101
10360,52.510110,13.283086,102
10360,52.509621,13.275755,103
10360,52.509619,13.275004,104
10360,52.509671,13.274356,105
10360,52.509908,13.272601,106
10360,52.509908,13.272601,107
10360,52.510068,13.271775,108
10360,52.510228,13.271184,109
10360,52.510477,13.270564,110
10360,52.511041,13.269617,111
10360,52.512025,13.268253,112
10360,52.515690,13.262007,113
10360,52.515905,13.261549,114
10360,52.516047,13.261062,115
10360,52.516162,13.260501,116
10360,52.516275,13.259248,117
10360,52.516275,13.259248,118
10360,52.516369,13.257612,119
10360,52.516329,13.256507,120
10360,52.516237,13.255668,121
10360,52.516062,13.254418,122
10360,52.516043,13.253947,123
10360,52.516095,13.253431,124
10360,52.516200,13.252649,125
10360,52.516405,13.251940,126
10360,52.516637,13.251305,127
10360,52.516896,13.250816,128
10360,52.516896,13.250816,129
10360,52.517057,13.250579,130
10360,52.517236,13.250342,131
10360,52.520364,13.247840,132
10360,52.520642,13.247558,133
10360,52.520901,13.247217,134
10360,52.521071,13.247039,135
10360,52.521940,13.246250,136
10360,52.522460,13.245627,137
10360,52.522845,13.245344,138
10360,52.523213,13.245149,139
10360,52.524093,13.244817,140
10360,52.524353,13.244624,141
10360,52.524594,13.244371,142
10360,52.524836,13.244000,143
10360,52.525023,13.243616,144
10360,52.525175,13.243187,145
10360,52.525405,13.241992,146
10360,52.525591,13.241253,147
10348,52.511831,13.310720,0
10348,52.512290,13.317610,1
10348,52.512575,13.320142,2
10348,52.512576,13.320466,3
10348,52.512532,13.320775,4
10348,52.512452,13.321070,5
10348,52.511780,13.322077,6
10348,52.511780,13.322077,7
10348,52.509380,13.325407,8
10348,52.509112,13.325836,9
10348,52.508817,13.326398,10
10348,52.505886,13.332972,11
10348,52.505886,13.332972,12
10348,52.505278,13.334301,13
10348,52.505207,13.334581,14
10348,52.505163,13.334906,15
10348,52.505128,13.335451,16
10348,52.505039,13.335805,17
10348,52.504878,13.336100,18
10348,52.504725,13.336249,19
10348,52.504376,13.336472,20
10348,52.504169,13.336694,21
10348,52.504035,13.336931,22
10348,52.502240,13.341463,23
10348,52.502008,13.342128,24
10348,52.501794,13.342968,25
10348,52.501794,13.342968,26
10348,52.500328,13.349987,27
10348,52.499359,13.354573,28
10348,52.499359,13.354573,29
10348,52.497839,13.361783,30
10348,52.497572,13.363139,31
10348,52.497572,13.363139,32
10348,52.497199,13.365188,33
10348,52.497184,13.366277,34
10348,52.496971,13.367471,35
10348,52.496927,13.367928,36
10348,52.496990,13.372051,37
10348,52.497054,13.372610,38
10348,52.497189,13.372992,39
10348,52.497424,13.373359,40
10348,52.497676,13.373593,41
10348,52.498890,13.374116,42
10348,52.499484,13.374289,43
10348,52.499484,13.374289,44
10348,52.499825,13.374346,45
10348,52.500140,13.374315,46
10348,52.500526,13.374151,47
10348,52.500903,13.374148,48
10348,52.501164,13.374176,49
10348,52.502081,13.374377,50
10348,52.503808,13.374927,51
10348,52.503808,13.374927,52
10348,52.504257,13.375131,53
10348,52.506021,13.376181,54
10348,52.506713,13.376413,55
10348,52.508297,13.377273,56
10348,52.508747,13.377653,57
10348,52.508990,13.377990,58
10348,52.508990,13.377990,59
10348,52.509477,13.378871,60
10348,52.509748,13.379238,61
10348,52.510675,13.380117,62
10348,52.510865,13.380410,63
10348,52.510991,13.380734,64
10348,52.511037,13.381101,65
10348,52.511128,13.381911,66
10348,52.511256,13.382617,67
10348,52.511573,13.384206,68
10348,52.511710,13.385030,69
10348,52.511710,13.385030,70
10348,52.511838,13.386105,71
10348,52.512125,13.390581,72
10348,52.512125,13.390581,73
10348,52.512228,13.392216,74
10348,52.512300,13.392583,75
10348,52.512427,13.392907,76
10348,52.512553,13.393083,77
10348,52.512895,13.393390,78
10348,52.513057,13.393581,79
10348,52.513228,13.393934,80
10348,52.513292,13.394331,81
10348,52.513320,13.394950,82
10348,52.513321,13.395465,83
10348,52.513321,13.395465,84
10348,52.513268,13.395834,85
10348,52.513188,13.396246,86
10348,52.513153,13.396659,87
10348,52.513145,13.397116,88
10348,52.513092,13.397470,89
10348,52.511544,13.401219,90
10348,52.511428,13.401632,91
10348,52.511348,13.402089,92
10348,52.511279,13.403709,93
10348,52.511279,13.403709,94
10348,52.511238,13.405595,95
10348,52.511257,13.406199,96
10348,52.511339,13.406817,97
10348,52.511872,13.408479,98
10348,52.512117,13.409597,99
10348,52.512307,13.410185,100
10348,52.512307,13.410185,101
10348,52.512533,13.410891,102
10348,52.512668,13.411244,103
10348,52.512884,13.411611,104
10348,52.513137,13.411860,105
10348,52.513415,13.412006,106
10348,52.516750,13.412520,107
10348,52.517200,13.412533,108
10348,52.517200,13.412533,109
10348,52.517505,13.412458,110
10348,52.517882,13.412147,111
10348,52.518600,13.411510,112
10348,52.518896,13.411420,113
10348,52.519094,13.411522,114
10348,52.519283,13.411712,115
10348,52.519409,13.411918,116
10348,52.519861,13.413006,117
10348,52.520321,13.414241,118
10348,52.520501,13.414565,119
10348,52.520699,13.414682,120
10348,52.520897,13.414739,121
10348,52.521122,13.414679,122
10348,52.521346,13.414546,123
10348,52.521759,13.414220,124
10348,52.521759,13.414220,125
10348,52.522046,13.413762,126
10348,52.522359,13.412979,127
10348,52.522968,13.411783,128
10348,52.523452,13.410970,129
10348,52.523908,13.410172,130
10348,52.524151,13.410009,131
10348,52.524366,13.409993,132
10348,52.524537,13.410066,133
10348,52.525833,13.411062,134
10348,52.526049,13.411164,135
10348,52.526301,13.411177,136
10348,52.526597,13.411087,137
10348,52.527683,13.410507,138
10348,52.527683,13.410507,139
10348,52.528949,13.409897,140
10348,52.529165,13.409867,141
10348,52.529372,13.409925,142
10348,52.529678,13.410203,143
10348,52.530443,13.411039,144
10348,52.531182,13.412141,145
10348,52.531488,13.412419,146
10348,52.531812,13.412609,147
10348,52.532423,13.412768,148
10348,52.532423,13.412768,149
10348,52.533160,13.412883,150
10348,52.533448,13.412896,151
10348,52.533709,13.412851,152
10348,52.535137,13.412549,153
10348,52.535568,13.412488,154
10348,52.538102,13.412240,155
10348,52.540474,13.412213,156
10348,52.541301,13.412209,157
10348,52.541975,13.412265,158
10348,52.541975,13.412265,159
10348,52.542541,13.412321,160
10348,52.542955,13.412319,161
10348,52.543629,13.412375,162
10348,52.543944,13.412432,163
10348,52.547675,13.413431,164
10348,52.547971,13.413489,165
10348,52.548439,13.413604,166
10348,52.549140,13.413734,167
10348,52.549140,13.413734,168
10348,52.550821,13.413991,169
10348,52.552071,13.414206,170
10348,52.554255,13.414667,171
10348,52.554552,13.414695,172
10348,52.554920,13.414649,173
10348,52.556789,13.414390,174
10348,52.557238,13.414255,175
10348,52.557642,13.414061,176
10348,52.558405,13.413527,177
10348,52.558818,13.413377,178
10348,52.559141,13.413317,179
10348,52.559141,13.413317,180
10348,52.561406,13.413144,181
10348,52.565035,13.412639,182
10348,52.565457,13.412534,183
10348,52.566032,13.412266,184
10348,52.566822,13.411775,185
10369,52.511831,13.310720,0
10369,52.512290,13.317610,1
10369,52.512575,13.320142,2
10369,52.512576,13.320466,3
10369,52.512532,13.320775,4
10369,52.512452,13.321070,5
10369,52.511780,13.322077,6
10369,52.511780,13.322077,7
10369,52.509380,13.325407,8
10369,52.509112,13.325836,9
10369,52.508817,13.326398,10
10369,52.505886,13.332972,11
10369,52.505886,13.332972,12
10369,52.505278,13.334301,13
10369,52.505207,13.334581,14
10369,52.505163,13.334906,15
10369,52.505128,13.335451,16
10369,52.505039,13.335805,17
10369,52.504878,13.336100,18
10369,52.504725,13.336249,19
10369,52.504376,13.336472,20
10369,52.504169,13.336694,21
10369,52.504035,13.336931,22
10369,52.502240,13.341463,23
10369,52.502008,13.342128,24
10369,52.501794,13.342968,25
10369,52.501794,13.342968,26
10369,52.500328,13.349987,27
10369,52.499359,13.354573,28
10369,52.499359,13.354573,29
10369,52.497839,13.361783,30
10369,52.497572,13.363139,31
10369,52.497572,13.363139,32
10369,52.497199,13.365188,33
10369,52.497184,13.366277,34
10369,52.496971,13.367471,35
10369,52.496927,13.367928,36
10369,52.496990,13.372051,37
10369,52.497054,13.372610,38
10369,52.497189,13.372992,39
10369,52.497424,13.373359,40
10369,52.497676,13.373593,41
10369,52.498890,13.374116,42
10369,52.499484,13.374289,43
10369,52.499484,13.374289,44
10369,52.499825,13.374346,45
10369,52.500140,13.374315,46
10369,52.500526,13.374151,47
10369,52.500903,13.374148,48
10369,52.501164,13.374176,49
10369,52.502081,13.374377,50
10369,52.503808,13.374927,51
10369,52.503808,13.374927,52
10369,52.504257,13.375131,53
10369,52.506021,13.376181,54
10369,52.506713,13.376413,55
10369,52.508297,13.377273,56
10369,52.508747,13.377653,57
10369,52.508990,13.377990,58
10369,52.508990,13.377990,59
10369,52.509477,13.378871,60
10369,52.509748,13.379238,61
10369,52.510675,13.380117,62
10369,52.510865,13.380410,63
10369,52.510991,13.380734,64
10369,52.511037,13.381101,65
10369,52.511128,13.381911,66
10369,52.511256,13.382617,67
10369,52.511573,13.384206,68
10369,52.511710,13.385030,69
10369,52.511710,13.385030,70
10369,52.511838,13.386105,71
10369,52.512125,13.390581,72
10369,52.512125,13.390581,73
10369,52.512228,13.392216,74
10369,52.512300,13.392583,75
10369,52.512427,13.392907,76
10369,52.512553,13.393083,77
10369,52.512895,13.393390,78
10369,52.513057,13.393581,79
10369,52.513228,13.393934,80
10369,52.513292,13.394331,81
10369,52.513320,13.394950,82
10369,52.513321,13.395465,83
10369,52.513321,13.395465,84
10369,52.513268,13.395834,85
10369,52.513188,13.396246,86
10369,52.513153,13.396659,87
10369,52.513145,13.397116,88
10369,52.513092,13.397470,89
10369,52.511544,13.401219,90
10369,52.511428,13.401632,91
10369,52.511348,13.402089,92
10369,52.511279,13.403709,93
10369,52.511279,13.403709,94
10369,52.511238,13.405595,95
10369,52.511257,13.406199,96
10369,52.511339,13.406817,97
10369,52.511872,13.408479,98
10369,52.512117,13.409597,99
10369,52.512307,13.410185,100
10369,52.512307,13.410185,101
10369,52.512533,13.410891,102
10369,52.512668,13.411244,103
10369,52.512884,13.411611,104
10369,52.513137,13.411860,105
10369,52.513415,13.412006,106
10369,52.516750,13.412520,107
10369,52.517200,13.412533,108
10369,52.517200,13.412533,109
10369,52.517505,13.412458,110
10369,52.517882,13.412147,111
10369,52.518600,13.411510,112
10369,52.518896,13.411420,113
10369,52.519094,13.411522,114
10369,52.519283,13.411712,115
10369,52.519409,13.411918,116
10369,52.519861,13.413006,117
10369,52.520321,13.414241,118
10369,52.520501,13.414565,119
10369,52.520699,13.414682,120
10369,52.520897,13.414739,121
10369,52.521122,13.414679,122
10369,52.521346,13.414546,123
10369,52.521759,13.414220,124
10369,52.521759,13.414220,125
10369,52.522046,13.413762,126
10369,52.522359,13.412979,127
10369,52.522968,13.411783,128
10369,52.523452,13.410970,129
10369,52.523908,13.410172,130
10369,52.524151,13.410009,131
10369,52.524366,13.409993,132
10369,52.524537,13.410066,133
10369,52.525833,13.411062,134
10369,52.526049,13.411164,135
10369,52.526301,13.411177,136
10369,52.526597,13.411087,137
10369,52.527683,13.410507,138
10369,52.527683,13.410507,139
10369,52.528949,13.409897,140
10369,52.529165,13.409867,141
10369,52.529372,13.409925,142
10369,52.529678,13.410203,143
10369,52.530443,13.411039,144
10369,52.531182,13.412141,145
10369,52.531488,13.412419,146
10369,52.531812,13.412609,147
10369,52.532423,13.412768,148
10369,52.533160,13.412883,149
10369,52.533448,13.412896,150
10369,52.533709,13.412851,151
10369,52.535137,13.412549,152
10369,52.535568,13.412488,153
10369,52.538102,13.412240,154
10369,52.540474,13.412213,155
10369,52.541301,13.412209,156
10369,52.541975,13.412265,157
10369,52.541975,13.412265,158
10369,52.542541,13.412321,159
10369,52.542955,13.412319,160
10369,52.543629,13.412375,161
10369,52.543944,13.412432,162
10369,52.547675,13.413431,163
10369,52.547971,13.413489,164
10369,52.548439,13.413604,165
10369,52.549140,13.413734,166
10369,52.549140,13.413734,167
10369,52.550821,13.413991,168
10369,52.552071,13.414206,169
10369,52.554255,13.414667,170
10369,52.554552,13.414695,171
10369,52.554920,13.414649,172
10369,52.556789,13.414390,173
10369,52.557238,13.414255,174
10369,52.557642,13.414061,175
10369,52.558405,13.413527,176
10369,52.558818,13.413377,177
10369,52.559141,13.413317,178
10369,52.559141,13.413317,179
10369,52.561406,13.413144,180
10369,52.565035,13.412639,181
10369,52.565457,13.412534,182
10369,52.566032,13.412266,183
10369,52.566822,13.411775,184
10402,52.513711,13.475211,0
10402,52.514775,13.464543,1
10402,52.514775,13.464543,2
10402,52.515847,13.453888,3
10402,52.515847,13.453888,4
10402,52.516786,13.444634,5
10402,52.516786,13.444634,6
10402,52.518149,13.431547,7
10402,52.518149,13.431547,8
10402,52.518309,13.430191,9
10402,52.518540,13.428878,10
10402,52.519290,13.426002,11
10402,52.520917,13.420868,12
10402,52.520917,13.420868,13
10402,52.521140,13.420086,14
10402,52.521560,13.418773,15
10402,52.522025,13.417253,16
10402,52.522168,13.416693,17
10402,52.522266,13.416191,18
10402,52.522283,13.415867,19
10402,52.522265,13.415573,20
10402,52.522210,13.415293,21
10402,52.522129,13.414955,22
10402,52.521452,13.413470,23
10402,52.521452,13.413470,24
10402,52.518782,13.407929,25
10402,52.518782,13.407929,26
10402,52.517424,13.398110,27
10402,52.517424,13.398110,28
10402,52.517056,13.389052,29
10402,52.517056,13.389052,30
10402,52.516617,13.381070,31
10402,52.516617,13.381070,32
10402,52.516588,13.379951,33
10402,52.516622,13.379067,34
10402,52.516719,13.378079,35
10402,52.516914,13.376988,36
10402,52.517298,13.375866,37
10402,52.517719,13.374995,38
10402,52.518167,13.374359,39
10402,52.518615,13.373900,40
10402,52.519145,13.373528,41
10402,52.520132,13.373037,42
10402,52.520132,13.373037,43
10402,52.525329,13.370030,44
10472,52.516628,13.306590,0
10472,52.516269,13.306652,1
10472,52.515685,13.306568,2
10472,52.515064,13.306307,3
10472,52.513857,13.305432,4
10472,52.513209,13.305142,5
10472,52.512436,13.305030,6
10472,52.512041,13.305018,7
10472,52.511502,13.305111,8
10472,52.511502,13.305111,9
10472,52.506572,13.306634,10
10472,52.506572,13.306634,11
10472,52.503071,13.307749,12
10472,52.502424,13.307827,13
10472,52.501767,13.307714,14
10472,52.500787,13.307339,15
10472,52.500041,13.307256,16
10472,52.500041,13.307256,17
10472,52.499304,13.307305,18
10472,52.495927,13.308257,19
10472,52.495245,13.308571,20
10472,52.494590,13.309003,21
10472,52.494590,13.309003,22
10472,52.494035,13.309464,23
10472,52.493398,13.310175,24
10472,52.490426,13.314260,25
10472,52.490426,13.314260,26
10472,52.489360,13.315563,27
10472,52.488894,13.316258,28
10472,52.486783,13.319820,29
10472,52.486559,13.320381,30
10472,52.486409,13.321133,31
10472,52.486357,13.321928,32
10472,52.486357,13.321928,33
10472,52.486448,13.326020,34
10472,52.486595,13.327300,35
10472,52.487278,13.330990,36
10472,52.487278,13.330990,37
10472,52.488027,13.335549,38
10472,52.488173,13.336505,39
10472,52.488652,13.341507,40
10472,52.488652,13.341507,41
10472,52.489536,13.350349,42
10472,52.489536,13.350349,43
10472,52.490381,13.358427,44
10472,52.490374,13.359369,45
10472,52.490340,13.360208,46
10472,52.490340,13.360208,47
10472,52.490298,13.361445,48
10472,52.490637,13.364329,49
10472,52.490783,13.365137,50
10472,52.491027,13.365887,51
10472,52.491307,13.366548,52
10472,52.492226,13.367794,53
10472,52.492524,13.368293,54
10472,52.492768,13.368968,55
10472,52.492914,13.369939,56
10472,52.492970,13.370896,57
10472,52.492970,13.370896,58
10472,52.493008,13.372029,59
10472,52.493199,13.373000,60
10472,52.493480,13.373823,61
10472,52.493840,13.374469,62
10472,52.494282,13.375011,63
10472,52.494795,13.375406,64
10472,52.496603,13.376396,65
10472,52.497053,13.376703,66
10472,52.497450,13.377143,67
10472,52.497855,13.377759,68
10472,52.498180,13.378493,69
10472,52.498461,13.379434,70
10472,52.498580,13.380405,71
10472,52.498666,13.383173,72
10472,52.498666,13.383173,73
10472,52.498650,13.383924,74
10472,52.498455,13.385162,75
10472,52.497983,13.387182,76
10472,52.497813,13.387713,77
10472,52.497634,13.388126,78
10472,52.497347,13.388584,79
10472,52.497025,13.388969,80
10472,52.496648,13.389309,81
10472,52.496127,13.389592,82
10472,52.495687,13.389668,83
10472,52.495210,13.389406,84
10472,52.494517,13.388776,85
10472,52.494517,13.388776,86
10472,52.494193,13.388483,87
10472,52.493797,13.388221,88
10472,52.493410,13.388046,89
10472,52.493141,13.388033,90
10472,52.492862,13.388226,91
10472,52.492656,13.388477,92
10472,52.492504,13.388831,93
10472,52.492388,13.389288,94
10472,52.492291,13.390275,95
10472,52.492177,13.391277,96
10472,52.491287,13.395698,97
10472,52.491287,13.395698,98
10472,52.489622,13.403981,99
10472,52.489551,13.404438,100
10472,52.489516,13.404879,101
10472,52.489554,13.405998,102
10472,52.489492,13.406764,103
10472,52.489180,13.407884,104
10472,52.489180,13.407884,105
10472,52.488894,13.408916,106
10472,52.487298,13.420701,107
10472,52.487093,13.421585,108
10472,52.486324,13.424136,109
10472,52.486324,13.424136,110
10472,52.482564,13.432646,111
10472,52.482134,13.433384,112
10472,52.481686,13.434019,113
10472,52.481686,13.434019,114
10472,52.479812,13.436779,115
10472,52.479354,13.437267,116
10472,52.477433,13.438659,117
10472,52.476518,13.439163,118
10472,52.476518,13.439163,119
10472,52.474946,13.439891,120
10472,52.472971,13.440988,121
10472,52.472584,13.441122,122
10472,52.468667,13.441757,123
10472,52.468667,13.441757,124
10472,52.465981,13.442224,125
10472,52.465568,13.442344,126
10472,52.465236,13.442595,127
10472,52.464015,13.443792,128
10472,52.463593,13.444147,129
10472,52.462777,13.444739,130
10472,52.462777,13.444739,131
10472,52.458037,13.448260,132
10472,52.457534,13.448512,133
10472,52.456950,13.448558,134
10472,52.456537,13.448501,135
10472,52.456168,13.448370,136
10472,52.455682,13.448240,137
10472,52.455179,13.448227,138
10472,52.453356,13.448676,139
10472,52.452161,13.449107,140
10472,52.452161,13.449107,141
10472,52.450823,13.449554,142
10472,52.449718,13.449852,143
10472,52.448640,13.449989,144
10472,52.447948,13.450006,145
10472,52.447238,13.449980,146
10472,52.446581,13.449924,147
10472,52.445844,13.449824,148
10472,52.445332,13.449723,149
10472,52.444739,13.449519,150
10472,52.444739,13.449519,151
10472,52.444325,13.449315,152
10472,52.443938,13.449081,153
10472,52.443623,13.448803,154
10472,52.442552,13.447778,155
10472,52.442318,13.447558,156
10472,52.441913,13.447310,157
10472,52.441419,13.447121,158
10472,52.440898,13.447049,159
10472,52.440287,13.447111,160
10472,52.437826,13.448047,161
10472,52.437826,13.448047,162
10472,52.433874,13.449592,163
10472,52.432904,13.450052,164
10472,52.432015,13.450629,165
10472,52.431001,13.451486,166
10472,52.430041,13.452489,167
10472,52.429171,13.453478,168
10472,52.429171,13.453478,169
10472,52.428776,13.453920,170
10472,52.428247,13.454716,171
10472,52.427314,13.456205,172
10472,52.426588,13.457589,173
10472,52.425916,13.459047,174
10472,52.425379,13.460416,175
10472,52.424744,13.462300,176
10472,52.424744,13.462300,177
10472,52.424502,13.462977,178
10472,52.424261,13.463846,179
10472,52.424082,13.464846,180
10472,52.423283,13.472081,181
10472,52.423257,13.472831,182
10472,52.423277,13.474727,183
10472,52.423277,13.474727,184
10472,52.423520,13.481503,185
10472,52.423503,13.482312,186
10472,52.423405,13.483106,187
10472,52.423271,13.483709,188
10472,52.423271,13.483709,189
10472,52.416373,13.495092,190
10454,52.516628,13.306590,0
10454,52.516269,13.306652,1
10454,52.515685,13.306568,2
10454,52.515064,13.306307,3
10454,52.513857,13.305432,4
10454,52.513209,13.305142,5
10454,52.512436,13.305030,6
10454,52.512041,13.305018,7
10454,52.511502,13.305111,8
10454,52.511502,13.305111,9
10454,52.506572,13.306634,10
10454,52.506572,13.306634,11
10454,52.503071,13.307749,12
10454,52.502424,13.307827,13
10454,52.501767,13.307714,14
10454,52.500787,13.307339,15
10454,52.500041,13.307256,16
10454,52.500041,13.307256,17
10454,52.499304,13.307305,18
10454,52.495927,13.308257,19
10454,52.495245,13.308571,20
10454,52.494590,13.309003,21
10454,52.494590,13.309003,22
10454,52.494035,13.309464,23
10454,52.493398,13.310175,24
10454,52.490426,13.314260,25
10454,52.490426,13.314260,26
10454,52.489360,13.315563,27
10454,52.488894,13.316258,28
10454,52.486783,13.319820,29
10454,52.486559,13.320381,30
10454,52.486409,13.321133,31
10454,52.486357,13.321928,32
10454,52.486357,13.321928,33
10454,52.486448,13.326020,34
10454,52.486595,13.327300,35
10454,52.487278,13.330990,36
10454,52.487278,13.330990,37
10454,52.488027,13.335549,38
10454,52.488173,13.336505,39
10454,52.488652,13.341507,40
10454,52.488652,13.341507,41
10454,52.489536,13.350349,42
10454,52.489536,13.350349,43
10454,52.490381,13.358427,44
10454,52.490374,13.359369,45
10454,52.490340,13.360208,46
10454,52.490340,13.360208,47
10454,52.490298,13.361445,48
10454,52.490637,13.364329,49
10454,52.490783,13.365137,50
10454,52.491027,13.365887,51
10454,52.491307,13.366548,52
10454,52.492226,13.367794,53
10454,52.492524,13.368293,54
10454,52.492768,13.368968,55
10454,52.492914,13.369939,56
10454,52.492970,13.370896,57
10454,52.492970,13.370896,58
10454,52.493008,13.372029,59
10454,52.493199,13.373000,60
10454,52.493480,13.373823,61
10454,52.493840,13.374469,62
10454,52.494282,13.375011,63
10454,52.494795,13.375406,64
10454,52.496603,13.376396,65
10454,52.497053,13.376703,66
10454,52.497450,13.377143,67
10454,52.497855,13.377759,68
10454,52.498180,13.378493,69
10454,52.498461,13.379434,70
10454,52.498580,13.380405,71
10454,52.498666,13.383173,72
10454,52.498666,13.383173,73
10454,52.498650,13.383924,74
10454,52.498455,13.385162,75
10454,52.497983,13.387182,76
10454,52.497813,13.387713,77
10454,52.497634,13.388126,78
10454,52.497347,13.388584,79
10454,52.497025,13.388969,80
10454,52.496648,13.389309,81
10454,52.496127,13.389592,82
10454,52.495687,13.389668,83
10454,52.495210,13.389406,84
10454,52.494517,13.388776,85
10454,52.494517,13.388776,86
10454,52.494193,13.388483,87
10454,52.493797,13.388221,88
10454,52.493410,13.388046,89
10454,52.493141,13.388033,90
10454,52.492862,13.388226,91
10454,52.492656,13.388477,92
10454,52.492504,13.388831,93
10454,52.492388,13.389288,94
10454,52.492291,13.390275,95
10454,52.492177,13.391277,96
10454,52.491287,13.395698,97
10454,52.491287,13.395698,98
10454,52.489622,13.403981,99
10454,52.489551,13.404438,100
10454,52.489516,13.404879,101
10454,52.489554,13.405998,102
10454,52.489492,13.406764,103
10454,52.489180,13.407884,104
10454,52.489180,13.407884,105
10454,52.488894,13.408916,106
10454,52.487298,13.420701,107
10454,52.487093,13.421585,108
10454,52.486324,13.424136,109
10454,52.486324,13.424136,110
10454,52.482564,13.432646,111
10454,52.482134,13.433384,112
10454,52.481686,13.434019,113
10454,52.481686,13.434019,114
10454,52.479812,13.436779,115
10454,52.479354,13.437267,116
10454,52.477433,13.438659,117
10454,52.476518,13.439163,118
10454,52.476518,13.439163,119
10454,52.474946,13.439891,120
10454,52.472971,13.440988,121
10454,52.472584,13.441122,122
10454,52.468667,13.441757,123
10454,52.468667,13.441757,124
10454,52.465981,13.442224,125
10454,52.465568,13.442344,126
10454,52.465236,13.442595,127
10454,52.464015,13.443792,128
10454,52.463593,13.444147,129
10454,52.462777,13.444739,130
10454,52.462777,13.444739,131
10454,52.458037,13.448260,132
10454,52.457534,13.448512,133
10454,52.456950,13.448558,134
10454,52.456537,13.448501,135
10454,52.456168,13.448370,136
10454,52.455682,13.448240,137
10454,52.455179,13.448227,138
10454,52.453356,13.448676,139
10454,52.452161,13.449107,140
10454,52.452161,13.449107,141
10454,52.450823,13.449554,142
10454,52.449718,13.449852,143
10454,52.448640,13.449989,144
10454,52.447948,13.450006,145
10454,52.447238,13.449980,146
10454,52.446581,13.449924,147
10454,52.445844,13.449824,148
10454,52.445332,13.449723,149
10454,52.444739,13.449519,150
10454,52.444739,13.449519,151
10454,52.444325,13.449315,152
10454,52.443938,13.449081,153
10454,52.443623,13.448803,154
10454,52.442552,13.447778,155
10454,52.442318,13.447558,156
10454,52.441913,13.447310,157
10454,52.441419,13.447121,158
10454,52.440898,13.447049,159
10454,52.440287,13.447111,160
10454,52.437826,13.448047,161
10454,52.437826,13.448047,162
10454,52.433874,13.449592,163
10454,52.432904,13.450052,164
10454,52.432015,13.450629,165
10454,52.431001,13.451486,166
10454,52.430041,13.452489,167
10454,52.429171,13.453478,168
10454,52.429171,13.453478,169
10454,52.428776,13.453920,170
10454,52.428247,13.454716,171
10454,52.427314,13.456205,172
10454,52.426588,13.457589,173
10454,52.425916,13.459047,174
10454,52.425379,13.460416,175
10454,52.424744,13.462300,176
10454,52.424744,13.462300,177
10454,52.424502,13.462977,178
10454,52.424261,13.463846,179
10454,52.424082,13.464846,180
10454,52.423283,13.472081,181
10454,52.423257,13.472831,182
10454,52.423277,13.474727,183
10454,52.423277,13.474727,184
10454,52.423520,13.481503,185
10454,52.423503,13.482312,186
10454,52.423405,13.483106,187
10454,52.423271,13.483709,188
10454,52.423271,13.483709,189
10454,52.422940,13.485003,190
10454,52.422555,13.486092,191
10454,52.422133,13.486961,192
10454,52.421577,13.487874,193
10454,52.417234,13.493532,194
10454,52.416750,13.494239,195
10454,52.416337,13.495019,196
10462,52.516637,13.306708,0
10462,52.517221,13.306645,1
10462,52.518659,13.306443,2
10462,52.519270,13.306453,3
10462,52.520007,13.306610,4
10462,52.520663,13.306694,5
10462,52.521140,13.306646,6
10462,52.521615,13.306495,7
10462,52.522693,13.306104,8
10462,52.523474,13.306040,9
10462,52.524086,13.306124,10
10462,52.524652,13.306075,11
10462,52.525343,13.305790,12
10462,52.525917,13.305300,13
10462,52.526302,13.304899,14
10462,52.526302,13.304899,15
10462,52.527600,13.302886,16
10462,52.528236,13.302174,17
10462,52.528747,13.301699,18
10462,52.529384,13.301326,19
10462,52.529931,13.301071,20
10462,52.530955,13.300680,21
10462,52.530955,13.300680,22
10462,52.533219,13.300457,23
10462,52.534000,13.300172,24
10462,52.534565,13.299740,25
10462,52.535075,13.299117,26
10462,52.535522,13.298377,27
10462,52.535825,13.297432,28
10462,52.536065,13.296177,29
10462,52.536273,13.293714,30
10462,52.536273,13.293714,31
10462,52.536606,13.290602,32
10462,52.536690,13.288700,33
10462,52.536683,13.286254,34
10462,52.536683,13.286254,35
10462,52.536669,13.284412,36
10462,52.536970,13.276716,37
10462,52.536966,13.275449,38
10462,52.536796,13.272680,39
10462,52.536796,13.272680,40
10462,52.536758,13.271825,41
10462,52.536830,13.265974,42
10462,52.536905,13.263983,43
10462,52.537017,13.262509,44
10462,52.537017,13.262509,45
10462,52.538049,13.247570,46
10462,52.538049,13.247570,47
10462,52.538203,13.245255,48
10462,52.538342,13.243721,49
10462,52.538894,13.239324,50
10462,52.539041,13.237554,51
10462,52.539044,13.235815,52
10462,52.538931,13.234298,53
10462,52.538766,13.233165,54
10462,52.538766,13.233165,55
10462,52.538005,13.228912,56
10462,52.536958,13.221980,57
10462,52.536947,13.221449,58
10462,52.536988,13.220462,59
10462,52.537084,13.219635,60
10462,52.537226,13.218941,61
10462,52.537661,13.217581,62
10462,52.537661,13.217581,63
10462,52.538212,13.215837,64
10462,52.538380,13.215010,65
10462,52.538485,13.213978,66
10462,52.538427,13.212873,67
10462,52.538186,13.210738,68
10462,52.538164,13.209810,69
10462,52.538207,13.209013,70
10462,52.538445,13.207758,71
10462,52.538889,13.206369,72
10462,52.538889,13.206369,73
10462,52.539111,13.205497,74
10462,52.539198,13.204789,75
10462,52.539222,13.203816,76
10462,52.539101,13.202800,77
10462,52.538856,13.202006,78
10462,52.538502,13.201258,79
10462,52.538078,13.200732,80
10462,52.537709,13.200426,81
10462,52.537205,13.200210,82
10462,52.536063,13.200029,83
10462,52.535163,13.199758,84
10371,52.516796,13.250685,0
10371,52.516546,13.251247,1
10371,52.516324,13.251897,2
10371,52.516129,13.252650,3
10371,52.516041,13.253402,4
10371,52.515989,13.253932,5
10371,52.515999,13.254418,6
10371,52.516183,13.255639,7
10371,52.516266,13.256493,8
10371,52.516296,13.257450,9
10371,52.516194,13.259234,10
10371,52.516194,13.259234,11
10371,52.516099,13.260487,12
10371,52.515984,13.261047,13
10371,52.515842,13.261505,14
10371,52.515663,13.261934,15
10371,52.512078,13.268032,16
10371,52.510861,13.269780,17
10371,52.510441,13.270490,18
10371,52.510182,13.271141,19
10371,52.510014,13.271746,20
10371,52.509854,13.272587,21
10371,52.509854,13.272587,22
10371,52.509626,13.274356,23
10371,52.509565,13.274990,24
10371,52.509567,13.275756,25
10371,52.510056,13.283101,26
10371,52.510056,13.283101,27
10371,52.510865,13.295836,28
10371,52.510865,13.295836,29
10371,52.511475,13.305140,30
10371,52.511475,13.305140,31
10371,52.511760,13.310735,32
10371,52.511760,13.310735,33
10371,52.511825,13.311781,34
10371,52.511963,13.312855,35
10371,52.512281,13.317625,36
10371,52.512575,13.320142,37
10371,52.512567,13.320466,38
10371,52.512532,13.320790,39
10371,52.512452,13.321085,40
10371,52.511780,13.322077,41
10371,52.511780,13.322077,42
10371,52.509380,13.325407,43
10371,52.509112,13.325836,44
10371,52.508817,13.326398,45
10371,52.505886,13.332972,46
10371,52.505886,13.332972,47
10371,52.505278,13.334301,48
10371,52.505207,13.334581,49
10371,52.505163,13.334906,50
10371,52.505128,13.335451,51
10371,52.505039,13.335805,52
10371,52.504878,13.336100,53
10371,52.504725,13.336249,54
10371,52.504376,13.336472,55
10371,52.504169,13.336694,56
10371,52.504035,13.336931,57
10371,52.502240,13.341463,58
10371,52.502008,13.342128,59
10371,52.501794,13.342968,60
10371,52.501794,13.342968,61
10371,52.500328,13.349987,62
10371,52.499359,13.354573,63
10371,52.499359,13.354573,64
10371,52.497839,13.361783,65
10371,52.497572,13.363139,66
10371,52.497572,13.363139,67
10371,52.497199,13.365188,68
10371,52.497184,13.366277,69
10371,52.496971,13.367471,70
10371,52.496927,13.367928,71
10371,52.496990,13.372051,72
10371,52.497054,13.372610,73
10371,52.497189,13.372992,74
10371,52.497424,13.373359,75
10371,52.497676,13.373593,76
10371,52.498890,13.374116,77
10371,52.499484,13.374289,78
10371,52.499484,13.374289,79
10371,52.499825,13.374346,80
10371,52.500140,13.374315,81
10371,52.500526,13.374151,82
10371,52.500903,13.374148,83
10371,52.501164,13.374176,84
10371,52.502081,13.374377,85
10371,52.503808,13.374927,86
10371,52.503808,13.374927,87
10371,52.504257,13.375131,88
10371,52.506021,13.376181,89
10371,52.506713,13.376413,90
10371,52.508297,13.377273,91
10371,52.508747,13.377653,92
10371,52.508990,13.377990,93
10371,52.508990,13.377990,94
10371,52.509477,13.378871,95
10371,52.509748,13.379238,96
10371,52.510675,13.380117,97
10371,52.510865,13.380410,98
10371,52.510991,13.380734,99
10371,52.511037,13.381101,100
10371,52.511128,13.381911,101
10371,52.511256,13.382617,102
10371,52.511573,13.384206,103
10371,52.511710,13.385030,104
10371,52.511710,13.385030,105
10371,52.511838,13.386105,106
10371,52.512125,13.390581,107
10371,52.512125,13.390581,108
10371,52.512228,13.392216,109
10371,52.512300,13.392583,110
10371,52.512427,13.392907,111
10371,52.512553,13.393083,112
10371,52.512895,13.393390,113
10371,52.513057,13.393581,114
10371,52.513228,13.393934,115
10371,52.513292,13.394331,116
10371,52.513320,13.394950,117
10371,52.513321,13.395465,118
10371,52.513321,13.395465,119
10371,52.513268,13.395834,120
10371,52.513188,13.396246,121
10371,52.513153,13.396659,122
10371,52.513145,13.397116,123
10371,52.513092,13.397470,124
10371,52.511544,13.401219,125
10371,52.511428,13.401632,126
10371,52.511348,13.402089,127
10371,52.511279,13.403709,128
10346,52.516796,13.250685,0
10346,52.516546,13.251247,1
10346,52.516324,13.251897,2
10346,52.516129,13.252650,3
10346,52.516041,13.253402,4
10346,52.515989,13.253932,5
10346,52.515999,13.254418,6
10346,52.516183,13.255639,7
10346,52.516266,13.256493,8
10346,52.516296,13.257450,9
10346,52.516194,13.259234,10
10346,52.516194,13.259234,11
10346,52.516099,13.260487,12
10346,52.515984,13.261047,13
10346,52.515842,13.261505,14
10346,52.515663,13.261934,15
10346,52.512078,13.268032,16
10346,52.510861,13.269780,17
10346,52.510441,13.270490,18
10346,52.510182,13.271141,19
10346,52.510014,13.271746,20
10346,52.509854,13.272587,21
10346,52.509854,13.272587,22
10346,52.509626,13.274356,23
10346,52.509565,13.274990,24
10346,52.509567,13.275756,25
10346,52.510056,13.283101,26
10346,52.510056,13.283101,27
10346,52.510865,13.295836,28
10346,52.510865,13.295836,29
10346,52.511475,13.305140,30
10346,52.511475,13.305140,31
10346,52.511760,13.310735,32
10346,52.511760,13.310735,33
10346,52.511825,13.311781,34
10346,52.511963,13.312855,35
10346,52.512281,13.317625,36
10346,52.512575,13.320142,37
10346,52.512567,13.320466,38
10346,52.512532,13.320790,39
10346,52.512452,13.321085,40
10346,52.511780,13.322077,41
10346,52.511780,13.322077,42
10346,52.509380,13.325407,43
10346,52.509112,13.325836,44
10346,52.508817,13.326398,45
10346,52.505886,13.332972,46
10346,52.505886,13.332972,47
10346,52.505278,13.334301,48
10346,52.505207,13.334581,49
10346,52.505163,13.334906,50
10346,52.505128,13.335451,51
10346,52.505039,13.335805,52
10346,52.504878,13.336100,53
10346,52.504725,13.336249,54
10346,52.504376,13.336472,55
10346,52.504169,13.336694,56
10346,52.504035,13.336931,57
10346,52.502240,13.341463,58
10346,52.502008,13.342128,59
10346,52.501794,13.342968,60
10346,52.501794,13.342968,61
10346,52.500328,13.349987,62
10346,52.499359,13.354573,63
10346,52.499359,13.354573,64
10346,52.497839,13.361783,65
10346,52.497572,13.363139,66
10346,52.497572,13.363139,67
10346,52.497199,13.365188,68
10346,52.497184,13.366277,69
10346,52.496971,13.367471,70
10346,52.496927,13.367928,71
10346,52.496990,13.372051,72
10346,52.497054,13.372610,73
10346,52.497189,13.372992,74
10346,52.497424,13.373359,75
10346,52.497676,13.373593,76
10346,52.498890,13.374116,77
10346,52.499484,13.374289,78
10346,52.499484,13.374289,79
10346,52.499825,13.374346,80
10346,52.500140,13.374315,81
10346,52.500526,13.374151,82
10346,52.500903,13.374148,83
10346,52.501164,13.374176,84
10346,52.502081,13.374377,85
10346,52.503808,13.374927,86
10346,52.503808,13.374927,87
10346,52.504257,13.375131,88
10346,52.506021,13.376181,89
10346,52.506713,13.376413,90
10346,52.508297,13.377273,91
10346,52.508747,13.377653,92
10346,52.508990,13.377990,93
10346,52.508990,13.377990,94
10346,52.509477,13.378871,95
10346,52.509748,13.379238,96
10346,52.510675,13.380117,97
10346,52.510865,13.380410,98
10346,52.510991,13.380734,99
10346,52.511037,13.381101,100
10346,52.511128,13.381911,101
10346,52.511256,13.382617,102
10346,52.511573,13.384206,103
10346,52.511710,13.385030,104
10346,52.511710,13.385030,105
10346,52.511838,13.386105,106
10346,52.512125,13.390581,107
10346,52.512125,13.390581,108
10346,52.512228,13.392216,109
10346,52.512300,13.392583,110
10346,52.512427,13.392907,111
10346,52.512553,13.393083,112
10346,52.512895,13.393390,113
10346,52.513057,13.393581,114
10346,52.513228,13.393934,115
10346,52.513292,13.394331,116
10346,52.513320,13.394950,117
10346,52.513321,13.395465,118
10346,52.513321,13.395465,119
10346,52.513268,13.395834,120
10346,52.513188,13.396246,121
10346,52.513153,13.396659,122
10346,52.513145,13.397116,123
10346,52.513092,13.397470,124
10346,52.511544,13.401219,125
10346,52.511428,13.401632,126
10346,52.511348,13.402089,127
10346,52.511279,13.403709,128
10346,52.511279,13.403709,129
10346,52.511238,13.405595,130
10346,52.511257,13.406199,131
10346,52.511339,13.406817,132
10346,52.511872,13.408479,133
10346,52.512117,13.409597,134
10346,52.512307,13.410185,135
10346,52.512307,13.410185,136
10346,52.512533,13.410891,137
10346,52.512668,13.411244,138
10346,52.512884,13.411611,139
10346,52.513137,13.411860,140
10346,52.513415,13.412006,141
10346,52.516750,13.412520,142
10346,52.517200,13.412533,143
10346,52.517200,13.412533,144
10346,52.517505,13.412458,145
10346,52.517882,13.412147,146
10346,52.518600,13.411510,147
10346,52.518896,13.411420,148
10346,52.519094,13.411522,149
10346,52.519283,13.411712,150
10346,52.519409,13.411918,151
10346,52.519861,13.413006,152
10346,52.520321,13.414241,153
10346,52.520501,13.414565,154
10346,52.520699,13.414682,155
10346,52.520897,13.414739,156
10346,52.521122,13.414679,157
10346,52.521346,13.414546,158
10346,52.521759,13.414220,159
10346,52.521759,13.414220,160
10346,52.522046,13.413762,161
10346,52.522359,13.412979,162
10346,52.522968,13.411783,163
10346,52.523452,13.410970,164
10346,52.523908,13.410172,165
10346,52.524151,13.410009,166
10346,52.524366,13.409993,167
10346,52.524537,13.410066,168
10346,52.525833,13.411062,169
10346,52.526049,13.411164,170
10346,52.526301,13.411177,171
10346,52.526597,13.411087,172
10346,52.527683,13.410507,173
10346,52.527683,13.410507,174
10346,52.528949,13.409897,175
10346,52.529165,13.409867,176
10346,52.529372,13.409925,177
10346,52.529678,13.410203,178
10346,52.530443,13.411039,179
10346,52.531182,13.412141,180
10346,52.531488,13.412419,181
10346,52.531812,13.412609,182
10346,52.532423,13.412768,183
10346,52.532423,13.412768,184
10346,52.533160,13.412883,185
10346,52.533448,13.412896,186
10346,52.533709,13.412851,187
10346,52.535137,13.412549,188
10346,52.535568,13.412488,189
10346,52.538102,13.412240,190
10346,52.540474,13.412213,191
10346,52.541301,13.412209,192
10346,52.541975,13.412265,193
10346,52.541975,13.412265,194
10346,52.542541,13.412321,195
10346,52.542955,13.412319,196
10346,52.543629,13.412375,197
10346,52.543944,13.412432,198
10346,52.547675,13.413431,199
10346,52.547971,13.413489,200
10346,52.548439,13.413604,201
10346,52.549140,13.413734,202
10346,52.549140,13.413734,203
10346,52.550821,13.413991,204
10346,52.552071,13.414206,205
10346,52.554255,13.414667,206
10346,52.554552,13.414695,207
10346,52.554920,13.414649,208
10346,52.556789,13.414390,209
10346,52.557238,13.414255,210
10346,52.557642,13.414061,211
10346,52.558405,13.413527,212
10346,52.558818,13.413377,213
10346,52.559141,13.413317,214
10346,52.559141,13.413317,215
10346,52.561406,13.413144,216
10346,52.565035,13.412639,217
10346,52.565457,13.412534,218
10346,52.566032,13.412266,219
10346,52.566822,13.411775,220
10368,52.516796,13.250685,0
10368,52.516546,13.251247,1
10368,52.516324,13.251897,2
10368,52.516129,13.252650,3
10368,52.516041,13.253402,4
10368,52.515989,13.253932,5
10368,52.515999,13.254418,6
10368,52.516183,13.255639,7
10368,52.516266,13.256493,8
10368,52.516296,13.257450,9
10368,52.516194,13.259234,10
10368,52.516194,13.259234,11
10368,52.516099,13.260487,12
10368,52.515984,13.261047,13
10368,52.515842,13.261505,14
10368,52.515663,13.261934,15
10368,52.512078,13.268032,16
10368,52.510861,13.269780,17
10368,52.510441,13.270490,18
10368,52.510182,13.271141,19
10368,52.510014,13.271746,20
10368,52.509854,13.272587,21
10368,52.509854,13.272587,22
10368,52.509626,13.274356,23
10368,52.509565,13.274990,24
10368,52.509567,13.275756,25
10368,52.510056,13.283101,26
10368,52.510056,13.283101,27
10368,52.510865,13.295836,28
10368,52.510865,13.295836,29
10368,52.511475,13.305140,30
10368,52.511475,13.305140,31
10368,52.511760,13.310735,32
10368,52.511760,13.310735,33
10368,52.511825,13.311781,34
10368,52.511963,13.312855,35
10368,52.512281,13.317625,36
10368,52.512575,13.320142,37
10368,52.512567,13.320466,38
10368,52.512532,13.320790,39
10368,52.512452,13.321085,40
10368,52.511780,13.322077,41
10368,52.511780,13.322077,42
10368,52.509380,13.325407,43
10368,52.509112,13.325836,44
10368,52.508817,13.326398,45
10368,52.505886,13.332972,46
10368,52.505886,13.332972,47
10368,52.505278,13.334301,48
10368,52.505207,13.334581,49
10368,52.505163,13.334906,50
10368,52.505128,13.335451,51
10368,52.505039,13.335805,52
10368,52.504878,13.336100,53
10368,52.504725,13.336249,54
10368,52.504376,13.336472,55
10368,52.504169,13.336694,56
10368,52.504035,13.336931,57
10368,52.502240,13.341463,58
10368,52.502008,13.342128,59
10368,52.501794,13.342968,60
10368,52.501794,13.342968,61
10368,52.500328,13.349987,62
10368,52.499359,13.354573,63
10368,52.499359,13.354573,64
10368,52.497839,13.361783,65
10368,52.497572,13.363139,66
10368,52.497572,13.363139,67
10368,52.497199,13.365188,68
10368,52.497184,13.366277,69
10368,52.496971,13.367471,70
10368,52.496927,13.367928,71
10368,52.496990,13.372051,72
10368,52.497054,13.372610,73
10368,52.497189,13.372992,74
10368,52.497424,13.373359,75
10368,52.497676,13.373593,76
10368,52.498890,13.374116,77
10368,52.499484,13.374289,78
10368,52.499484,13.374289,79
10368,52.499825,13.374346,80
10368,52.500140,13.374315,81
10368,52.500526,13.374151,82
10368,52.500903,13.374148,83
10368,52.501164,13.374176,84
10368,52.502081,13.374377,85
10368,52.503808,13.374927,86
10368,52.503808,13.374927,87
10368,52.504257,13.375131,88
10368,52.506021,13.376181,89
10368,52.506713,13.376413,90
10368,52.508297,13.377273,91
10368,52.508747,13.377653,92
10368,52.508990,13.377990,93
10368,52.508990,13.377990,94
10368,52.509477,13.378871,95
10368,52.509748,13.379238,96
10368,52.510675,13.380117,97
10368,52.510865,13.380410,98
10368,52.510991,13.380734,99
10368,52.511037,13.381101,100
10368,52.511128,13.381911,101
10368,52.511256,13.382617,102
10368,52.511573,13.384206,103
10368,52.511710,13.385030,104
10368,52.511710,13.385030,105
10368,52.511838,13.386105,106
10368,52.512125,13.390581,107
10368,52.512125,13.390581,108
10368,52.512228,13.392216,109
10368,52.512300,13.392583,110
10368,52.512427,13.392907,111
10368,52.512553,13.393083,112
10368,52.512895,13.393390,113
10368,52.513057,13.393581,114
10368,52.513228,13.393934,115
10368,52.513292,13.394331,116
10368,52.513320,13.394950,117
10368,52.513321,13.395465,118
10368,52.513321,13.395465,119
10368,52.513268,13.395834,120
10368,52.513188,13.396246,121
10368,52.513153,13.396659,122
10368,52.513145,13.397116,123
10368,52.513092,13.397470,124
10368,52.511544,13.401219,125
10368,52.511428,13.401632,126
10368,52.511348,13.402089,127
10368,52.511279,13.403709,128
10368,52.511279,13.403709,129
10368,52.511238,13.405595,130
10368,52.511257,13.406199,131
10368,52.511339,13.406817,132
10368,52.511872,13.408479,133
10368,52.512117,13.409597,134
10368,52.512307,13.410185,135
10368,52.512307,13.410185,136
10368,52.512533,13.410891,137
10368,52.512668,13.411244,138
10368,52.512884,13.411611,139
10368,52.513137,13.411860,140
10368,52.513415,13.412006,141
10368,52.516750,13.412520,142
10368,52.517200,13.412533,143
10368,52.517200,13.412533,144
10368,52.517505,13.412458,145
10368,52.517882,13.412147,146
10368,52.518600,13.411510,147
10368,52.518896,13.411420,148
10368,52.519094,13.411522,149
10368,52.519283,13.411712,150
10368,52.519409,13.411918,151
10368,52.519861,13.413006,152
10368,52.520321,13.414241,153
10368,52.520501,13.414565,154
10368,52.520699,13.414682,155
10368,52.520897,13.414739,156
10368,52.521122,13.414679,157
10368,52.521346,13.414546,158
10368,52.521759,13.414220,159
10368,52.521759,13.414220,160
10368,52.522046,13.413762,161
10368,52.522359,13.412979,162
10368,52.522968,13.411783,163
10368,52.523452,13.410970,164
10368,52.523908,13.410172,165
10368,52.524151,13.410009,166
10368,52.524366,13.409993,167
10368,52.524537,13.410066,168
10368,52.525833,13.411062,169
10368,52.526049,13.411164,170
10368,52.526301,13.411177,171
10368,52.526597,13.411087,172
10368,52.527683,13.410507,173
10368,52.527683,13.410507,174
10368,52.528949,13.409897,175
10368,52.529165,13.409867,176
10368,52.529372,13.409925,177
10368,52.529678,13.410203,178
10368,52.530443,13.411039,179
10368,52.531182,13.412141,180
10368,52.531488,13.412419,181
10368,52.531812,13.412609,182
10368,52.532423,13.412768,183
10368,52.533160,13.412883,184
10368,52.533448,13.412896,185
10368,52.533709,13.412851,186
10368,52.535137,13.412549,187
10368,52.535568,13.412488,188
10368,52.538102,13.412240,189
10368,52.540474,13.412213,190
10368,52.541301,13.412209,191
10368,52.541975,13.412265,192
10368,52.541975,13.412265,193
10368,52.542541,13.412321,194
10368,52.542955,13.412319,195
10368,52.543629,13.412375,196
10368,52.543944,13.412432,197
10368,52.547675,13.413431,198
10368,52.547971,13.413489,199
10368,52.548439,13.413604,200
10368,52.549140,13.413734,201
10368,52.549140,13.413734,202
10368,52.550821,13.413991,203
10368,52.552071,13.414206,204
10368,52.554255,13.414667,205
10368,52.554552,13.414695,206
10368,52.554920,13.414649,207
10368,52.556789,13.414390,208
10368,52.557238,13.414255,209
10368,52.557642,13.414061,210
10368,52.558405,13.413527,211
10368,52.558818,13.413377,212
10368,52.559141,13.413317,213
10368,52.559141,13.413317,214
10368,52.561406,13.413144,215
10368,52.565035,13.412639,216
10368,52.565457,13.412534,217
10368,52.566032,13.412266,218
10368,52.566822,13.411775,219
10331,52.516896,13.250816,0
10331,52.517057,13.250579,1
10331,52.517236,13.250342,2
10331,52.520364,13.247840,3
10331,52.520642,13.247558,4
10331,52.520901,13.247217,5
10331,52.521071,13.247039,6
10331,52.521940,13.246250,7
10331,52.522460,13.245627,8
10331,52.522845,13.245344,9
10331,52.523213,13.245149,10
10331,52.524093,13.244817,11
10331,52.524353,13.244624,12
10331,52.524594,13.244371,13
10331,52.524836,13.244000,14
10331,52.525023,13.243616,15
10331,52.525175,13.243187,16
10331,52.525405,13.241992,17
10331,52.525591,13.241253,18
10406,52.520901,13.588846,0
10406,52.520074,13.588980,1
10406,52.519292,13.588980,2
10406,52.518789,13.588878,3
10406,52.518214,13.588642,4
10406,52.517684,13.588274,5
10406,52.517180,13.587730,6
10406,52.516767,13.587156,7
10406,52.516479,13.586640,8
10406,52.513169,13.579794,9
10406,52.512944,13.579190,10
10406,52.512746,13.578469,11
10406,52.512620,13.577556,12
10406,52.512611,13.576569,13
10406,52.512637,13.575184,14
10406,52.512637,13.575184,15
10406,52.512663,13.573196,16
10406,52.512627,13.572695,17
10406,52.512555,13.572209,18
10406,52.512456,13.571723,19
10406,52.512339,13.571267,20
10406,52.512186,13.570810,21
10406,52.511952,13.570310,22
10406,52.511664,13.569809,23
10406,52.509964,13.567116,24
10406,52.507572,13.563850,25
10406,52.505855,13.561496,26
10406,52.505027,13.560466,27
10406,52.505027,13.560466,28
10406,52.504191,13.559275,29
10406,52.503678,13.558392,30
10406,52.503075,13.557215,31
10406,52.502535,13.556023,32
10406,52.501986,13.554654,33
10406,52.501464,13.553197,34
10406,52.501023,13.551666,35
10406,52.499699,13.546574,36
10406,52.499699,13.546574,37
10406,52.498635,13.542158,38
10406,52.497977,13.539730,39
10406,52.495192,13.528457,40
10406,52.495074,13.527912,41
10406,52.495020,13.527471,42
10406,52.495011,13.526897,43
10406,52.495073,13.526366,44
10406,52.495180,13.525748,45
10406,52.495414,13.525188,46
10406,52.495764,13.524613,47
10406,52.496087,13.524214,48
10406,52.496518,13.523860,49
10406,52.497685,13.523062,50
10406,52.497685,13.523062,51
10406,52.499733,13.521761,52
10406,52.500254,13.521363,53
10406,52.500739,13.520817,54
10406,52.501116,13.520168,55
10406,52.502488,13.517381,56
10406,52.503323,13.516113,57
10406,52.503682,13.515641,58
10406,52.506240,13.512821,59
10404,52.520901,13.588846,0
10404,52.520074,13.588980,1
10404,52.519292,13.588980,2
10404,52.518789,13.588878,3
10404,52.518214,13.588642,4
10404,52.517684,13.588274,5
10404,52.517180,13.587730,6
10404,52.516767,13.587156,7
10404,52.516479,13.586640,8
10404,52.513169,13.579794,9
10404,52.512944,13.579190,10
10404,52.512746,13.578469,11
10404,52.512620,13.577556,12
10404,52.512611,13.576569,13
10404,52.512637,13.575184,14
10404,52.512637,13.575184,15
10404,52.512663,13.573196,16
10404,52.512627,13.572695,17
10404,52.512555,13.572209,18
10404,52.512456,13.571723,19
10404,52.512339,13.571267,20
10404,52.512186,13.570810,21
10404,52.511952,13.570310,22
10404,52.511664,13.569809,23
10404,52.509964,13.567116,24
10404,52.507572,13.563850,25
10404,52.505855,13.561496,26
10404,52.505027,13.560466,27
10404,52.505027,13.560466,28
10404,52.504191,13.559275,29
10404,52.503678,13.558392,30
10404,52.503075,13.557215,31
10404,52.502535,13.556023,32
10404,52.501986,13.554654,33
10404,52.501464,13.553197,34
10404,52.501023,13.551666,35
10404,52.499699,13.546574,36
10404,52.499699,13.546574,37
10404,52.498635,13.542158,38
10404,52.497977,13.539730,39
10404,52.495192,13.528457,40
10404,52.495074,13.527912,41
10404,52.495020,13.527471,42
10404,52.495011,13.526897,43
10404,52.495073,13.526366,44
10404,52.495180,13.525748,45
10404,52.495414,13.525188,46
10404,52.495764,13.524613,47
10404,52.496087,13.524214,48
10404,52.496518,13.523860,49
10404,52.497685,13.523062,50
10404,52.497685,13.523062,51
10404,52.499733,13.521761,52
10404,52.500254,13.521363,53
10404,52.500739,13.520817,54
10404,52.501116,13.520168,55
10404,52.502488,13.517381,56
10404,52.503323,13.516113,57
10404,52.503682,13.515641,58
10404,52.506240,13.512821,59
10404,52.506240,13.512821,60
10404,52.506851,13.512172,61
10404,52.507218,13.511567,62
10404,52.510828,13.500113,63
10404,52.511088,13.499037,64
10404,52.511284,13.497873,65
10404,52.511284,13.497873,66
10404,52.511722,13.495633,67
10404,52.511847,13.494690,68
10404,52.511909,13.493968,69
10404,52.511935,13.492951,70
10404,52.512503,13.487043,71
10404,52.512503,13.487043,72
10404,52.513711,13.475211,73
10404,52.513711,13.475211,74
10404,52.514775,13.464543,75
10404,52.514775,13.464543,76
10404,52.515847,13.453888,77
10404,52.515847,13.453888,78
10404,52.516786,13.444634,79
10404,52.516786,13.444634,80
10404,52.518149,13.431547,81
10404,52.518149,13.431547,82
10404,52.518309,13.430191,83
10404,52.518540,13.428878,84
10404,52.519290,13.426002,85
10404,52.520917,13.420868,86
10404,52.520917,13.420868,87
10404,52.521140,13.420086,88
10404,52.521560,13.418773,89
10404,52.522025,13.417253,90
10404,52.522168,13.416693,91
10404,52.522266,13.416191,92
10404,52.522283,13.415867,93
10404,52.522265,13.415573,94
10404,52.522210,13.415293,95
10404,52.522129,13.414955,96
10404,52.521452,13.413470,97
10404,52.521452,13.413470,98
10404,52.518782,13.407929,99
10404,52.518782,13.407929,100
10404,52.517424,13.398110,101
10404,52.517424,13.398110,102
10404,52.517056,13.389052,103
10404,52.517056,13.389052,104
10404,52.516617,13.381070,105
10404,52.516617,13.381070,106
10404,52.516588,13.379951,107
10404,52.516622,13.379067,108
10404,52.516719,13.378079,109
10404,52.516914,13.376988,110
10404,52.517298,13.375866,111
10404,52.517719,13.374995,112
10404,52.518167,13.374359,113
10404,52.518615,13.373900,114
10404,52.519145,13.373528,115
10404,52.520132,13.373037,116
10404,52.520132,13.373037,117
10404,52.525329,13.370030,118
10411,52.521425,13.413529,0
10411,52.522066,13.415014,1
10411,52.522165,13.415308,2
10411,52.522202,13.415588,3
10411,52.522220,13.415985,4
10411,52.522203,13.416236,5
10411,52.522123,13.416664,6
10411,52.521980,13.417224,7
10411,52.520836,13.420795,8
10411,52.520836,13.420795,9
10411,52.519200,13.426017,10
10411,52.518468,13.428849,11
10411,52.518228,13.430161,12
10411,52.518086,13.431532,13
10411,52.518086,13.431532,14
10411,52.516732,13.444619,15
10411,52.516732,13.444619,16
10411,52.515784,13.453874,17
10411,52.515784,13.453874,18
10411,52.514712,13.464528,19
10411,52.514712,13.464528,20
10411,52.513648,13.475197,21
10411,52.513648,13.475197,22
10411,52.512449,13.487028,23
10411,52.512449,13.487028,24
10411,52.511854,13.493025,25
10411,52.511828,13.493968,26
10411,52.511793,13.494734,27
10411,52.511659,13.495559,28
10411,52.511230,13.497843,29
10411,52.511230,13.497843,30
10411,52.510971,13.499170,31
10411,52.510765,13.500054,32
10411,52.507191,13.511434,33
10411,52.506815,13.512083,34
10411,52.506213,13.512748,35
10411,52.506213,13.512748,36
10411,52.503628,13.515552,37
10411,52.503278,13.515980,38
10411,52.502434,13.517234,39
10411,52.501080,13.520094,40
10411,52.500685,13.520743,41
10411,52.500227,13.521245,42
10411,52.499724,13.521658,43
10411,52.497667,13.522974,44
10411,52.497667,13.522974,45
10411,52.496491,13.523727,46
10411,52.496051,13.524141,47
10411,52.495728,13.524554,48
10411,52.495360,13.525144,49
10411,52.495126,13.525748,50
10411,52.495010,13.526337,51
10411,52.494957,13.526897,52
10411,52.494966,13.527456,53
10411,52.495029,13.527942,54
10411,52.495138,13.528472,55
10411,52.497959,13.539774,56
10411,52.498590,13.542173,57
10411,52.498978,13.543792,58
10411,52.499248,13.545308,59
10411,52.499573,13.546647,60
10411,52.499573,13.546647,61
10411,52.499978,13.548281,62
10411,52.500987,13.551696,63
10411,52.501428,13.553226,64
10411,52.501968,13.554728,65
10411,52.502508,13.556052,66
10411,52.503048,13.557259,67
10411,52.503642,13.558436,68
10411,52.504173,13.559319,69
10411,52.504991,13.560540,70
10411,52.504991,13.560540,71
10411,52.505720,13.561570,72
10411,52.507545,13.563894,73
10411,52.509946,13.567175,74
10411,52.511619,13.569809,75
10411,52.511916,13.570354,76
10411,52.512150,13.570840,77
10411,52.512294,13.571296,78
10411,52.512420,13.571753,79
10411,52.512519,13.572224,80
10411,52.512591,13.572710,81
10411,52.512618,13.573196,82
10411,52.512592,13.575184,83
10411,52.512592,13.575184,84
10411,52.512566,13.576569,85
10411,52.512593,13.577556,86
10411,52.512719,13.578484,87
10411,52.512908,13.579235,88
10411,52.513133,13.579838,89
10411,52.516443,13.586685,90
10411,52.516740,13.587215,91
10411,52.517153,13.587804,92
10411,52.517675,13.588333,93
10411,52.518214,13.588701,94
10411,52.518780,13.588951,95
10411,52.519301,13.589069,96
10411,52.520074,13.589112,97
10411,52.520910,13.589067,98
10411,52.520910,13.589067,99
10411,52.522869,13.588845,100
10411,52.523885,13.588917,101
10411,52.524702,13.589020,102
10411,52.525817,13.589372,103
10411,52.526446,13.589593,104
10411,52.527506,13.590122,105
10411,52.528468,13.590623,106
10411,52.528468,13.590623,107
10411,52.529951,13.591417,108
10411,52.531147,13.591991,109
10411,52.531605,13.592285,110
10411,52.532135,13.592756,111
10411,52.532567,13.593301,112
10411,52.532989,13.594038,113
10411,52.533304,13.594745,114
10411,52.533538,13.595467,115
10411,52.533826,13.596513,116
10411,52.533826,13.596513,117
10411,52.534797,13.599828,118
10411,52.535355,13.601979,119
10411,52.535804,13.603571,120
10411,52.536605,13.606636,121
10411,52.536605,13.606636,122
10411,52.537171,13.608655,123
10411,52.537702,13.611410,124
10411,52.538340,13.614402,125
10411,52.538628,13.616023,126
10411,52.538943,13.618307,127
10411,52.538943,13.618307,128
10411,52.539257,13.620754,129
10411,52.539329,13.621845,130
10411,52.539356,13.623525,131
10411,52.539329,13.625279,132
10411,52.539258,13.626944,133
10411,52.539168,13.628271,134
10411,52.538934,13.629995,135
10411,52.538808,13.630968,136
10411,52.538745,13.631867,137
10411,52.538467,13.633208,138
10401,52.521452,13.413470,0
10401,52.518782,13.407929,1
10401,52.518782,13.407929,2
10401,52.517424,13.398110,3
10401,52.517424,13.398110,4
10401,52.517056,13.389052,5
10401,52.517056,13.389052,6
10401,52.516617,13.381070,7
10401,52.516617,13.381070,8
10401,52.516588,13.379951,9
10401,52.516622,13.379067,10
10401,52.516719,13.378079,11
10401,52.516914,13.376988,12
10401,52.517298,13.375866,13
10401,52.517719,13.374995,14
10401,52.518167,13.374359,15
10401,52.518615,13.373900,16
10401,52.519145,13.373528,17
10401,52.520132,13.373037,18
10401,52.520132,13.373037,19
10401,52.525329,13.370030,20
10328,52.521660,13.414014,0
10328,52.521453,13.414280,1
10328,52.521220,13.414517,2
10328,52.520960,13.414621,3
10328,52.520708,13.414564,4
10328,52.520537,13.414417,5
10328,52.520366,13.414153,6
10328,52.519960,13.413094,7
10328,52.519418,13.411785,8
10328,52.519238,13.411506,9
10328,52.519040,13.411360,10
10328,52.518797,13.411288,11
10328,52.518591,13.411377,12
10328,52.518115,13.411821,13
10328,52.517729,13.412162,14
10328,52.517424,13.412281,15
10328,52.517190,13.412327,16
10328,52.517190,13.412327,17
10328,52.516651,13.412359,18
10328,52.513460,13.411903,19
10328,52.513199,13.411786,20
10328,52.512920,13.411508,21
10328,52.512731,13.411214,22
10328,52.512370,13.410141,23
10328,52.512370,13.410141,24
10328,52.512189,13.409523,25
10328,52.511926,13.408478,26
10328,52.511402,13.406758,27
10328,52.511320,13.406198,28
10328,52.511283,13.405595,29
10328,52.511342,13.403709,30
10328,52.511342,13.403709,31
10328,52.511393,13.402148,32
10328,52.511482,13.401646,33
10328,52.511607,13.401233,34
10328,52.513101,13.397602,35
10328,52.513199,13.397292,36
10328,52.513208,13.397012,37
10328,52.513233,13.396394,38
10328,52.513340,13.395863,39
10328,52.513384,13.395479,40
10328,52.513384,13.395479,41
10328,52.513383,13.394964,42
10328,52.513346,13.394301,43
10328,52.513273,13.393889,44
10328,52.513138,13.393536,45
10328,52.512985,13.393346,46
10328,52.512616,13.393009,47
10328,52.512471,13.392848,48
10328,52.512354,13.392539,49
10328,52.512290,13.392142,50
10328,52.512197,13.390566,51
10328,52.512197,13.390566,52
10328,52.511919,13.386105,53
10328,52.511791,13.385001,54
10328,52.511791,13.385001,55
10328,52.511654,13.384191,56
10328,52.511382,13.382955,57
10328,52.511228,13.382087,58
10328,52.511100,13.381072,59
10328,52.511036,13.380719,60
10328,52.510909,13.380336,61
10328,52.510684,13.379955,62
10328,52.510018,13.379354,63
10328,52.509657,13.378988,64
10328,52.509378,13.378533,65
10328,52.509035,13.377902,66
10328,52.509035,13.377902,67
10328,52.508783,13.377565,68
10328,52.508315,13.377169,69
10328,52.506749,13.376295,70
10328,52.506057,13.376092,71
10328,52.505580,13.375830,72
10328,52.504275,13.375072,73
10328,52.503816,13.374853,74
10328,52.503816,13.374853,75
10328,52.501946,13.374275,76
10328,52.500759,13.374032,77
10328,52.500418,13.374048,78
10328,52.500058,13.374139,79
10328,52.499816,13.374140,80
10328,52.499501,13.374083,81
10328,52.499501,13.374083,82
10328,52.498305,13.373810,83
10328,52.497613,13.373475,84
10328,52.497451,13.373300,85
10328,52.497216,13.372918,86
10328,52.497107,13.372565,87
10328,52.497025,13.371991,88
10328,52.496972,13.367943,89
10328,52.497007,13.367501,90
10328,52.497229,13.366292,91
10328,52.497226,13.365188,92
10328,52.497608,13.363153,93
10328,52.497608,13.363153,94
10328,52.497875,13.361782,95
10328,52.499395,13.354587,96
10328,52.499395,13.354587,97
10328,52.500364,13.350002,98
10328,52.501857,13.342997,99
10328,52.501857,13.342997,100
10328,52.502053,13.342172,101
10328,52.502276,13.341507,102
10328,52.504071,13.336989,103
10328,52.504196,13.336738,104
10328,52.504385,13.336546,105
10328,52.504726,13.336352,106
10328,52.504914,13.336144,107
10328,52.505075,13.335849,108
10328,52.505164,13.335451,109
10328,52.505198,13.334905,110
10328,52.505243,13.334625,111
10328,52.505350,13.334286,112
10328,52.505922,13.333016,113
10328,52.505922,13.333016,114
10328,52.508862,13.326442,115
10328,52.509157,13.325865,116
10328,52.509425,13.325451,117
10328,52.511798,13.322121,118
10328,52.511798,13.322121,119
10328,52.512506,13.321100,120
10328,52.512595,13.320790,121
10328,52.512639,13.320465,122
10328,52.512638,13.320141,123
10328,52.512344,13.317507,124
10328,52.512017,13.312840,125
10328,52.511966,13.310704,126
10328,52.511966,13.310704,127
10328,52.511520,13.305125,128
10328,52.511520,13.305125,129
10328,52.510901,13.295836,130
10328,52.510901,13.295836,131
10328,52.510110,13.283086,132
10328,52.510110,13.283086,133
10328,52.509621,13.275755,134
10328,52.509619,13.275004,135
10328,52.509671,13.274356,136
10328,52.509908,13.272601,137
10332,52.521660,13.414014,0
10332,52.521453,13.414280,1
10332,52.521220,13.414517,2
10332,52.520960,13.414621,3
10332,52.520708,13.414564,4
10332,52.520537,13.414417,5
10332,52.520366,13.414153,6
10332,52.519960,13.413094,7
10332,52.519418,13.411785,8
10332,52.519238,13.411506,9
10332,52.519040,13.411360,10
10332,52.518797,13.411288,11
10332,52.518591,13.411377,12
10332,52.518115,13.411821,13
10332,52.517729,13.412162,14
10332,52.517424,13.412281,15
10332,52.517190,13.412327,16
10332,52.517190,13.412327,17
10332,52.516651,13.412359,18
10332,52.513460,13.411903,19
10332,52.513199,13.411786,20
10332,52.512920,13.411508,21
10332,52.512731,13.411214,22
10332,52.512370,13.410141,23
10332,52.512370,13.410141,24
10332,52.512189,13.409523,25
10332,52.511926,13.408478,26
10332,52.511402,13.406758,27
10332,52.511320,13.406198,28
10332,52.511283,13.405595,29
10332,52.511342,13.403709,30
10332,52.511342,13.403709,31
10332,52.511393,13.402148,32
10332,52.511482,13.401646,33
10332,52.511607,13.401233,34
10332,52.513101,13.397602,35
10332,52.513199,13.397292,36
10332,52.513208,13.397012,37
10332,52.513233,13.396394,38
10332,52.513340,13.395863,39
10332,52.513384,13.395479,40
10332,52.513384,13.395479,41
10332,52.513383,13.394964,42
10332,52.513346,13.394301,43
10332,52.513273,13.393889,44
10332,52.513138,13.393536,45
10332,52.512985,13.393346,46
10332,52.512616,13.393009,47
10332,52.512471,13.392848,48
10332,52.512354,13.392539,49
10332,52.512290,13.392142,50
10332,52.512197,13.390566,51
10332,52.512197,13.390566,52
10332,52.511919,13.386105,53
10332,52.511791,13.385001,54
10332,52.511791,13.385001,55
10332,52.511654,13.384191,56
10332,52.511382,13.382955,57
10332,52.511228,13.382087,58
10332,52.511100,13.381072,59
10332,52.511036,13.380719,60
10332,52.510909,13.380336,61
10332,52.510684,13.379955,62
10332,52.510018,13.379354,63
10332,52.509657,13.378988,64
10332,52.509378,13.378533,65
10332,52.509035,13.377902,66
10332,52.509035,13.377902,67
10332,52.508783,13.377565,68
10332,52.508315,13.377169,69
10332,52.506749,13.376295,70
10332,52.506057,13.376092,71
10332,52.505580,13.375830,72
10332,52.504275,13.375072,73
10332,52.503816,13.374853,74
10332,52.503816,13.374853,75
10332,52.501946,13.374275,76
10332,52.500759,13.374032,77
10332,52.500418,13.374048,78
10332,52.500058,13.374139,79
10332,52.499816,13.374140,80
10332,52.499501,13.374083,81
10332,52.499501,13.374083,82
10332,52.498305,13.373810,83
10332,52.497613,13.373475,84
10332,52.497451,13.373300,85
10332,52.497216,13.372918,86
10332,52.497107,13.372565,87
10332,52.497025,13.371991,88
10332,52.496972,13.367943,89
10332,52.497007,13.367501,90
10332,52.497229,13.366292,91
10332,52.497226,13.365188,92
10332,52.497608,13.363153,93
10332,52.497608,13.363153,94
10332,52.497875,13.361782,95
10332,52.499395,13.354587,96
10332,52.499395,13.354587,97
10332,52.500364,13.350002,98
10332,52.501857,13.342997,99
10332,52.501857,13.342997,100
10332,52.502053,13.342172,101
10332,52.502276,13.341507,102
10332,52.504071,13.336989,103
10332,52.504196,13.336738,104
10332,52.504385,13.336546,105
10332,52.504726,13.336352,106
10332,52.504914,13.336144,107
10332,52.505075,13.335849,108
10332,52.505164,13.335451,109
10332,52.505198,13.334905,110
10332,52.505243,13.334625,111
10332,52.505350,13.334286,112
10332,52.505922,13.333016,113
10332,52.505922,13.333016,114
10332,52.508862,13.326442,115
10332,52.509157,13.325865,116
10332,52.509425,13.325451,117
10332,52.511798,13.322121,118
10332,52.511798,13.322121,119
10332,52.512506,13.321100,120
10332,52.512595,13.320790,121
10332,52.512639,13.320465,122
10332,52.512638,13.320141,123
10332,52.512344,13.317507,124
10332,52.512017,13.312840,125
10332,52.511966,13.310704,126
10332,52.511966,13.310704,127
10332,52.511520,13.305125,128
10332,52.511520,13.305125,129
10332,52.510901,13.295836,130
10332,52.510901,13.295836,131
10332,52.510110,13.283086,132
10332,52.510110,13.283086,133
10332,52.509621,13.275755,134
10332,52.509619,13.275004,135
10332,52.509671,13.274356,136
10332,52.509908,13.272601,137
10332,52.509908,13.272601,138
10332,52.510068,13.271775,139
10332,52.510228,13.271184,140
10332,52.510477,13.270564,141
10332,52.511041,13.269617,142
10332,52.512025,13.268253,143
10332,52.515690,13.262007,144
10332,52.515905,13.261549,145
10332,52.516047,13.261062,146
10332,52.516162,13.260501,147
10332,52.516275,13.259248,148
10332,52.516275,13.259248,149
10332,52.516369,13.257612,150
10332,52.516329,13.256507,151
10332,52.516237,13.255668,152
10332,52.516062,13.254418,153
10332,52.516043,13.253947,154
10332,52.516095,13.253431,155
10332,52.516200,13.252649,156
10332,52.516405,13.251940,157
10332,52.516637,13.251305,158
10332,52.516896,13.250816,159
10332,52.516896,13.250816,160
10332,52.517057,13.250579,161
10332,52.517236,13.250342,162
10332,52.520364,13.247840,163
10332,52.520642,13.247558,164
10332,52.520901,13.247217,165
10332,52.521071,13.247039,166
10332,52.521940,13.246250,167
10332,52.522460,13.245627,168
10332,52.522845,13.245344,169
10332,52.523213,13.245149,170
10332,52.524093,13.244817,171
10332,52.524353,13.244624,172
10332,52.524594,13.244371,173
10332,52.524836,13.244000,174
10332,52.525023,13.243616,175
10332,52.525175,13.243187,176
10332,52.525405,13.241992,177
10332,52.525591,13.241253,178
10341,52.521759,13.414220,0
10341,52.522046,13.413762,1
10341,52.522359,13.412979,2
10341,52.522968,13.411783,3
10341,52.523452,13.410970,4
10341,52.523908,13.410172,5
10341,52.524151,13.410009,6
10341,52.524366,13.409993,7
10341,52.524537,13.410066,8
10341,52.525833,13.411062,9
10341,52.526049,13.411164,10
10341,52.526301,13.411177,11
10341,52.526597,13.411087,12
10341,52.527683,13.410507,13
10341,52.527683,13.410507,14
10341,52.528949,13.409897,15
10341,52.529165,13.409867,16
10341,52.529372,13.409925,17
10341,52.529678,13.410203,18
10341,52.530443,13.411039,19
10341,52.531182,13.412141,20
10341,52.531488,13.412419,21
10341,52.531812,13.412609,22
10341,52.532423,13.412768,23
10341,52.532423,13.412768,24
10341,52.533160,13.412883,25
10341,52.533448,13.412896,26
10341,52.533709,13.412851,27
10341,52.535137,13.412549,28
10341,52.535568,13.412488,29
10341,52.538102,13.412240,30
10341,52.540474,13.412213,31
10341,52.541301,13.412209,32
10341,52.541975,13.412265,33
10341,52.541975,13.412265,34
10341,52.542541,13.412321,35
10341,52.542955,13.412319,36
10341,52.543629,13.412375,37
10341,52.543944,13.412432,38
10341,52.547675,13.413431,39
10341,52.547971,13.413489,40
10341,52.548439,13.413604,41
10341,52.549140,13.413734,42
10341,52.549140,13.413734,43
10341,52.550821,13.413991,44
10341,52.552071,13.414206,45
10341,52.554255,13.414667,46
10341,52.554552,13.414695,47
10341,52.554920,13.414649,48
10341,52.556789,13.414390,49
10341,52.557238,13.414255,50
10341,52.557642,13.414061,51
10341,52.558405,13.413527,52
10341,52.558818,13.413377,53
10341,52.559141,13.413317,54
10341,52.559141,13.413317,55
10341,52.561406,13.413144,56
10341,52.565035,13.412639,57
10341,52.565457,13.412534,58
10341,52.566032,13.412266,59
10341,52.566822,13.411775,60
10363,52.521759,13.414220,0
10363,52.522046,13.413762,1
10363,52.522359,13.412979,2
10363,52.522968,13.411783,3
10363,52.523452,13.410970,4
10363,52.523908,13.410172,5
10363,52.524151,13.410009,6
10363,52.524366,13.409993,7
10363,52.524537,13.410066,8
10363,52.525833,13.411062,9
10363,52.526049,13.411164,10
10363,52.526301,13.411177,11
10363,52.526597,13.411087,12
10363,52.527683,13.410507,13
10363,52.527683,13.410507,14
10363,52.528949,13.409897,15
10363,52.529165,13.409867,16
10363,52.529372,13.409925,17
10363,52.529678,13.410203,18
10363,52.530443,13.411039,19
10363,52.531182,13.412141,20
10363,52.531488,13.412419,21
10363,52.531812,13.412609,22
10363,52.532423,13.412768,23
10363,52.533160,13.412883,24
10363,52.533448,13.412896,25
10363,52.533709,13.412851,26
10363,52.535137,13.412549,27
10363,52.535568,13.412488,28
10363,52.538102,13.412240,29
10363,52.540474,13.412213,30
10363,52.541301,13.412209,31
10363,52.541975,13.412265,32
10363,52.541975,13.412265,33
10363,52.542541,13.412321,34
10363,52.542955,13.412319,35
10363,52.543629,13.412375,36
10363,52.543944,13.412432,37
10363,52.547675,13.413431,38
10363,52.547971,13.413489,39
10363,52.548439,13.413604,40
10363,52.549140,13.413734,41
10363,52.549140,13.413734,42
10363,52.550821,13.413991,43
10363,52.552071,13.414206,44
10363,52.554255,13.414667,45
10363,52.554552,13.414695,46
10363,52.554920,13.414649,47
10363,52.556789,13.414390,48
10363,52.557238,13.414255,49
10363,52.557642,13.414061,50
10363,52.558405,13.413527,51
10363,52.558818,13.413377,52
10363,52.559141,13.413317,53
10363,52.559141,13.413317,54
10363,52.561406,13.413144,55
10363,52.565035,13.412639,56
10363,52.565457,13.412534,57
10363,52.566032,13.412266,58
10363,52.566822,13.411775,59
10417,52.525329,13.370030,0
10417,52.520114,13.372904,1
10417,52.520114,13.372904,2
10417,52.516563,13.381071,3
10417,52.516563,13.381071,4
10417,52.516957,13.389067,5
10417,52.516957,13.389067,6
10417,52.517289,13.398066,7
10417,52.517289,13.398066,8
10417,52.518746,13.407959,9
10417,52.518746,13.407959,10
10417,52.521425,13.413529,11
10417,52.521425,13.413529,12
10417,52.522066,13.415014,13
10417,52.522165,13.415308,14
10417,52.522202,13.415588,15
10417,52.522220,13.415985,16
10417,52.522203,13.416236,17
10417,52.522123,13.416664,18
10417,52.521980,13.417224,19
10417,52.520836,13.420795,20
10417,52.520836,13.420795,21
10417,52.519200,13.426017,22
10417,52.518468,13.428849,23
10417,52.518228,13.430161,24
10417,52.518086,13.431532,25
10417,52.518086,13.431532,26
10417,52.516732,13.444619,27
10417,52.516732,13.444619,28
10417,52.515784,13.453874,29
10417,52.515784,13.453874,30
10417,52.514712,13.464528,31
10417,52.514712,13.464528,32
10417,52.513648,13.475197,33
10416,52.525329,13.370030,0
10416,52.520114,13.372904,1
10416,52.520114,13.372904,2
10416,52.516563,13.381071,3
10416,52.516563,13.381071,4
10416,52.516957,13.389067,5
10416,52.516957,13.389067,6
10416,52.517289,13.398066,7
10416,52.517289,13.398066,8
10416,52.518746,13.407959,9
10416,52.518746,13.407959,10
10416,52.521425,13.413529,11
10416,52.521425,13.413529,12
10416,52.522066,13.415014,13
10416,52.522165,13.415308,14
10416,52.522202,13.415588,15
10416,52.522220,13.415985,16
10416,52.522203,13.416236,17
10416,52.522123,13.416664,18
10416,52.521980,13.417224,19
10416,52.520836,13.420795,20
10416,52.520836,13.420795,21
10416,52.519200,13.426017,22
10416,52.518468,13.428849,23
10416,52.518228,13.430161,24
10416,52.518086,13.431532,25
10416,52.518086,13.431532,26
10416,52.516732,13.444619,27
10416,52.516732,13.444619,28
10416,52.515784,13.453874,29
10416,52.515784,13.453874,30
10416,52.514712,13.464528,31
10416,52.514712,13.464528,32
10416,52.513648,13.475197,33
10416,52.513648,13.475197,34
10416,52.512449,13.487028,35
10416,52.512449,13.487028,36
10416,52.511854,13.493025,37
10416,52.511828,13.493968,38
10416,52.511793,13.494734,39
10416,52.511659,13.495559,40
10416,52.511230,13.497843,41
10416,52.511230,13.497843,42
10416,52.510971,13.499170,43
10416,52.510765,13.500054,44
10416,52.507191,13.511434,45
10416,52.506815,13.512083,46
10416,52.506213,13.512748,47
10415,52.525329,13.370030,0
10415,52.520114,13.372904,1
10415,52.520114,13.372904,2
10415,52.516563,13.381071,3
10415,52.516563,13.381071,4
10415,52.516957,13.389067,5
10415,52.516957,13.389067,6
10415,52.517289,13.398066,7
10415,52.517289,13.398066,8
10415,52.518746,13.407959,9
10415,52.518746,13.407959,10
10415,52.521425,13.413529,11
10415,52.521425,13.413529,12
10415,52.522066,13.415014,13
10415,52.522165,13.415308,14
10415,52.522202,13.415588,15
10415,52.522220,13.415985,16
10415,52.522203,13.416236,17
10415,52.522123,13.416664,18
10415,52.521980,13.417224,19
10415,52.520836,13.420795,20
10415,52.520836,13.420795,21
10415,52.519200,13.426017,22
10415,52.518468,13.428849,23
10415,52.518228,13.430161,24
10415,52.518086,13.431532,25
10415,52.518086,13.431532,26
10415,52.516732,13.444619,27
10415,52.516732,13.444619,28
10415,52.515784,13.453874,29
10415,52.515784,13.453874,30
10415,52.514712,13.464528,31
10415,52.514712,13.464528,32
10415,52.513648,13.475197,33
10415,52.513648,13.475197,34
10415,52.512449,13.487028,35
10415,52.512449,13.487028,36
10415,52.511854,13.493025,37
10415,52.511828,13.493968,38
10415,52.511793,13.494734,39
10415,52.511659,13.495559,40
10415,52.511230,13.497843,41
10415,52.511230,13.497843,42
10415,52.510971,13.499170,43
10415,52.510765,13.500054,44
10415,52.507191,13.511434,45
10415,52.506815,13.512083,46
10415,52.506213,13.512748,47
10415,52.506213,13.512748,48
10415,52.503628,13.515552,49
10415,52.503278,13.515980,50
10415,52.502434,13.517234,51
10415,52.501080,13.520094,52
10415,52.500685,13.520743,53
10415,52.500227,13.521245,54
10415,52.499724,13.521658,55
10415,52.497667,13.522974,56
10421,52.525329,13.370030,0
10421,52.520114,13.372904,1
10421,52.520114,13.372904,2
10421,52.516563,13.381071,3
10421,52.516563,13.381071,4
10421,52.516957,13.389067,5
10421,52.516957,13.389067,6
10421,52.517289,13.398066,7
10421,52.517289,13.398066,8
10421,52.518746,13.407959,9
10421,52.518746,13.407959,10
10421,52.521425,13.413529,11
10421,52.521425,13.413529,12
10421,52.522066,13.415014,13
10421,52.522165,13.415308,14
10421,52.522202,13.415588,15
10421,52.522220,13.415985,16
10421,52.522203,13.416236,17
10421,52.522123,13.416664,18
10421,52.521980,13.417224,19
10421,52.520836,13.420795,20
10421,52.520836,13.420795,21
10421,52.519200,13.426017,22
10421,52.518468,13.428849,23
10421,52.518228,13.430161,24
10421,52.518086,13.431532,25
10421,52.518086,13.431532,26
10421,52.516732,13.444619,27
10421,52.516732,13.444619,28
10421,52.515784,13.453874,29
10421,52.515784,13.453874,30
10421,52.514712,13.464528,31
10421,52.514712,13.464528,32
10421,52.513648,13.475197,33
10421,52.513648,13.475197,34
10421,52.512449,13.487028,35
10421,52.512449,13.487028,36
10421,52.511854,13.493025,37
10421,52.511828,13.493968,38
10421,52.511793,13.494734,39
10421,52.511659,13.495559,40
10421,52.511230,13.497843,41
10421,52.511230,13.497843,42
10421,52.510971,13.499170,43
10421,52.510765,13.500054,44
10421,52.507191,13.511434,45
10421,52.506815,13.512083,46
10421,52.506213,13.512748,47
10421,52.506213,13.512748,48
10421,52.503628,13.515552,49
10421,52.503278,13.515980,50
10421,52.502434,13.517234,51
10421,52.501080,13.520094,52
10421,52.500685,13.520743,53
10421,52.500227,13.521245,54
10421,52.499724,13.521658,55
10421,52.497667,13.522974,56
10421,52.497667,13.522974,57
10421,52.496491,13.523713,58
10421,52.496060,13.524141,59
10421,52.495728,13.524569,60
10421,52.495369,13.525158,61
10421,52.495126,13.525748,62
10421,52.495010,13.526337,63
10421,52.494957,13.526897,64
10421,52.494966,13.527486,65
10421,52.495029,13.527942,66
10421,52.495138,13.528472,67
10421,52.497950,13.539774,68
10421,52.498590,13.542173,69
10421,52.498942,13.543659,70
10421,52.499311,13.545278,71
10421,52.499636,13.546603,72
10422,52.525329,13.370030,0
10422,52.520114,13.372904,1
10422,52.520114,13.372904,2
10422,52.516563,13.381071,3
10422,52.516563,13.381071,4
10422,52.516957,13.389067,5
10422,52.516957,13.389067,6
10422,52.517289,13.398066,7
10422,52.517289,13.398066,8
10422,52.518746,13.407959,9
10422,52.518746,13.407959,10
10422,52.521425,13.413529,11
10422,52.521425,13.413529,12
10422,52.522066,13.415014,13
10422,52.522165,13.415308,14
10422,52.522202,13.415588,15
10422,52.522220,13.415985,16
10422,52.522203,13.416236,17
10422,52.522123,13.416664,18
10422,52.521980,13.417224,19
10422,52.520836,13.420795,20
10422,52.520836,13.420795,21
10422,52.519200,13.426017,22
10422,52.518468,13.428849,23
10422,52.518228,13.430161,24
10422,52.518086,13.431532,25
10422,52.518086,13.431532,26
10422,52.516732,13.444619,27
10422,52.516732,13.444619,28
10422,52.515784,13.453874,29
10422,52.515784,13.453874,30
10422,52.514712,13.464528,31
10422,52.514712,13.464528,32
10422,52.513648,13.475197,33
10422,52.513648,13.475197,34
10422,52.512449,13.487028,35
10422,52.512449,13.487028,36
10422,52.511854,13.493025,37
10422,52.511828,13.493968,38
10422,52.511793,13.494734,39
10422,52.511659,13.495559,40
10422,52.511230,13.497843,41
10422,52.511230,13.497843,42
10422,52.510971,13.499170,43
10422,52.510765,13.500054,44
10422,52.507191,13.511434,45
10422,52.506815,13.512083,46
10422,52.506213,13.512748,47
10422,52.506213,13.512748,48
10422,52.503628,13.515552,49
10422,52.503278,13.515980,50
10422,52.502434,13.517234,51
10422,52.501080,13.520094,52
10422,52.500685,13.520743,53
10422,52.500227,13.521245,54
10422,52.499724,13.521658,55
10422,52.497667,13.522974,56
10422,52.497667,13.522974,57
10422,52.496491,13.523713,58
10422,52.496060,13.524141,59
10422,52.495728,13.524569,60
10422,52.495369,13.525158,61
10422,52.495126,13.525748,62
10422,52.495010,13.526337,63
10422,52.494957,13.526897,64
10422,52.494966,13.527486,65
10422,52.495029,13.527942,66
10422,52.495138,13.528472,67
10422,52.497950,13.539774,68
10422,52.498590,13.542173,69
10422,52.498942,13.543659,70
10422,52.499311,13.545278,71
10422,52.499636,13.546603,72
10422,52.499636,13.546603,73
10422,52.499960,13.547928,74
10422,52.499978,13.548266,75
10422,52.500987,13.551696,76
10422,52.501428,13.553226,77
10422,52.501968,13.554728,78
10422,52.502508,13.556052,79
10422,52.503048,13.557244,80
10422,52.503642,13.558436,81
10422,52.504173,13.559319,82
10422,52.504991,13.560540,83
10422,52.504991,13.560540,84
10422,52.505720,13.561570,85
10422,52.507545,13.563894,86
10422,52.509946,13.567175,87
10422,52.511619,13.569809,88
10422,52.511916,13.570354,89
10422,52.512150,13.570840,90
10422,52.512294,13.571296,91
10422,52.512420,13.571753,92
10422,52.512519,13.572224,93
10422,52.512591,13.572710,94
10422,52.512618,13.573196,95
10422,52.512592,13.575184,96
10422,52.512592,13.575184,97
10422,52.512566,13.576569,98
10422,52.512593,13.577556,99
10422,52.512719,13.578484,100
10422,52.512908,13.579235,101
10422,52.513133,13.579838,102
10422,52.516443,13.586685,103
10422,52.516740,13.587215,104
10422,52.517153,13.587804,105
10422,52.517675,13.588333,106
10422,52.518214,13.588701,107
10422,52.518780,13.588951,108
10422,52.519301,13.589069,109
10422,52.520074,13.589112,110
10422,52.520910,13.589067,111
10422,52.520910,13.589067,112
10422,52.522869,13.588845,113
10422,52.523885,13.588917,114
10422,52.524702,13.589020,115
10422,52.525817,13.589372,116
10422,52.526446,13.589593,117
10422,52.527506,13.590122,118
10422,52.528468,13.590623,119
10422,52.528468,13.590623,120
10422,52.529951,13.591417,121
10422,52.531147,13.591991,122
10422,52.531605,13.592285,123
10422,52.532135,13.592756,124
10422,52.532567,13.593301,125
10422,52.532989,13.594038,126
10422,52.533304,13.594745,127
10422,52.533538,13.595467,128
10422,52.533826,13.596513,129
10422,52.533826,13.596513,130
10422,52.534797,13.599828,131
10422,52.535355,13.601979,132
10422,52.535804,13.603571,133
10422,52.536605,13.606636,134
10422,52.536605,13.606636,135
10422,52.537171,13.608655,136
10422,52.537702,13.611410,137
10422,52.538340,13.614402,138
10422,52.538628,13.616023,139
10422,52.538943,13.618307,140
10422,52.538943,13.618307,141
10422,52.539257,13.620754,142
10422,52.539329,13.621845,143
10422,52.539356,13.623525,144
10422,52.539329,13.625279,145
10422,52.539258,13.626944,146
10422,52.539168,13.628271,147
10422,52.538934,13.629995,148
10422,52.538808,13.630968,149
10422,52.538745,13.631867,150
10422,52.538467,13.633208,151
10414,52.525329,13.370030,0
10414,52.520114,13.372904,1
10414,52.520114,13.372904,2
10414,52.516563,13.381071,3
10414,52.516563,13.381071,4
10414,52.516957,13.389067,5
10414,52.516957,13.389067,6
10414,52.517289,13.398066,7
10414,52.517289,13.398066,8
10414,52.518746,13.407959,9
10414,52.518746,13.407959,10
10414,52.521425,13.413529,11
10414,52.521425,13.413529,12
10414,52.522066,13.415014,13
10414,52.522165,13.415308,14
10414,52.522202,13.415588,15
10414,52.522220,13.415985,16
10414,52.522203,13.416236,17
10414,52.522123,13.416664,18
10414,52.521980,13.417224,19
10414,52.520836,13.420795,20
10414,52.520836,13.420795,21
10414,52.519200,13.426017,22
10414,52.518468,13.428849,23
10414,52.518228,13.430161,24
10414,52.518086,13.431532,25
10414,52.518086,13.431532,26
10414,52.516732,13.444619,27
10414,52.516732,13.444619,28
10414,52.515784,13.453874,29
10414,52.515784,13.453874,30
10414,52.514712,13.464528,31
10414,52.514712,13.464528,32
10414,52.513648,13.475197,33
10414,52.513648,13.475197,34
10414,52.512449,13.487028,35
10414,52.512449,13.487028,36
10414,52.511854,13.493025,37
10414,52.511828,13.493968,38
10414,52.511793,13.494734,39
10414,52.511659,13.495559,40
10414,52.511230,13.497843,41
10414,52.511230,13.497843,42
10414,52.510971,13.499170,43
10414,52.510765,13.500054,44
10414,52.507191,13.511434,45
10414,52.506815,13.512083,46
10414,52.506213,13.512748,47
10414,52.506213,13.512748,48
10414,52.503628,13.515552,49
10414,52.503278,13.515980,50
10414,52.502434,13.517234,51
10414,52.501080,13.520094,52
10414,52.500685,13.520743,53
10414,52.500227,13.521245,54
10414,52.499724,13.521658,55
10414,52.497667,13.522974,56
10414,52.497667,13.522974,57
10414,52.496491,13.523727,58
10414,52.496051,13.524141,59
10414,52.495728,13.524554,60
10414,52.495360,13.525144,61
10414,52.495126,13.525748,62
10414,52.495010,13.526337,63
10414,52.494957,13.526897,64
10414,52.494966,13.527456,65
10414,52.495029,13.527942,66
10414,52.495138,13.528472,67
10414,52.497959,13.539774,68
10414,52.498590,13.542173,69
10414,52.498978,13.543792,70
10414,52.499248,13.545308,71
10414,52.499573,13.546647,72
10414,52.499573,13.546647,73
10414,52.499978,13.548281,74
10414,52.500987,13.551696,75
10414,52.501428,13.553226,76
10414,52.501968,13.554728,77
10414,52.502508,13.556052,78
10414,52.503048,13.557259,79
10414,52.503642,13.558436,80
10414,52.504173,13.559319,81
10414,52.504991,13.560540,82
10414,52.504991,13.560540,83
10414,52.505720,13.561570,84
10414,52.507545,13.563894,85
10414,52.509946,13.567175,86
10414,52.511619,13.569809,87
10414,52.511916,13.570354,88
10414,52.512150,13.570840,89
10414,52.512294,13.571296,90
10414,52.512420,13.571753,91
10414,52.512519,13.572224,92
10414,52.512591,13.572710,93
10414,52.512618,13.573196,94
10414,52.512592,13.575184,95
10414,52.512592,13.575184,96
10414,52.512566,13.576569,97
10414,52.512593,13.577556,98
10414,52.512719,13.578484,99
10414,52.512908,13.579235,100
10414,52.513133,13.579838,101
10414,52.516443,13.586685,102
10414,52.516740,13.587215,103
10414,52.517153,13.587804,104
10414,52.517675,13.588333,105
10414,52.518214,13.588701,106
10414,52.518780,13.588951,107
10414,52.519301,13.589069,108
10414,52.520074,13.589112,109
10414,52.520910,13.589067,110
10420,52.525329,13.370030,0
10420,52.520114,13.372904,1
10420,52.520114,13.372904,2
10420,52.516563,13.381071,3
10420,52.516563,13.381071,4
10420,52.516957,13.389067,5
10420,52.516957,13.389067,6
10420,52.517289,13.398066,7
10420,52.517289,13.398066,8
10420,52.518746,13.407959,9
10420,52.518746,13.407959,10
10420,52.521425,13.413529,11
10420,52.521425,13.413529,12
10420,52.522066,13.415014,13
10420,52.522165,13.415308,14
10420,52.522202,13.415588,15
10420,52.522220,13.415985,16
10420,52.522203,13.416236,17
10420,52.522123,13.416664,18
10420,52.521980,13.417224,19
10420,52.520836,13.420795,20
10420,52.520836,13.420795,21
10420,52.519200,13.426017,22
10420,52.518468,13.428849,23
10420,52.518228,13.430161,24
10420,52.518086,13.431532,25
10420,52.518086,13.431532,26
10420,52.516732,13.444619,27
10420,52.516732,13.444619,28
10420,52.515784,13.453874,29
10420,52.515784,13.453874,30
10420,52.514712,13.464528,31
10420,52.514712,13.464528,32
10420,52.513648,13.475197,33
10420,52.513648,13.475197,34
10420,52.512449,13.487028,35
10420,52.512449,13.487028,36
10420,52.511854,13.493025,37
10420,52.511828,13.493968,38
10420,52.511793,13.494734,39
10420,52.511659,13.495559,40
10420,52.511230,13.497843,41
10420,52.511230,13.497843,42
10420,52.510971,13.499170,43
10420,52.510765,13.500054,44
10420,52.507191,13.511434,45
10420,52.506815,13.512083,46
10420,52.506213,13.512748,47
10420,52.506213,13.512748,48
10420,52.503628,13.515552,49
10420,52.503278,13.515980,50
10420,52.502434,13.517234,51
10420,52.501080,13.520094,52
10420,52.500685,13.520743,53
10420,52.500227,13.521245,54
10420,52.499724,13.521658,55
10420,52.497667,13.522974,56
10420,52.497667,13.522974,57
10420,52.496491,13.523727,58
10420,52.496051,13.524141,59
10420,52.495728,13.524554,60
10420,52.495360,13.525144,61
10420,52.495126,13.525748,62
10420,52.495010,13.526337,63
10420,52.494957,13.526897,64
10420,52.494966,13.527456,65
10420,52.495029,13.527942,66
10420,52.495138,13.528472,67
10420,52.497959,13.539774,68
10420,52.498590,13.542173,69
10420,52.498978,13.543792,70
10420,52.499248,13.545308,71
10420,52.499573,13.546647,72
10420,52.499573,13.546647,73
10420,52.499978,13.548281,74
10420,52.500987,13.551696,75
10420,52.501428,13.553226,76
10420,52.501968,13.554728,77
10420,52.502508,13.556052,78
10420,52.503048,13.557259,79
10420,52.503642,13.558436,80
10420,52.504173,13.559319,81
10420,52.504991,13.560540,82
10420,52.504991,13.560540,83
10420,52.505720,13.561570,84
10420,52.507545,13.563894,85
10420,52.509946,13.567175,86
10420,52.511619,13.569809,87
10420,52.511916,13.570354,88
10420,52.512150,13.570840,89
10420,52.512294,13.571296,90
10420,52.512420,13.571753,91
10420,52.512519,13.572224,92
10420,52.512591,13.572710,93
10420,52.512618,13.573196,94
10420,52.512592,13.575184,95
10420,52.512592,13.575184,96
10420,52.512566,13.576569,97
10420,52.512593,13.577556,98
10420,52.512719,13.578484,99
10420,52.512908,13.579235,100
10420,52.513133,13.579838,101
10420,52.516443,13.586685,102
10420,52.516740,13.587215,103
10420,52.517153,13.587804,104
10420,52.517675,13.588333,105
10420,52.518214,13.588701,106
10420,52.518780,13.588951,107
10420,52.519301,13.589069,108
10420,52.520074,13.589112,109
10420,52.520910,13.589067,110
10420,52.520910,13.589067,111
10420,52.522869,13.588845,112
10420,52.523885,13.588917,113
10420,52.524702,13.589020,114
10420,52.525817,13.589372,115
10420,52.526446,13.589593,116
10420,52.527506,13.590122,117
10420,52.528468,13.590623,118
10420,52.528468,13.590623,119
10420,52.529951,13.591417,120
10420,52.531147,13.591991,121
10420,52.531605,13.592285,122
10420,52.532135,13.592756,123
10420,52.532567,13.593301,124
10420,52.532989,13.594038,125
10420,52.533304,13.594745,126
10420,52.533538,13.595467,127
10420,52.533826,13.596513,128
10420,52.533826,13.596513,129
10420,52.534797,13.599828,130
10420,52.535355,13.601979,131
10420,52.535804,13.603571,132
10420,52.536605,13.606636,133
10420,52.536605,13.606636,134
10420,52.537171,13.608655,135
10420,52.537702,13.611410,136
10420,52.538340,13.614402,137
10420,52.538628,13.616023,138
10420,52.538943,13.618307,139
10420,52.538943,13.618307,140
10420,52.539257,13.620754,141
10420,52.539329,13.621845,142
10420,52.539356,13.623510,143
10420,52.539329,13.625264,144
10420,52.539258,13.626944,145
10420,52.539159,13.628256,146
10420,52.538808,13.630968,147
10420,52.538619,13.631793,148
10420,52.538314,13.633119,149
10410,52.525329,13.370030,0
10410,52.520114,13.372904,1
10410,52.520114,13.372904,2
10410,52.516563,13.381071,3
10410,52.516563,13.381071,4
10410,52.516957,13.389067,5
10410,52.516957,13.389067,6
10410,52.517289,13.398066,7
10410,52.517289,13.398066,8
10410,52.518746,13.407959,9
10410,52.518746,13.407959,10
10410,52.521425,13.413529,11
10410,52.521425,13.413529,12
10410,52.522066,13.415014,13
10410,52.522165,13.415308,14
10410,52.522202,13.415588,15
10410,52.522220,13.415985,16
10410,52.522203,13.416236,17
10410,52.522123,13.416664,18
10410,52.521980,13.417224,19
10410,52.520836,13.420795,20
10410,52.520836,13.420795,21
10410,52.519200,13.426017,22
10410,52.518468,13.428849,23
10410,52.518228,13.430161,24
10410,52.518086,13.431532,25
10410,52.518086,13.431532,26
10410,52.516732,13.444619,27
10410,52.516732,13.444619,28
10410,52.515784,13.453874,29
10410,52.515784,13.453874,30
10410,52.514712,13.464528,31
10410,52.514712,13.464528,32
10410,52.513648,13.475197,33
10410,52.513648,13.475197,34
10410,52.512449,13.487028,35
10410,52.512449,13.487028,36
10410,52.511854,13.493025,37
10410,52.511828,13.493968,38
10410,52.511793,13.494734,39
10410,52.511659,13.495559,40
10410,52.511230,13.497843,41
10410,52.511230,13.497843,42
10410,52.510971,13.499170,43
10410,52.510765,13.500054,44
10410,52.507191,13.511434,45
10410,52.506815,13.512083,46
10410,52.506213,13.512748,47
10410,52.506213,13.512748,48
10410,52.503628,13.515552,49
10410,52.503278,13.515980,50
10410,52.502434,13.517234,51
10410,52.501080,13.520094,52
10410,52.500685,13.520743,53
10410,52.500227,13.521245,54
10410,52.499724,13.521658,55
10410,52.497667,13.522974,56
10410,52.497667,13.522974,57
10410,52.496491,13.523727,58
10410,52.496051,13.524141,59
10410,52.495728,13.524554,60
10410,52.495360,13.525144,61
10410,52.495126,13.525748,62
10410,52.495010,13.526337,63
10410,52.494957,13.526897,64
10410,52.494966,13.527456,65
10410,52.495029,13.527942,66
10410,52.495138,13.528472,67
10410,52.497959,13.539774,68
10410,52.498590,13.542173,69
10410,52.498978,13.543792,70
10410,52.499248,13.545308,71
10410,52.499573,13.546647,72
10410,52.499573,13.546647,73
10410,52.499978,13.548281,74
10410,52.500987,13.551696,75
10410,52.501428,13.553226,76
10410,52.501968,13.554728,77
10410,52.502508,13.556052,78
10410,52.503048,13.557259,79
10410,52.503642,13.558436,80
10410,52.504173,13.559319,81
10410,52.504991,13.560540,82
10410,52.504991,13.560540,83
10410,52.505720,13.561570,84
10410,52.507545,13.563894,85
10410,52.509946,13.567175,86
10410,52.511619,13.569809,87
10410,52.511916,13.570354,88
10410,52.512150,13.570840,89
10410,52.512294,13.571296,90
10410,52.512420,13.571753,91
10410,52.512519,13.572224,92
10410,52.512591,13.572710,93
10410,52.512618,13.573196,94
10410,52.512592,13.575184,95
10410,52.512592,13.575184,96
10410,52.512566,13.576569,97
10410,52.512593,13.577556,98
10410,52.512719,13.578484,99
10410,52.512908,13.579235,100
10410,52.513133,13.579838,101
10410,52.516443,13.586685,102
10410,52.516740,13.587215,103
10410,52.517153,13.587804,104
10410,52.517675,13.588333,105
10410,52.518214,13.588701,106
10410,52.518780,13.588951,107
10410,52.519301,13.589069,108
10410,52.520074,13.589112,109
10410,52.520910,13.589067,110
10410,52.520910,13.589067,111
10410,52.522869,13.588845,112
10410,52.523885,13.588917,113
10410,52.524702,13.589020,114
10410,52.525817,13.589372,115
10410,52.526446,13.589593,116
10410,52.527506,13.590122,117
10410,52.528468,13.590623,118
10410,52.528468,13.590623,119
10410,52.529951,13.591417,120
10410,52.531147,13.591991,121
10410,52.531605,13.592285,122
10410,52.532135,13.592756,123
10410,52.532567,13.593301,124
10410,52.532989,13.594038,125
10410,52.533304,13.594745,126
10410,52.533538,13.595467,127
10410,52.533826,13.596513,128
10410,52.533826,13.596513,129
10410,52.534797,13.599828,130
10410,52.535355,13.601979,131
10410,52.535804,13.603571,132
10410,52.536605,13.606636,133
10410,52.536605,13.606636,134
10410,52.537171,13.608655,135
10410,52.537702,13.611410,136
10410,52.538340,13.614402,137
10410,52.538628,13.616023,138
10410,52.538943,13.618307,139
10410,52.538943,13.618307,140
10410,52.539257,13.620754,141
10410,52.539329,13.621845,142
10410,52.539356,13.623525,143
10410,52.539329,13.625279,144
10410,52.539258,13.626944,145
10410,52.539168,13.628271,146
10410,52.538934,13.629995,147
10410,52.538808,13.630968,148
10410,52.538745,13.631867,149
10410,52.538467,13.633208,150
10347,52.525591,13.241253,0
10347,52.525396,13.241992,1
10347,52.525121,13.243173,2
10347,52.524978,13.243587,3
10347,52.524809,13.243971,4
10347,52.524567,13.244327,5
10347,52.524317,13.244580,6
10347,52.524092,13.244744,7
10347,52.523204,13.245075,8
10347,52.522845,13.245270,9
10347,52.522415,13.245613,10
10347,52.521922,13.246177,11
10347,52.521035,13.246995,12
10347,52.517826,13.249468,13
10347,52.517522,13.249883,14
10347,52.517181,13.250180,15
10347,52.516975,13.250403,16
10347,52.516796,13.250685,17
10335,52.525591,13.241253,0
10335,52.525396,13.242007,1
10335,52.525121,13.243158,2
10335,52.524987,13.243587,3
10335,52.524809,13.243957,4
10335,52.524567,13.244327,5
10335,52.524326,13.244580,6
10335,52.524092,13.244758,7
10335,52.523213,13.245090,8
10335,52.522836,13.245270,9
10335,52.522415,13.245613,10
10335,52.521922,13.246192,11
10335,52.521035,13.246995,12
10335,52.517127,13.250019,13
10335,52.516894,13.250286,14
10335,52.516715,13.250567,15
10335,52.516715,13.250567,16
10335,52.516483,13.251188,17
10335,52.516288,13.251882,18
10335,52.516129,13.252635,19
10335,52.516032,13.253402,20
10335,52.515989,13.253932,21
10335,52.515999,13.254418,22
10335,52.516183,13.255639,23
10335,52.516266,13.256478,24
10335,52.516296,13.257450,25
10335,52.516194,13.259234,26
10335,52.516194,13.259234,27
10335,52.516099,13.260487,28
10335,52.515984,13.261047,29
10335,52.515842,13.261505,30
10335,52.515663,13.261934,31
10335,52.512078,13.268032,32
10335,52.510861,13.269780,33
10335,52.510441,13.270490,34
10335,52.510182,13.271141,35
10335,52.510014,13.271746,36
10335,52.509854,13.272587,37
10335,52.509854,13.272587,38
10335,52.509626,13.274356,39
10335,52.509565,13.274990,40
10335,52.509567,13.275756,41
10335,52.510056,13.283101,42
10335,52.510056,13.283101,43
10335,52.510865,13.295836,44
10335,52.510865,13.295836,45
10335,52.511475,13.305140,46
10335,52.511475,13.305140,47
10335,52.511760,13.310735,48
10335,52.511760,13.310735,49
10335,52.511825,13.311781,50
10335,52.511963,13.312855,51
10335,52.512281,13.317625,52
10335,52.512575,13.320142,53
10335,52.512567,13.320466,54
10335,52.512532,13.320790,55
10335,52.512452,13.321085,56
10335,52.511780,13.322077,57
10335,52.511780,13.322077,58
10335,52.509380,13.325407,59
10335,52.509112,13.325836,60
10335,52.508817,13.326398,61
10335,52.505886,13.332972,62
10370,52.525591,13.241253,0
10370,52.525396,13.242007,1
10370,52.525121,13.243158,2
10370,52.524987,13.243587,3
10370,52.524809,13.243957,4
10370,52.524567,13.244327,5
10370,52.524326,13.244580,6
10370,52.524092,13.244758,7
10370,52.523213,13.245090,8
10370,52.522836,13.245270,9
10370,52.522415,13.245613,10
10370,52.521922,13.246192,11
10370,52.521035,13.246995,12
10370,52.517127,13.250019,13
10370,52.516894,13.250286,14
10370,52.516715,13.250567,15
10370,52.516715,13.250567,16
10370,52.516483,13.251188,17
10370,52.516288,13.251882,18
10370,52.516129,13.252635,19
10370,52.516032,13.253402,20
10370,52.515989,13.253932,21
10370,52.515999,13.254418,22
10370,52.516183,13.255639,23
10370,52.516266,13.256478,24
10370,52.516296,13.257450,25
10370,52.516194,13.259234,26
10370,52.516194,13.259234,27
10370,52.516099,13.260487,28
10370,52.515984,13.261047,29
10370,52.515842,13.261505,30
10370,52.515663,13.261934,31
10370,52.512078,13.268032,32
10370,52.510861,13.269780,33
10370,52.510441,13.270490,34
10370,52.510182,13.271141,35
10370,52.510014,13.271746,36
10370,52.509854,13.272587,37
10370,52.509854,13.272587,38
10370,52.509626,13.274356,39
10370,52.509565,13.274990,40
10370,52.509567,13.275756,41
10370,52.510056,13.283101,42
10370,52.510056,13.283101,43
10370,52.510865,13.295836,44
10370,52.510865,13.295836,45
10370,52.511475,13.305140,46
10370,52.511475,13.305140,47
10370,52.511760,13.310735,48
10370,52.511760,13.310735,49
10370,52.511825,13.311781,50
10370,52.511963,13.312855,51
10370,52.512281,13.317625,52
10370,52.512575,13.320142,53
10370,52.512567,13.320466,54
10370,52.512532,13.320790,55
10370,52.512452,13.321085,56
10370,52.511780,13.322077,57
10370,52.511780,13.322077,58
10370,52.509380,13.325407,59
10370,52.509112,13.325836,60
10370,52.508817,13.326398,61
10370,52.505886,13.332972,62
10370,52.505886,13.332972,63
10370,52.505278,13.334301,64
10370,52.505207,13.334581,65
10370,52.505163,13.334906,66
10370,52.505128,13.335451,67
10370,52.505039,13.335805,68
10370,52.504878,13.336100,69
10370,52.504725,13.336249,70
10370,52.504376,13.336472,71
10370,52.504169,13.336694,72
10370,52.504035,13.336931,73
10370,52.502240,13.341463,74
10370,52.502008,13.342128,75
10370,52.501794,13.342968,76
10370,52.501794,13.342968,77
10370,52.500328,13.349987,78
10370,52.499359,13.354573,79
10370,52.499359,13.354573,80
10370,52.497839,13.361783,81
10370,52.497572,13.363139,82
10370,52.497572,13.363139,83
10370,52.497199,13.365188,84
10370,52.497184,13.366277,85
10370,52.496971,13.367471,86
10370,52.496927,13.367928,87
10370,52.496990,13.372051,88
10370,52.497054,13.372610,89
10370,52.497189,13.372992,90
10370,52.497424,13.373359,91
10370,52.497676,13.373593,92
10370,52.498890,13.374116,93
10370,52.499484,13.374289,94
10370,52.499484,13.374289,95
10370,52.499825,13.374346,96
10370,52.500140,13.374315,97
10370,52.500526,13.374151,98
10370,52.500903,13.374148,99
10370,52.501164,13.374176,100
10370,52.502081,13.374377,101
10370,52.503808,13.374927,102
10370,52.503808,13.374927,103
10370,52.504257,13.375131,104
10370,52.506021,13.376181,105
10370,52.506713,13.376413,106
10370,52.508297,13.377273,107
10370,52.508747,13.377653,108
10370,52.508990,13.377990,109
10370,52.508990,13.377990,110
10370,52.509477,13.378871,111
10370,52.509748,13.379238,112
10370,52.510675,13.380117,113
10370,52.510865,13.380410,114
10370,52.510991,13.380734,115
10370,52.511037,13.381101,116
10370,52.511128,13.381911,117
10370,52.511256,13.382617,118
10370,52.511573,13.384206,119
10370,52.511710,13.385030,120
10370,52.511710,13.385030,121
10370,52.511838,13.386105,122
10370,52.512125,13.390581,123
10370,52.512125,13.390581,124
10370,52.512228,13.392216,125
10370,52.512300,13.392583,126
10370,52.512427,13.392907,127
10370,52.512553,13.393083,128
10370,52.512895,13.393390,129
10370,52.513057,13.393581,130
10370,52.513228,13.393934,131
10370,52.513292,13.394331,132
10370,52.513320,13.394950,133
10370,52.513321,13.395465,134
10370,52.513321,13.395465,135
10370,52.513268,13.395834,136
10370,52.513188,13.396246,137
10370,52.513153,13.396659,138
10370,52.513145,13.397116,139
10370,52.513092,13.397470,140
10370,52.511544,13.401219,141
10370,52.511428,13.401632,142
10370,52.511348,13.402089,143
10370,52.511279,13.403709,144
10345,52.525591,13.241253,0
10345,52.525396,13.242007,1
10345,52.525121,13.243158,2
10345,52.524987,13.243587,3
10345,52.524809,13.243957,4
10345,52.524567,13.244327,5
10345,52.524326,13.244580,6
10345,52.524092,13.244758,7
10345,52.523213,13.245090,8
10345,52.522836,13.245270,9
10345,52.522415,13.245613,10
10345,52.521922,13.246192,11
10345,52.521035,13.246995,12
10345,52.517127,13.250019,13
10345,52.516894,13.250286,14
10345,52.516715,13.250567,15
10345,52.516715,13.250567,16
10345,52.516483,13.251188,17
10345,52.516288,13.251882,18
10345,52.516129,13.252635,19
10345,52.516032,13.253402,20
10345,52.515989,13.253932,21
10345,52.515999,13.254418,22
10345,52.516183,13.255639,23
10345,52.516266,13.256478,24
10345,52.516296,13.257450,25
10345,52.516194,13.259234,26
10345,52.516194,13.259234,27
10345,52.516099,13.260487,28
10345,52.515984,13.261047,29
10345,52.515842,13.261505,30
10345,52.515663,13.261934,31
10345,52.512078,13.268032,32
10345,52.510861,13.269780,33
10345,52.510441,13.270490,34
10345,52.510182,13.271141,35
10345,52.510014,13.271746,36
10345,52.509854,13.272587,37
10345,52.509854,13.272587,38
10345,52.509626,13.274356,39
10345,52.509565,13.274990,40
10345,52.509567,13.275756,41
10345,52.510056,13.283101,42
10345,52.510056,13.283101,43
10345,52.510865,13.295836,44
10345,52.510865,13.295836,45
10345,52.511475,13.305140,46
10345,52.511475,13.305140,47
10345,52.511760,13.310735,48
10345,52.511760,13.310735,49
10345,52.511825,13.311781,50
10345,52.511963,13.312855,51
10345,52.512281,13.317625,52
10345,52.512575,13.320142,53
10345,52.512567,13.320466,54
10345,52.512532,13.320790,55
10345,52.512452,13.321085,56
10345,52.511780,13.322077,57
10345,52.511780,13.322077,58
10345,52.509380,13.325407,59
10345,52.509112,13.325836,60
10345,52.508817,13.326398,61
10345,52.505886,13.332972,62
10345,52.505886,13.332972,63
10345,52.505278,13.334301,64
10345,52.505207,13.334581,65
10345,52.505163,13.334906,66
10345,52.505128,13.335451,67
10345,52.505039,13.335805,68
10345,52.504878,13.336100,69
10345,52.504725,13.336249,70
10345,52.504376,13.336472,71
10345,52.504169,13.336694,72
10345,52.504035,13.336931,73
10345,52.502240,13.341463,74
10345,52.502008,13.342128,75
10345,52.501794,13.342968,76
10345,52.501794,13.342968,77
10345,52.500328,13.349987,78
10345,52.499359,13.354573,79
10345,52.499359,13.354573,80
10345,52.497839,13.361783,81
10345,52.497572,13.363139,82
10345,52.497572,13.363139,83
10345,52.497199,13.365188,84
10345,52.497184,13.366277,85
10345,52.496971,13.367471,86
10345,52.496927,13.367928,87
10345,52.496990,13.372051,88
10345,52.497054,13.372610,89
10345,52.497189,13.372992,90
10345,52.497424,13.373359,91
10345,52.497676,13.373593,92
10345,52.498890,13.374116,93
10345,52.499484,13.374289,94
10345,52.499484,13.374289,95
10345,52.499825,13.374346,96
10345,52.500140,13.374315,97
10345,52.500526,13.374151,98
10345,52.500903,13.374148,99
10345,52.501164,13.374176,100
10345,52.502081,13.374377,101
10345,52.503808,13.374927,102
10345,52.503808,13.374927,103
10345,52.504257,13.375131,104
10345,52.506021,13.376181,105
10345,52.506713,13.376413,106
10345,52.508297,13.377273,107
10345,52.508747,13.377653,108
10345,52.508990,13.377990,109
10345,52.508990,13.377990,110
10345,52.509477,13.378871,111
10345,52.509748,13.379238,112
10345,52.510675,13.380117,113
10345,52.510865,13.380410,114
10345,52.510991,13.380734,115
10345,52.511037,13.381101,116
10345,52.511128,13.381911,117
10345,52.511256,13.382617,118
10345,52.511573,13.384206,119
10345,52.511710,13.385030,120
10345,52.511710,13.385030,121
10345,52.511838,13.386105,122
10345,52.512125,13.390581,123
10345,52.512125,13.390581,124
10345,52.512228,13.392216,125
10345,52.512300,13.392583,126
10345,52.512427,13.392907,127
10345,52.512553,13.393083,128
10345,52.512895,13.393390,129
10345,52.513057,13.393581,130
10345,52.513228,13.393934,131
10345,52.513292,13.394331,132
10345,52.513320,13.394950,133
10345,52.513321,13.395465,134
10345,52.513321,13.395465,135
10345,52.513268,13.395834,136
10345,52.513188,13.396246,137
10345,52.513153,13.396659,138
10345,52.513145,13.397116,139
10345,52.513092,13.397470,140
10345,52.511544,13.401219,141
10345,52.511428,13.401632,142
10345,52.511348,13.402089,143
10345,52.511279,13.403709,144
10345,52.511279,13.403709,145
10345,52.511238,13.405595,146
10345,52.511257,13.406199,147
10345,52.511339,13.406817,148
10345,52.511872,13.408479,149
10345,52.512117,13.409597,150
10345,52.512307,13.410185,151
10345,52.512307,13.410185,152
10345,52.512533,13.410891,153
10345,52.512668,13.411244,154
10345,52.512884,13.411611,155
10345,52.513137,13.411860,156
10345,52.513415,13.412006,157
10345,52.516750,13.412520,158
10345,52.517200,13.412533,159
10345,52.517200,13.412533,160
10345,52.517505,13.412458,161
10345,52.517882,13.412147,162
10345,52.518600,13.411510,163
10345,52.518896,13.411420,164
10345,52.519094,13.411522,165
10345,52.519283,13.411712,166
10345,52.519409,13.411918,167
10345,52.519861,13.413006,168
10345,52.520321,13.414241,169
10345,52.520501,13.414565,170
10345,52.520699,13.414682,171
10345,52.520897,13.414739,172
10345,52.521122,13.414679,173
10345,52.521346,13.414546,174
10345,52.521759,13.414220,175
10336,52.525591,13.241253,0
10336,52.525396,13.242007,1
10336,52.525121,13.243158,2
10336,52.524987,13.243587,3
10336,52.524809,13.243957,4
10336,52.524567,13.244327,5
10336,52.524326,13.244580,6
10336,52.524092,13.244758,7
10336,52.523213,13.245090,8
10336,52.522836,13.245270,9
10336,52.522415,13.245613,10
10336,52.521922,13.246192,11
10336,52.521035,13.246995,12
10336,52.517127,13.250019,13
10336,52.516894,13.250286,14
10336,52.516715,13.250567,15
10336,52.516715,13.250567,16
10336,52.516483,13.251188,17
10336,52.516288,13.251882,18
10336,52.516129,13.252635,19
10336,52.516032,13.253402,20
10336,52.515989,13.253932,21
10336,52.515999,13.254418,22
10336,52.516183,13.255639,23
10336,52.516266,13.256478,24
10336,52.516296,13.257450,25
10336,52.516194,13.259234,26
10336,52.516194,13.259234,27
10336,52.516099,13.260487,28
10336,52.515984,13.261047,29
10336,52.515842,13.261505,30
10336,52.515663,13.261934,31
10336,52.512078,13.268032,32
10336,52.510861,13.269780,33
10336,52.510441,13.270490,34
10336,52.510182,13.271141,35
10336,52.510014,13.271746,36
10336,52.509854,13.272587,37
10336,52.509854,13.272587,38
10336,52.509626,13.274356,39
10336,52.509565,13.274990,40
10336,52.509567,13.275756,41
10336,52.510056,13.283101,42
10336,52.510056,13.283101,43
10336,52.510865,13.295836,44
10336,52.510865,13.295836,45
10336,52.511475,13.305140,46
10336,52.511475,13.305140,47
10336,52.511760,13.310735,48
10336,52.511760,13.310735,49
10336,52.511825,13.311781,50
10336,52.511963,13.312855,51
10336,52.512281,13.317625,52
10336,52.512575,13.320142,53
10336,52.512567,13.320466,54
10336,52.512532,13.320790,55
10336,52.512452,13.321085,56
10336,52.511780,13.322077,57
10336,52.511780,13.322077,58
10336,52.509380,13.325407,59
10336,52.509112,13.325836,60
10336,52.508817,13.326398,61
10336,52.505886,13.332972,62
10336,52.505886,13.332972,63
10336,52.505278,13.334301,64
10336,52.505207,13.334581,65
10336,52.505163,13.334906,66
10336,52.505128,13.335451,67
10336,52.505039,13.335805,68
10336,52.504878,13.336100,69
10336,52.504725,13.336249,70
10336,52.504376,13.336472,71
10336,52.504169,13.336694,72
10336,52.504035,13.336931,73
10336,52.502240,13.341463,74
10336,52.502008,13.342128,75
10336,52.501794,13.342968,76
10336,52.501794,13.342968,77
10336,52.500328,13.349987,78
10336,52.499359,13.354573,79
10336,52.499359,13.354573,80
10336,52.497839,13.361783,81
10336,52.497572,13.363139,82
10336,52.497572,13.363139,83
10336,52.497199,13.365188,84
10336,52.497184,13.366277,85
10336,52.496971,13.367471,86
10336,52.496927,13.367928,87
10336,52.496990,13.372051,88
10336,52.497054,13.372610,89
10336,52.497189,13.372992,90
10336,52.497424,13.373359,91
10336,52.497676,13.373593,92
10336,52.498890,13.374116,93
10336,52.499484,13.374289,94
10336,52.499484,13.374289,95
10336,52.499825,13.374346,96
10336,52.500140,13.374315,97
10336,52.500526,13.374151,98
10336,52.500903,13.374148,99
10336,52.501164,13.374176,100
10336,52.502081,13.374377,101
10336,52.503808,13.374927,102
10336,52.503808,13.374927,103
10336,52.504257,13.375131,104
10336,52.506021,13.376181,105
10336,52.506713,13.376413,106
10336,52.508297,13.377273,107
10336,52.508747,13.377653,108
10336,52.508990,13.377990,109
10336,52.508990,13.377990,110
10336,52.509477,13.378871,111
10336,52.509748,13.379238,112
10336,52.510675,13.380117,113
10336,52.510865,13.380410,114
10336,52.510991,13.380734,115
10336,52.511037,13.381101,116
10336,52.511128,13.381911,117
10336,52.511256,13.382617,118
10336,52.511573,13.384206,119
10336,52.511710,13.385030,120
10336,52.511710,13.385030,121
10336,52.511838,13.386105,122
10336,52.512125,13.390581,123
10336,52.512125,13.390581,124
10336,52.512228,13.392216,125
10336,52.512300,13.392583,126
10336,52.512427,13.392907,127
10336,52.512553,13.393083,128
10336,52.512895,13.393390,129
10336,52.513057,13.393581,130
10336,52.513228,13.393934,131
10336,52.513292,13.394331,132
10336,52.513320,13.394950,133
10336,52.513321,13.395465,134
10336,52.513321,13.395465,135
10336,52.513268,13.395834,136
10336,52.513188,13.396246,137
10336,52.513153,13.396659,138
10336,52.513145,13.397116,139
10336,52.513092,13.397470,140
10336,52.511544,13.401219,141
10336,52.511428,13.401632,142
10336,52.511348,13.402089,143
10336,52.511279,13.403709,144
10336,52.511279,13.403709,145
10336,52.511238,13.405595,146
10336,52.511257,13.406199,147
10336,52.511339,13.406817,148
10336,52.511872,13.408479,149
10336,52.512117,13.409597,150
10336,52.512307,13.410185,151
10336,52.512307,13.410185,152
10336,52.512533,13.410891,153
10336,52.512668,13.411244,154
10336,52.512884,13.411611,155
10336,52.513137,13.411860,156
10336,52.513415,13.412006,157
10336,52.516750,13.412520,158
10336,52.517200,13.412533,159
10336,52.517200,13.412533,160
10336,52.517505,13.412458,161
10336,52.517882,13.412147,162
10336,52.518600,13.411510,163
10336,52.518896,13.411420,164
10336,52.519094,13.411522,165
10336,52.519283,13.411712,166
10336,52.519409,13.411918,167
10336,52.519861,13.413006,168
10336,52.520321,13.414241,169
10336,52.520501,13.414565,170
10336,52.520699,13.414682,171
10336,52.520897,13.414739,172
10336,52.521122,13.414679,173
10336,52.521346,13.414546,174
10336,52.521759,13.414220,175
10336,52.521759,13.414220,176
10336,52.522046,13.413762,177
10336,52.522359,13.412979,178
10336,52.522968,13.411783,179
10336,52.523452,13.410970,180
10336,52.523908,13.410172,181
10336,52.524151,13.410009,182
10336,52.524366,13.409993,183
10336,52.524537,13.410066,184
10336,52.525833,13.411062,185
10336,52.526049,13.411164,186
10336,52.526301,13.411177,187
10336,52.526597,13.411087,188
10336,52.527683,13.410507,189
10336,52.527683,13.410507,190
10336,52.528949,13.409897,191
10336,52.529165,13.409867,192
10336,52.529372,13.409925,193
10336,52.529678,13.410203,194
10336,52.530443,13.411039,195
10336,52.531182,13.412141,196
10336,52.531488,13.412419,197
10336,52.531812,13.412609,198
10336,52.532423,13.412768,199
10336,52.532423,13.412768,200
10336,52.533160,13.412883,201
10336,52.533448,13.412896,202
10336,52.533709,13.412851,203
10336,52.535137,13.412549,204
10336,52.535568,13.412488,205
10336,52.538102,13.412240,206
10336,52.540474,13.412213,207
10336,52.541301,13.412209,208
10336,52.541975,13.412265,209
10336,52.541975,13.412265,210
10336,52.542541,13.412321,211
10336,52.542955,13.412319,212
10336,52.543629,13.412375,213
10336,52.543944,13.412432,214
10336,52.547675,13.413431,215
10336,52.547971,13.413489,216
10336,52.548439,13.413604,217
10336,52.549140,13.413734,218
10336,52.549140,13.413734,219
10336,52.550821,13.413991,220
10336,52.552071,13.414206,221
10336,52.554255,13.414667,222
10336,52.554552,13.414695,223
10336,52.554920,13.414649,224
10336,52.556789,13.414390,225
10336,52.557238,13.414255,226
10336,52.557642,13.414061,227
10336,52.558405,13.413527,228
10336,52.558818,13.413377,229
10336,52.559141,13.413317,230
10336,52.559141,13.413317,231
10336,52.561406,13.413144,232
10336,52.565035,13.412639,233
10336,52.565457,13.412534,234
10336,52.566032,13.412266,235
10336,52.566822,13.411775,236
10362,52.525591,13.241253,0
10362,52.525396,13.242007,1
10362,52.525121,13.243158,2
10362,52.524987,13.243587,3
10362,52.524809,13.243957,4
10362,52.524567,13.244327,5
10362,52.524326,13.244580,6
10362,52.524092,13.244758,7
10362,52.523213,13.245090,8
10362,52.522836,13.245270,9
10362,52.522415,13.245613,10
10362,52.521922,13.246192,11
10362,52.521035,13.246995,12
10362,52.517127,13.250019,13
10362,52.516894,13.250286,14
10362,52.516715,13.250567,15
10362,52.516715,13.250567,16
10362,52.516483,13.251188,17
10362,52.516288,13.251882,18
10362,52.516129,13.252635,19
10362,52.516032,13.253402,20
10362,52.515989,13.253932,21
10362,52.515999,13.254418,22
10362,52.516183,13.255639,23
10362,52.516266,13.256478,24
10362,52.516296,13.257450,25
10362,52.516194,13.259234,26
10362,52.516194,13.259234,27
10362,52.516099,13.260487,28
10362,52.515984,13.261047,29
10362,52.515842,13.261505,30
10362,52.515663,13.261934,31
10362,52.512078,13.268032,32
10362,52.510861,13.269780,33
10362,52.510441,13.270490,34
10362,52.510182,13.271141,35
10362,52.510014,13.271746,36
10362,52.509854,13.272587,37
10362,52.509854,13.272587,38
10362,52.509626,13.274356,39
10362,52.509565,13.274990,40
10362,52.509567,13.275756,41
10362,52.510056,13.283101,42
10362,52.510056,13.283101,43
10362,52.510865,13.295836,44
10362,52.510865,13.295836,45
10362,52.511475,13.305140,46
10362,52.511475,13.305140,47
10362,52.511760,13.310735,48
10362,52.511760,13.310735,49
10362,52.511825,13.311781,50
10362,52.511963,13.312855,51
10362,52.512281,13.317625,52
10362,52.512575,13.320142,53
10362,52.512567,13.320466,54
10362,52.512532,13.320790,55
10362,52.512452,13.321085,56
10362,52.511780,13.322077,57
10362,52.511780,13.322077,58
10362,52.509380,13.325407,59
10362,52.509112,13.325836,60
10362,52.508817,13.326398,61
10362,52.505886,13.332972,62
10362,52.505886,13.332972,63
10362,52.505278,13.334301,64
10362,52.505207,13.334581,65
10362,52.505163,13.334906,66
10362,52.505128,13.335451,67
10362,52.505039,13.335805,68
10362,52.504878,13.336100,69
10362,52.504725,13.336249,70
10362,52.504376,13.336472,71
10362,52.504169,13.336694,72
10362,52.504035,13.336931,73
10362,52.502240,13.341463,74
10362,52.502008,13.342128,75
10362,52.501794,13.342968,76
10362,52.501794,13.342968,77
10362,52.500328,13.349987,78
10362,52.499359,13.354573,79
10362,52.499359,13.354573,80
10362,52.497839,13.361783,81
10362,52.497572,13.363139,82
10362,52.497572,13.363139,83
10362,52.497199,13.365188,84
10362,52.497184,13.366277,85
10362,52.496971,13.367471,86
10362,52.496927,13.367928,87
10362,52.496990,13.372051,88
10362,52.497054,13.372610,89
10362,52.497189,13.372992,90
10362,52.497424,13.373359,91
10362,52.497676,13.373593,92
10362,52.498890,13.374116,93
10362,52.499484,13.374289,94
10362,52.499484,13.374289,95
10362,52.499825,13.374346,96
10362,52.500140,13.374315,97
10362,52.500526,13.374151,98
10362,52.500903,13.374148,99
10362,52.501164,13.374176,100
10362,52.502081,13.374377,101
10362,52.503808,13.374927,102
10362,52.503808,13.374927,103
10362,52.504257,13.375131,104
10362,52.506021,13.376181,105
10362,52.506713,13.376413,106
10362,52.508297,13.377273,107
10362,52.508747,13.377653,108
10362,52.508990,13.377990,109
10362,52.508990,13.377990,110
10362,52.509477,13.378871,111
10362,52.509748,13.379238,112
10362,52.510675,13.380117,113
10362,52.510865,13.380410,114
10362,52.510991,13.380734,115
10362,52.511037,13.381101,116
10362,52.511128,13.381911,117
10362,52.511256,13.382617,118
10362,52.511573,13.384206,119
10362,52.511710,13.385030,120
10362,52.511710,13.385030,121
10362,52.511838,13.386105,122
10362,52.512125,13.390581,123
10362,52.512125,13.390581,124
10362,52.512228,13.392216,125
10362,52.512300,13.392583,126
10362,52.512427,13.392907,127
10362,52.512553,13.393083,128
10362,52.512895,13.393390,129
10362,52.513057,13.393581,130
10362,52.513228,13.393934,131
10362,52.513292,13.394331,132
10362,52.513320,13.394950,133
10362,52.513321,13.395465,134
10362,52.513321,13.395465,135
10362,52.513268,13.395834,136
10362,52.513188,13.396246,137
10362,52.513153,13.396659,138
10362,52.513145,13.397116,139
10362,52.513092,13.397470,140
10362,52.511544,13.401219,141
10362,52.511428,13.401632,142
10362,52.511348,13.402089,143
10362,52.511279,13.403709,144
10362,52.511279,13.403709,145
10362,52.511238,13.405595,146
10362,52.511257,13.406199,147
10362,52.511339,13.406817,148
10362,52.511872,13.408479,149
10362,52.512117,13.409597,150
10362,52.512307,13.410185,151
10362,52.512307,13.410185,152
10362,52.512533,13.410891,153
10362,52.512668,13.411244,154
10362,52.512884,13.411611,155
10362,52.513137,13.411860,156
10362,52.513415,13.412006,157
10362,52.516750,13.412520,158
10362,52.517200,13.412533,159
10362,52.517200,13.412533,160
10362,52.517505,13.412458,161
10362,52.517882,13.412147,162
10362,52.518600,13.411510,163
10362,52.518896,13.411420,164
10362,52.519094,13.411522,165
10362,52.519283,13.411712,166
10362,52.519409,13.411918,167
10362,52.519861,13.413006,168
10362,52.520321,13.414241,169
10362,52.520501,13.414565,170
10362,52.520699,13.414682,171
10362,52.520897,13.414739,172
10362,52.521122,13.414679,173
10362,52.521346,13.414546,174
10362,52.521759,13.414220,175
10362,52.521759,13.414220,176
10362,52.522046,13.413762,177
10362,52.522359,13.412979,178
10362,52.522968,13.411783,179
10362,52.523452,13.410970,180
10362,52.523908,13.410172,181
10362,52.524151,13.410009,182
10362,52.524366,13.409993,183
10362,52.524537,13.410066,184
10362,52.525833,13.411062,185
10362,52.526049,13.411164,186
10362,52.526301,13.411177,187
10362,52.526597,13.411087,188
10362,52.527683,13.410507,189
10362,52.527683,13.410507,190
10362,52.528949,13.409897,191
10362,52.529165,13.409867,192
10362,52.529372,13.409925,193
10362,52.529678,13.410203,194
10362,52.530443,13.411039,195
10362,52.531182,13.412141,196
10362,52.531488,13.412419,197
10362,52.531812,13.412609,198
10362,52.532423,13.412768,199
10362,52.533160,13.412883,200
10362,52.533448,13.412896,201
10362,52.533709,13.412851,202
10362,52.535137,13.412549,203
10362,52.535568,13.412488,204
10362,52.538102,13.412240,205
10362,52.540474,13.412213,206
10362,52.541301,13.412209,207
10362,52.541975,13.412265,208
10362,52.541975,13.412265,209
10362,52.542541,13.412321,210
10362,52.542955,13.412319,211
10362,52.543629,13.412375,212
10362,52.543944,13.412432,213
10362,52.547675,13.413431,214
10362,52.547971,13.413489,215
10362,52.548439,13.413604,216
10362,52.549140,13.413734,217
10362,52.549140,13.413734,218
10362,52.550821,13.413991,219
10362,52.552071,13.414206,220
10362,52.554255,13.414667,221
10362,52.554552,13.414695,222
10362,52.554920,13.414649,223
10362,52.556789,13.414390,224
10362,52.557238,13.414255,225
10362,52.557642,13.414061,226
10362,52.558405,13.413527,227
10362,52.558818,13.413377,228
10362,52.559141,13.413317,229
10362,52.559141,13.413317,230
10362,52.561406,13.413144,231
10362,52.565035,13.412639,232
10362,52.565457,13.412534,233
10362,52.566032,13.412266,234
10362,52.566822,13.411775,235
10329,52.527674,13.410419,0
10329,52.526498,13.411014,1
10329,52.526256,13.411089,2
10329,52.526040,13.411061,3
10329,52.525833,13.410973,4
10329,52.524564,13.409992,5
10329,52.524366,13.409905,6
10329,52.524124,13.409921,7
10329,52.523836,13.410158,8
10329,52.523398,13.410926,9
10329,52.522869,13.411695,10
10329,52.522627,13.412153,11
10329,52.522000,13.413452,12
10329,52.521660,13.414014,13
10329,52.521660,13.414014,14
10329,52.521453,13.414280,15
10329,52.521220,13.414517,16
10329,52.520960,13.414621,17
10329,52.520708,13.414564,18
10329,52.520537,13.414417,19
10329,52.520366,13.414153,20
10329,52.519960,13.413094,21
10329,52.519418,13.411785,22
10329,52.519238,13.411506,23
10329,52.519040,13.411360,24
10329,52.518797,13.411288,25
10329,52.518591,13.411377,26
10329,52.518115,13.411821,27
10329,52.517729,13.412162,28
10329,52.517424,13.412281,29
10329,52.517190,13.412327,30
10329,52.517190,13.412327,31
10329,52.516651,13.412359,32
10329,52.513460,13.411903,33
10329,52.513199,13.411786,34
10329,52.512920,13.411508,35
10329,52.512731,13.411214,36
10329,52.512370,13.410141,37
10329,52.512370,13.410141,38
10329,52.512189,13.409523,39
10329,52.511926,13.408478,40
10329,52.511402,13.406758,41
10329,52.511320,13.406198,42
10329,52.511283,13.405595,43
10329,52.511342,13.403709,44
10329,52.511342,13.403709,45
10329,52.511393,13.402148,46
10329,52.511482,13.401646,47
10329,52.511607,13.401233,48
10329,52.513101,13.397602,49
10329,52.513199,13.397292,50
10329,52.513208,13.397012,51
10329,52.513233,13.396394,52
10329,52.513340,13.395863,53
10329,52.513384,13.395479,54
10329,52.513384,13.395479,55
10329,52.513383,13.394964,56
10329,52.513346,13.394301,57
10329,52.513273,13.393889,58
10329,52.513138,13.393536,59
10329,52.512985,13.393346,60
10329,52.512616,13.393009,61
10329,52.512471,13.392848,62
10329,52.512354,13.392539,63
10329,52.512290,13.392142,64
10329,52.512197,13.390566,65
10329,52.512197,13.390566,66
10329,52.511919,13.386105,67
10329,52.511791,13.385001,68
10329,52.511791,13.385001,69
10329,52.511654,13.384191,70
10329,52.511382,13.382955,71
10329,52.511228,13.382087,72
10329,52.511100,13.381072,73
10329,52.511036,13.380719,74
10329,52.510909,13.380336,75
10329,52.510684,13.379955,76
10329,52.510018,13.379354,77
10329,52.509657,13.378988,78
10329,52.509378,13.378533,79
10329,52.509035,13.377902,80
10329,52.509035,13.377902,81
10329,52.508783,13.377565,82
10329,52.508315,13.377169,83
10329,52.506749,13.376295,84
10329,52.506057,13.376092,85
10329,52.505580,13.375830,86
10329,52.504275,13.375072,87
10329,52.503816,13.374853,88
10329,52.503816,13.374853,89
10329,52.501946,13.374275,90
10329,52.500759,13.374032,91
10329,52.500418,13.374048,92
10329,52.500058,13.374139,93
10329,52.499816,13.374140,94
10329,52.499501,13.374083,95
10329,52.499501,13.374083,96
10329,52.498305,13.373810,97
10329,52.497613,13.373475,98
10329,52.497451,13.373300,99
10329,52.497216,13.372918,100
10329,52.497107,13.372565,101
10329,52.497025,13.371991,102
10329,52.496972,13.367943,103
10329,52.497007,13.367501,104
10329,52.497229,13.366292,105
10329,52.497226,13.365188,106
10329,52.497608,13.363153,107
10329,52.497608,13.363153,108
10329,52.497875,13.361782,109
10329,52.499395,13.354587,110
10329,52.499395,13.354587,111
10329,52.500364,13.350002,112
10329,52.501857,13.342997,113
10329,52.501857,13.342997,114
10329,52.502053,13.342172,115
10329,52.502276,13.341507,116
10329,52.504071,13.336989,117
10329,52.504196,13.336738,118
10329,52.504385,13.336546,119
10329,52.504726,13.336352,120
10329,52.504914,13.336144,121
10329,52.505075,13.335849,122
10329,52.505164,13.335451,123
10329,52.505198,13.334905,124
10329,52.505243,13.334625,125
10329,52.505350,13.334286,126
10329,52.505922,13.333016,127
10329,52.505922,13.333016,128
10329,52.508862,13.326442,129
10329,52.509157,13.325865,130
10329,52.509425,13.325451,131
10329,52.511798,13.322121,132
10329,52.511798,13.322121,133
10329,52.512506,13.321100,134
10329,52.512595,13.320790,135
10329,52.512639,13.320465,136
10329,52.512638,13.320141,137
10329,52.512344,13.317507,138
10329,52.512017,13.312840,139
10329,52.511966,13.310704,140
10329,52.511966,13.310704,141
10329,52.511520,13.305125,142
10329,52.511520,13.305125,143
10329,52.510901,13.295836,144
10329,52.510901,13.295836,145
10329,52.510110,13.283086,146
10329,52.510110,13.283086,147
10329,52.509621,13.275755,148
10329,52.509619,13.275004,149
10329,52.509671,13.274356,150
10329,52.509908,13.272601,151
10372,52.532432,13.412650,0
10372,52.541975,13.412265,1
10372,52.541975,13.412265,2
10372,52.542541,13.412321,3
10372,52.542955,13.412319,4
10372,52.543629,13.412375,5
10372,52.543944,13.412432,6
10372,52.547675,13.413431,7
10372,52.547971,13.413489,8
10372,52.548439,13.413604,9
10372,52.549140,13.413734,10
10372,52.549140,13.413734,11
10372,52.550821,13.413991,12
10372,52.552071,13.414206,13
10372,52.554255,13.414667,14
10372,52.554552,13.414695,15
10372,52.554920,13.414649,16
10372,52.556789,13.414390,17
10372,52.557238,13.414255,18
10372,52.557642,13.414061,19
10372,52.558405,13.413527,20
10372,52.558818,13.413377,21
10372,52.559141,13.413317,22
10372,52.559141,13.413317,23
10372,52.561406,13.413144,24
10372,52.565035,13.412639,25
10372,52.565457,13.412534,26
10372,52.566032,13.412266,27
10372,52.566822,13.411775,28
10459,52.535145,13.199832,0
10459,52.536054,13.200132,1
10459,52.537196,13.200283,2
10459,52.537682,13.200500,3
10459,52.538042,13.200791,4
10459,52.538449,13.201303,5
10459,52.538811,13.202051,6
10459,52.539038,13.202815,7
10459,52.539168,13.203831,8
10459,52.539144,13.204789,9
10459,52.539012,13.205454,10
10459,52.538790,13.206296,11
10459,52.538790,13.206296,12
10459,52.538373,13.207700,13
10459,52.538135,13.208970,14
10459,52.538084,13.209796,15
10459,52.538114,13.210739,16
10459,52.538364,13.212873,17
10459,52.538413,13.213964,18
10459,52.538317,13.214996,19
10459,52.538167,13.215779,20
10459,52.537598,13.217538,21
10459,52.537598,13.217538,22
10459,52.537180,13.218853,23
10459,52.537039,13.219606,24
10459,52.536934,13.220433,25
10459,52.536911,13.221612,26
10459,52.536931,13.221965,27
10459,52.537943,13.228942,28
10459,52.538685,13.233195,29
10459,52.538685,13.233195,30
10459,52.538868,13.234328,31
10459,52.538954,13.235816,32
10459,52.538951,13.237525,33
10459,52.538830,13.239118,34
10459,52.538244,13.243869,35
10459,52.538096,13.245433,36
10459,52.537968,13.247556,37
10459,52.537968,13.247556,38
10459,52.536936,13.262495,39
10458,52.535145,13.199832,0
10458,52.536054,13.200132,1
10458,52.537196,13.200283,2
10458,52.537682,13.200500,3
10458,52.538042,13.200791,4
10458,52.538449,13.201303,5
10458,52.538811,13.202051,6
10458,52.539038,13.202815,7
10458,52.539168,13.203831,8
10458,52.539144,13.204789,9
10458,52.539012,13.205454,10
10458,52.538790,13.206296,11
10458,52.538790,13.206296,12
10458,52.538373,13.207700,13
10458,52.538135,13.208970,14
10458,52.538084,13.209796,15
10458,52.538114,13.210739,16
10458,52.538364,13.212873,17
10458,52.538413,13.213964,18
10458,52.538317,13.214996,19
10458,52.538167,13.215779,20
10458,52.537598,13.217538,21
10458,52.537598,13.217538,22
10458,52.537180,13.218853,23
10458,52.537039,13.219606,24
10458,52.536934,13.220433,25
10458,52.536911,13.221612,26
10458,52.536931,13.221965,27
10458,52.537943,13.228942,28
10458,52.538685,13.233195,29
10458,52.538685,13.233195,30
10458,52.538868,13.234328,31
10458,52.538954,13.235816,32
10458,52.538951,13.237525,33
10458,52.538830,13.239118,34
10458,52.538244,13.243869,35
10458,52.538096,13.245433,36
10458,52.537968,13.247556,37
10458,52.537968,13.247556,38
10458,52.536936,13.262495,39
10458,52.536936,13.262495,40
10458,52.536842,13.263940,41
10458,52.536767,13.265974,42
10458,52.536695,13.271840,43
10458,52.536725,13.272695,44
10458,52.536725,13.272695,45
10458,52.536886,13.275479,46
10458,52.536880,13.276658,47
10458,52.536606,13.284339,48
10458,52.536585,13.286255,49
10458,52.536585,13.286255,50
10458,52.536619,13.288716,51
10458,52.536534,13.290441,52
10458,52.536201,13.293685,53
10458,52.536201,13.293685,54
10458,52.535993,13.296148,55
10458,52.535753,13.297403,56
10458,52.535432,13.298333,57
10458,52.535012,13.299059,58
10458,52.534529,13.299667,59
10458,52.533954,13.300054,60
10458,52.533210,13.300398,61
10458,52.530955,13.300651,62
10458,52.530955,13.300651,63
10458,52.529931,13.300968,64
10458,52.529366,13.301237,65
10458,52.528729,13.301610,66
10458,52.528200,13.302071,67
10458,52.527573,13.302812,68
10458,52.526266,13.304811,69
10458,52.526266,13.304811,70
10458,52.525881,13.305212,71
10458,52.525325,13.305673,72
10458,52.524642,13.305943,73
10458,52.524085,13.305991,74
10458,52.523474,13.305907,75
10458,52.522692,13.305972,76
10458,52.521543,13.306393,77
10458,52.520807,13.306575,78
10458,52.519998,13.306478,79
10458,52.519305,13.306306,80
10458,52.518649,13.306296,81
10458,52.517634,13.306465,82
10458,52.516628,13.306590,83
10457,52.535145,13.199832,0
10457,52.536054,13.200132,1
10457,52.537196,13.200283,2
10457,52.537682,13.200500,3
10457,52.538042,13.200791,4
10457,52.538449,13.201303,5
10457,52.538811,13.202051,6
10457,52.539038,13.202815,7
10457,52.539168,13.203831,8
10457,52.539144,13.204789,9
10457,52.539012,13.205454,10
10457,52.538790,13.206296,11
10457,52.538790,13.206296,12
10457,52.538373,13.207700,13
10457,52.538135,13.208970,14
10457,52.538084,13.209796,15
10457,52.538114,13.210739,16
10457,52.538364,13.212873,17
10457,52.538413,13.213964,18
10457,52.538317,13.214996,19
10457,52.538167,13.215779,20
10457,52.537598,13.217538,21
10457,52.537598,13.217538,22
10457,52.537180,13.218853,23
10457,52.537039,13.219606,24
10457,52.536934,13.220433,25
10457,52.536911,13.221612,26
10457,52.536931,13.221965,27
10457,52.537943,13.228942,28
10457,52.538685,13.233195,29
10457,52.538685,13.233195,30
10457,52.538868,13.234328,31
10457,52.538954,13.235816,32
10457,52.538951,13.237525,33
10457,52.538830,13.239118,34
10457,52.538244,13.243869,35
10457,52.538096,13.245433,36
10457,52.537968,13.247556,37
10457,52.537968,13.247556,38
10457,52.536936,13.262495,39
10457,52.536936,13.262495,40
10457,52.536842,13.263940,41
10457,52.536767,13.265974,42
10457,52.536695,13.271840,43
10457,52.536725,13.272695,44
10457,52.536725,13.272695,45
10457,52.536886,13.275479,46
10457,52.536880,13.276658,47
10457,52.536606,13.284339,48
10457,52.536585,13.286255,49
10457,52.536585,13.286255,50
10457,52.536619,13.288716,51
10457,52.536534,13.290441,52
10457,52.536201,13.293685,53
10457,52.536201,13.293685,54
10457,52.535993,13.296148,55
10457,52.535753,13.297403,56
10457,52.535432,13.298333,57
10457,52.535012,13.299059,58
10457,52.534529,13.299667,59
10457,52.533954,13.300054,60
10457,52.533210,13.300398,61
10457,52.530955,13.300651,62
10457,52.530955,13.300651,63
10457,52.529931,13.300968,64
10457,52.529366,13.301237,65
10457,52.528729,13.301610,66
10457,52.528200,13.302071,67
10457,52.527573,13.302812,68
10457,52.526266,13.304811,69
10457,52.526266,13.304811,70
10457,52.525881,13.305212,71
10457,52.525325,13.305673,72
10457,52.524642,13.305943,73
10457,52.524085,13.305991,74
10457,52.523474,13.305907,75
10457,52.522692,13.305972,76
10457,52.521543,13.306393,77
10457,52.520807,13.306575,78
10457,52.519998,13.306478,79
10457,52.519305,13.306306,80
10457,52.518649,13.306296,81
10457,52.517634,13.306465,82
10457,52.516628,13.306590,83
10457,52.516628,13.306590,84
10457,52.516269,13.306652,85
10457,52.515685,13.306568,86
10457,52.515064,13.306307,87
10457,52.513857,13.305432,88
10457,52.513209,13.305142,89
10457,52.512436,13.305030,90
10457,52.512041,13.305018,91
10457,52.511502,13.305111,92
10457,52.511502,13.305111,93
10457,52.506572,13.306634,94
10457,52.506572,13.306634,95
10457,52.503071,13.307749,96
10457,52.502424,13.307827,97
10457,52.501767,13.307714,98
10457,52.500787,13.307339,99
10457,52.500041,13.307256,100
10457,52.500041,13.307256,101
10457,52.499304,13.307305,102
10457,52.495927,13.308257,103
10457,52.495245,13.308571,104
10457,52.494590,13.309003,105
10457,52.494590,13.309003,106
10457,52.494035,13.309464,107
10457,52.493398,13.310175,108
10457,52.490426,13.314260,109
10451,52.535145,13.199832,0
10451,52.536054,13.200132,1
10451,52.537196,13.200283,2
10451,52.537682,13.200500,3
10451,52.538042,13.200791,4
10451,52.538449,13.201303,5
10451,52.538811,13.202051,6
10451,52.539038,13.202815,7
10451,52.539168,13.203831,8
10451,52.539144,13.204789,9
10451,52.539012,13.205454,10
10451,52.538790,13.206296,11
10451,52.538790,13.206296,12
10451,52.538373,13.207700,13
10451,52.538135,13.208970,14
10451,52.538084,13.209796,15
10451,52.538114,13.210739,16
10451,52.538364,13.212873,17
10451,52.538413,13.213964,18
10451,52.538317,13.214996,19
10451,52.538167,13.215779,20
10451,52.537598,13.217538,21
10451,52.537598,13.217538,22
10451,52.537180,13.218853,23
10451,52.537039,13.219606,24
10451,52.536934,13.220433,25
10451,52.536911,13.221612,26
10451,52.536931,13.221965,27
10451,52.537943,13.228942,28
10451,52.538685,13.233195,29
10451,52.538685,13.233195,30
10451,52.538868,13.234328,31
10451,52.538954,13.235816,32
10451,52.538951,13.237525,33
10451,52.538830,13.239118,34
10451,52.538244,13.243869,35
10451,52.538096,13.245433,36
10451,52.537968,13.247556,37
10451,52.537968,13.247556,38
10451,52.536936,13.262495,39
10451,52.536936,13.262495,40
10451,52.536842,13.263940,41
10451,52.536767,13.265974,42
10451,52.536695,13.271840,43
10451,52.536725,13.272695,44
10451,52.536725,13.272695,45
10451,52.536886,13.275479,46
10451,52.536880,13.276658,47
10451,52.536606,13.284339,48
10451,52.536585,13.286255,49
10451,52.536585,13.286255,50
10451,52.536619,13.288716,51
10451,52.536534,13.290441,52
10451,52.536201,13.293685,53
10451,52.536201,13.293685,54
10451,52.535993,13.296148,55
10451,52.535753,13.297403,56
10451,52.535432,13.298333,57
10451,52.535012,13.299059,58
10451,52.534529,13.299667,59
10451,52.533954,13.300054,60
10451,52.533210,13.300398,61
10451,52.530955,13.300651,62
10451,52.530955,13.300651,63
10451,52.529931,13.300968,64
10451,52.529366,13.301237,65
10451,52.528729,13.301610,66
10451,52.528200,13.302071,67
10451,52.527573,13.302812,68
10451,52.526266,13.304811,69
10451,52.526266,13.304811,70
10451,52.525881,13.305212,71
10451,52.525325,13.305673,72
10451,52.524642,13.305943,73
10451,52.524085,13.305991,74
10451,52.523474,13.305907,75
10451,52.522692,13.305972,76
10451,52.521543,13.306393,77
10451,52.520807,13.306575,78
10451,52.519998,13.306478,79
10451,52.519305,13.306306,80
10451,52.518649,13.306296,81
10451,52.517634,13.306465,82
10451,52.516628,13.306590,83
10451,52.516628,13.306590,84
10451,52.516269,13.306652,85
10451,52.515685,13.306568,86
10451,52.515064,13.306307,87
10451,52.513857,13.305432,88
10451,52.513209,13.305142,89
10451,52.512436,13.305030,90
10451,52.512041,13.305018,91
10451,52.511502,13.305111,92
10451,52.511502,13.305111,93
10451,52.506572,13.306634,94
10451,52.506572,13.306634,95
10451,52.503071,13.307749,96
10451,52.502424,13.307827,97
10451,52.501767,13.307714,98
10451,52.500787,13.307339,99
10451,52.500041,13.307256,100
10451,52.500041,13.307256,101
10451,52.499304,13.307305,102
10451,52.495927,13.308257,103
10451,52.495245,13.308571,104
10451,52.494590,13.309003,105
10451,52.494590,13.309003,106
10451,52.494035,13.309464,107
10451,52.493398,13.310175,108
10451,52.490426,13.314260,109
10451,52.490426,13.314260,110
10451,52.489360,13.315563,111
10451,52.488894,13.316258,112
10451,52.486783,13.319820,113
10451,52.486559,13.320381,114
10451,52.486409,13.321133,115
10451,52.486357,13.321928,116
10451,52.486357,13.321928,117
10451,52.486448,13.326020,118
10451,52.486595,13.327300,119
10451,52.487278,13.330990,120
10451,52.487278,13.330990,121
10451,52.488027,13.335549,122
10451,52.488173,13.336505,123
10451,52.488652,13.341507,124
10451,52.488652,13.341507,125
10451,52.489536,13.350349,126
10451,52.489536,13.350349,127
10451,52.490381,13.358427,128
10451,52.490374,13.359369,129
10451,52.490340,13.360208,130
10451,52.490340,13.360208,131
10451,52.490298,13.361445,132
10451,52.490637,13.364329,133
10451,52.490783,13.365137,134
10451,52.491027,13.365887,135
10451,52.491307,13.366548,136
10451,52.492226,13.367794,137
10451,52.492524,13.368293,138
10451,52.492768,13.368968,139
10451,52.492914,13.369939,140
10451,52.492970,13.370896,141
10451,52.492970,13.370896,142
10451,52.493008,13.372029,143
10451,52.493199,13.373000,144
10451,52.493480,13.373823,145
10451,52.493840,13.374469,146
10451,52.494282,13.375011,147
10451,52.494795,13.375406,148
10451,52.496603,13.376396,149
10451,52.497053,13.376703,150
10451,52.497450,13.377143,151
10451,52.497855,13.377759,152
10451,52.498180,13.378493,153
10451,52.498461,13.379434,154
10451,52.498580,13.380405,155
10451,52.498666,13.383173,156
10451,52.498666,13.383173,157
10451,52.498650,13.383924,158
10451,52.498455,13.385162,159
10451,52.497983,13.387182,160
10451,52.497813,13.387713,161
10451,52.497634,13.388126,162
10451,52.497347,13.388584,163
10451,52.497025,13.388969,164
10451,52.496648,13.389309,165
10451,52.496127,13.389592,166
10451,52.495687,13.389668,167
10451,52.495210,13.389406,168
10451,52.494517,13.388776,169
10451,52.494517,13.388776,170
10451,52.494193,13.388483,171
10451,52.493797,13.388221,172
10451,52.493410,13.388046,173
10451,52.493141,13.388033,174
10451,52.492862,13.388226,175
10451,52.492656,13.388477,176
10451,52.492504,13.388831,177
10451,52.492388,13.389288,178
10451,52.492291,13.390275,179
10451,52.492177,13.391277,180
10451,52.491287,13.395698,181
10451,52.491287,13.395698,182
10451,52.489622,13.403981,183
10451,52.489551,13.404438,184
10451,52.489516,13.404879,185
10451,52.489554,13.405998,186
10451,52.489492,13.406764,187
10451,52.489180,13.407884,188
10451,52.489180,13.407884,189
10451,52.488894,13.408916,190
10451,52.487298,13.420701,191
10451,52.487093,13.421585,192
10451,52.486324,13.424136,193
10450,52.535145,13.199832,0
10450,52.536054,13.200132,1
10450,52.537196,13.200283,2
10450,52.537682,13.200500,3
10450,52.538042,13.200791,4
10450,52.538449,13.201303,5
10450,52.538811,13.202051,6
10450,52.539038,13.202815,7
10450,52.539168,13.203831,8
10450,52.539144,13.204789,9
10450,52.539012,13.205454,10
10450,52.538790,13.206296,11
10450,52.538790,13.206296,12
10450,52.538373,13.207700,13
10450,52.538135,13.208970,14
10450,52.538084,13.209796,15
10450,52.538114,13.210739,16
10450,52.538364,13.212873,17
10450,52.538413,13.213964,18
10450,52.538317,13.214996,19
10450,52.538167,13.215779,20
10450,52.537598,13.217538,21
10450,52.537598,13.217538,22
10450,52.537180,13.218853,23
10450,52.537039,13.219606,24
10450,52.536934,13.220433,25
10450,52.536911,13.221612,26
10450,52.536931,13.221965,27
10450,52.537943,13.228942,28
10450,52.538685,13.233195,29
10450,52.538685,13.233195,30
10450,52.538868,13.234328,31
10450,52.538954,13.235816,32
10450,52.538951,13.237525,33
10450,52.538830,13.239118,34
10450,52.538244,13.243869,35
10450,52.538096,13.245433,36
10450,52.537968,13.247556,37
10450,52.537968,13.247556,38
10450,52.536936,13.262495,39
10450,52.536936,13.262495,40
10450,52.536842,13.263940,41
10450,52.536767,13.265974,42
10450,52.536695,13.271840,43
10450,52.536725,13.272695,44
10450,52.536725,13.272695,45
10450,52.536886,13.275479,46
10450,52.536880,13.276658,47
10450,52.536606,13.284339,48
10450,52.536585,13.286255,49
10450,52.536585,13.286255,50
10450,52.536619,13.288716,51
10450,52.536534,13.290441,52
10450,52.536201,13.293685,53
10450,52.536201,13.293685,54
10450,52.535993,13.296148,55
10450,52.535753,13.297403,56
10450,52.535432,13.298333,57
10450,52.535012,13.299059,58
10450,52.534529,13.299667,59
10450,52.533954,13.300054,60
10450,52.533210,13.300398,61
10450,52.530955,13.300651,62
10450,52.530955,13.300651,63
10450,52.529931,13.300968,64
10450,52.529366,13.301237,65
10450,52.528729,13.301610,66
10450,52.528200,13.302071,67
10450,52.527573,13.302812,68
10450,52.526266,13.304811,69
10450,52.526266,13.304811,70
10450,52.525881,13.305212,71
10450,52.525325,13.305673,72
10450,52.524642,13.305943,73
10450,52.524085,13.305991,74
10450,52.523474,13.305907,75
10450,52.522692,13.305972,76
10450,52.521543,13.306393,77
10450,52.520807,13.306575,78
10450,52.519998,13.306478,79
10450,52.519305,13.306306,80
10450,52.518649,13.306296,81
10450,52.517634,13.306465,82
10450,52.516628,13.306590,83
10450,52.516628,13.306590,84
10450,52.516269,13.306652,85
10450,52.515685,13.306568,86
10450,52.515064,13.306307,87
10450,52.513857,13.305432,88
10450,52.513209,13.305142,89
10450,52.512436,13.305030,90
10450,52.512041,13.305018,91
10450,52.511502,13.305111,92
10450,52.511502,13.305111,93
10450,52.506572,13.306634,94
10450,52.506572,13.306634,95
10450,52.503071,13.307749,96
10450,52.502424,13.307827,97
10450,52.501767,13.307714,98
10450,52.500787,13.307339,99
10450,52.500041,13.307256,100
10450,52.500041,13.307256,101
10450,52.499304,13.307305,102
10450,52.495927,13.308257,103
10450,52.495245,13.308571,104
10450,52.494590,13.309003,105
10450,52.494590,13.309003,106
10450,52.494035,13.309464,107
10450,52.493398,13.310175,108
10450,52.490426,13.314260,109
10450,52.490426,13.314260,110
10450,52.489360,13.315563,111
10450,52.488894,13.316258,112
10450,52.486783,13.319820,113
10450,52.486559,13.320381,114
10450,52.486409,13.321133,115
10450,52.486357,13.321928,116
10450,52.486357,13.321928,117
10450,52.486448,13.326020,118
10450,52.486595,13.327300,119
10450,52.487278,13.330990,120
10450,52.487278,13.330990,121
10450,52.488027,13.335549,122
10450,52.488173,13.336505,123
10450,52.488652,13.341507,124
10450,52.488652,13.341507,125
10450,52.489536,13.350349,126
10450,52.489536,13.350349,127
10450,52.490381,13.358427,128
10450,52.490374,13.359369,129
10450,52.490340,13.360208,130
10450,52.490340,13.360208,131
10450,52.490298,13.361445,132
10450,52.490637,13.364329,133
10450,52.490783,13.365137,134
10450,52.491027,13.365887,135
10450,52.491307,13.366548,136
10450,52.492226,13.367794,137
10450,52.492524,13.368293,138
10450,52.492768,13.368968,139
10450,52.492914,13.369939,140
10450,52.492970,13.370896,141
10450,52.492970,13.370896,142
10450,52.493008,13.372029,143
10450,52.493199,13.373000,144
10450,52.493480,13.373823,145
10450,52.493840,13.374469,146
10450,52.494282,13.375011,147
10450,52.494795,13.375406,148
10450,52.496603,13.376396,149
10450,52.497053,13.376703,150
10450,52.497450,13.377143,151
10450,52.497855,13.377759,152
10450,52.498180,13.378493,153
10450,52.498461,13.379434,154
10450,52.498580,13.380405,155
10450,52.498666,13.383173,156
10450,52.498666,13.383173,157
10450,52.498650,13.383924,158
10450,52.498455,13.385162,159
10450,52.497983,13.387182,160
10450,52.497813,13.387713,161
10450,52.497634,13.388126,162
10450,52.497347,13.388584,163
10450,52.497025,13.388969,164
10450,52.496648,13.389309,165
10450,52.496127,13.389592,166
10450,52.495687,13.389668,167
10450,52.495210,13.389406,168
10450,52.494517,13.388776,169
10450,52.494517,13.388776,170
10450,52.494193,13.388483,171
10450,52.493797,13.388221,172
10450,52.493410,13.388046,173
10450,52.493141,13.388033,174
10450,52.492862,13.388226,175
10450,52.492656,13.388477,176
10450,52.492504,13.388831,177
10450,52.492388,13.389288,178
10450,52.492291,13.390275,179
10450,52.492177,13.391277,180
10450,52.491287,13.395698,181
10450,52.491287,13.395698,182
10450,52.489622,13.403981,183
10450,52.489551,13.404438,184
10450,52.489516,13.404879,185
10450,52.489554,13.405998,186
10450,52.489492,13.406764,187
10450,52.489180,13.407884,188
10450,52.489180,13.407884,189
10450,52.488894,13.408916,190
10450,52.487298,13.420701,191
10450,52.487093,13.421585,192
10450,52.486324,13.424136,193
10450,52.486324,13.424136,194
10450,52.482564,13.432646,195
10450,52.482134,13.433384,196
10450,52.481686,13.434019,197
10450,52.481686,13.434019,198
10450,52.479812,13.436779,199
10450,52.479354,13.437267,200
10450,52.477433,13.438659,201
10450,52.476518,13.439163,202
10450,52.476518,13.439163,203
10450,52.474946,13.439891,204
10450,52.472971,13.440988,205
10450,52.472584,13.441122,206
10450,52.468667,13.441757,207
10450,52.468667,13.441757,208
10450,52.465981,13.442224,209
10450,52.465568,13.442344,210
10450,52.465236,13.442595,211
10450,52.464015,13.443792,212
10450,52.463593,13.444147,213
10450,52.462777,13.444739,214
10450,52.462777,13.444739,215
10450,52.458037,13.448260,216
10450,52.457534,13.448512,217
10450,52.456950,13.448558,218
10450,52.456537,13.448501,219
10450,52.456168,13.448370,220
10450,52.455682,13.448240,221
10450,52.455179,13.448227,222
10450,52.453356,13.448676,223
10450,52.452161,13.449107,224
10450,52.452161,13.449107,225
10450,52.450823,13.449554,226
10450,52.449718,13.449852,227
10450,52.448640,13.449989,228
10450,52.447948,13.450006,229
10450,52.447238,13.449980,230
10450,52.446581,13.449924,231
10450,52.445844,13.449824,232
10450,52.445332,13.449723,233
10450,52.444739,13.449519,234
10450,52.444739,13.449519,235
10450,52.444325,13.449315,236
10450,52.443938,13.449081,237
10450,52.443623,13.448803,238
10450,52.442552,13.447778,239
10450,52.442318,13.447558,240
10450,52.441913,13.447310,241
10450,52.441419,13.447121,242
10450,52.440898,13.447049,243
10450,52.440287,13.447111,244
10450,52.437826,13.448047,245
10470,52.535145,13.199832,0
10470,52.536054,13.200132,1
10470,52.537196,13.200283,2
10470,52.537682,13.200500,3
10470,52.538042,13.200791,4
10470,52.538449,13.201303,5
10470,52.538811,13.202051,6
10470,52.539038,13.202815,7
10470,52.539168,13.203831,8
10470,52.539144,13.204789,9
10470,52.539012,13.205454,10
10470,52.538790,13.206296,11
10470,52.538790,13.206296,12
10470,52.538373,13.207700,13
10470,52.538135,13.208970,14
10470,52.538084,13.209796,15
10470,52.538114,13.210739,16
10470,52.538364,13.212873,17
10470,52.538413,13.213964,18
10470,52.538317,13.214996,19
10470,52.538167,13.215779,20
10470,52.537598,13.217538,21
10470,52.537598,13.217538,22
10470,52.537180,13.218853,23
10470,52.537039,13.219606,24
10470,52.536934,13.220433,25
10470,52.536911,13.221612,26
10470,52.536931,13.221965,27
10470,52.537943,13.228942,28
10470,52.538685,13.233195,29
10470,52.538685,13.233195,30
10470,52.538868,13.234328,31
10470,52.538954,13.235816,32
10470,52.538951,13.237525,33
10470,52.538830,13.239118,34
10470,52.538244,13.243869,35
10470,52.538096,13.245433,36
10470,52.537968,13.247556,37
10470,52.537968,13.247556,38
10470,52.536936,13.262495,39
10470,52.536936,13.262495,40
10470,52.536842,13.263940,41
10470,52.536767,13.265974,42
10470,52.536695,13.271840,43
10470,52.536725,13.272695,44
10470,52.536725,13.272695,45
10470,52.536886,13.275479,46
10470,52.536880,13.276658,47
10470,52.536606,13.284339,48
10470,52.536585,13.286255,49
10470,52.536585,13.286255,50
10470,52.536619,13.288716,51
10470,52.536534,13.290441,52
10470,52.536201,13.293685,53
10470,52.536201,13.293685,54
10470,52.535993,13.296148,55
10470,52.535753,13.297403,56
10470,52.535432,13.298333,57
10470,52.535012,13.299059,58
10470,52.534529,13.299667,59
10470,52.533954,13.300054,60
10470,52.533210,13.300398,61
10470,52.530955,13.300651,62
10470,52.530955,13.300651,63
10470,52.529931,13.300968,64
10470,52.529366,13.301237,65
10470,52.528729,13.301610,66
10470,52.528200,13.302071,67
10470,52.527573,13.302812,68
10470,52.526266,13.304811,69
10470,52.526266,13.304811,70
10470,52.525881,13.305212,71
10470,52.525325,13.305673,72
10470,52.524642,13.305943,73
10470,52.524085,13.305991,74
10470,52.523474,13.305907,75
10470,52.522692,13.305972,76
10470,52.521543,13.306393,77
10470,52.520807,13.306575,78
10470,52.519998,13.306478,79
10470,52.519305,13.306306,80
10470,52.518649,13.306296,81
10470,52.517634,13.306465,82
10470,52.516628,13.306590,83
10470,52.516628,13.306590,84
10470,52.516269,13.306652,85
10470,52.515685,13.306568,86
10470,52.515064,13.306307,87
10470,52.513857,13.305432,88
10470,52.513209,13.305142,89
10470,52.512436,13.305030,90
10470,52.512041,13.305018,91
10470,52.511502,13.305111,92
10470,52.511502,13.305111,93
10470,52.506572,13.306634,94
10470,52.506572,13.306634,95
10470,52.503071,13.307749,96
10470,52.502424,13.307827,97
10470,52.501767,13.307714,98
10470,52.500787,13.307339,99
10470,52.500041,13.307256,100
10470,52.500041,13.307256,101
10470,52.499304,13.307305,102
10470,52.495927,13.308257,103
10470,52.495245,13.308571,104
10470,52.494590,13.309003,105
10470,52.494590,13.309003,106
10470,52.494035,13.309464,107
10470,52.493398,13.310175,108
10470,52.490426,13.314260,109
10470,52.490426,13.314260,110
10470,52.489360,13.315563,111
10470,52.488894,13.316258,112
10470,52.486783,13.319820,113
10470,52.486559,13.320381,114
10470,52.486409,13.321133,115
10470,52.486357,13.321928,116
10470,52.486357,13.321928,117
10470,52.486448,13.326020,118
10470,52.486595,13.327300,119
10470,52.487278,13.330990,120
10470,52.487278,13.330990,121
10470,52.488027,13.335549,122
10470,52.488173,13.336505,123
10470,52.488652,13.341507,124
10470,52.488652,13.341507,125
10470,52.489536,13.350349,126
10470,52.489536,13.350349,127
10470,52.490381,13.358427,128
10470,52.490374,13.359369,129
10470,52.490340,13.360208,130
10470,52.490340,13.360208,131
10470,52.490298,13.361445,132
10470,52.490637,13.364329,133
10470,52.490783,13.365137,134
10470,52.491027,13.365887,135
10470,52.491307,13.366548,136
10470,52.492226,13.367794,137
10470,52.492524,13.368293,138
10470,52.492768,13.368968,139
10470,52.492914,13.369939,140
10470,52.492970,13.370896,141
10470,52.492970,13.370896,142
10470,52.493008,13.372029,143
10470,52.493199,13.373000,144
10470,52.493480,13.373823,145
10470,52.493840,13.374469,146
10470,52.494282,13.375011,147
10470,52.494795,13.375406,148
10470,52.496603,13.376396,149
10470,52.497053,13.376703,150
10470,52.497450,13.377143,151
10470,52.497855,13.377759,152
10470,52.498180,13.378493,153
10470,52.498461,13.379434,154
10470,52.498580,13.380405,155
10470,52.498666,13.383173,156
10470,52.498666,13.383173,157
10470,52.498650,13.383924,158
10470,52.498455,13.385162,159
10470,52.497983,13.387182,160
10470,52.497813,13.387713,161
10470,52.497634,13.388126,162
10470,52.497347,13.388584,163
10470,52.497025,13.388969,164
10470,52.496648,13.389309,165
10470,52.496127,13.389592,166
10470,52.495687,13.389668,167
10470,52.495210,13.389406,168
10470,52.494517,13.388776,169
10470,52.494517,13.388776,170
10470,52.494193,13.388483,171
10470,52.493797,13.388221,172
10470,52.493410,13.388046,173
10470,52.493141,13.388033,174
10470,52.492862,13.388226,175
10470,52.492656,13.388477,176
10470,52.492504,13.388831,177
10470,52.492388,13.389288,178
10470,52.492291,13.390275,179
10470,52.492177,13.391277,180
10470,52.491287,13.395698,181
10470,52.491287,13.395698,182
10470,52.489622,13.403981,183
10470,52.489551,13.404438,184
10470,52.489516,13.404879,185
10470,52.489554,13.405998,186
10470,52.489492,13.406764,187
10470,52.489180,13.407884,188
10470,52.489180,13.407884,189
10470,52.488894,13.408916,190
10470,52.487298,13.420701,191
10470,52.487093,13.421585,192
10470,52.486324,13.424136,193
10470,52.486324,13.424136,194
10470,52.482564,13.432646,195
10470,52.482134,13.433384,196
10470,52.481686,13.434019,197
10470,52.481686,13.434019,198
10470,52.479812,13.436779,199
10470,52.479354,13.437267,200
10470,52.477433,13.438659,201
10470,52.476518,13.439163,202
10470,52.476518,13.439163,203
10470,52.474946,13.439891,204
10470,52.472971,13.440988,205
10470,52.472584,13.441122,206
10470,52.468667,13.441757,207
10470,52.468667,13.441757,208
10470,52.465981,13.442224,209
10470,52.465568,13.442344,210
10470,52.465236,13.442595,211
10470,52.464015,13.443792,212
10470,52.463593,13.444147,213
10470,52.462777,13.444739,214
10470,52.462777,13.444739,215
10470,52.458037,13.448260,216
10470,52.457534,13.448512,217
10470,52.456950,13.448558,218
10470,52.456537,13.448501,219
10470,52.456168,13.448370,220
10470,52.455682,13.448240,221
10470,52.455179,13.448227,222
10470,52.453356,13.448676,223
10470,52.452161,13.449107,224
10470,52.452161,13.449107,225
10470,52.450823,13.449554,226
10470,52.449718,13.449852,227
10470,52.448640,13.449989,228
10470,52.447948,13.450006,229
10470,52.447238,13.449980,230
10470,52.446581,13.449924,231
10470,52.445844,13.449824,232
10470,52.445332,13.449723,233
10470,52.444739,13.449519,234
10470,52.444739,13.449519,235
10470,52.444325,13.449315,236
10470,52.443938,13.449081,237
10470,52.443623,13.448803,238
10470,52.442552,13.447778,239
10470,52.442318,13.447558,240
10470,52.441913,13.447310,241
10470,52.441419,13.447121,242
10470,52.440898,13.447049,243
10470,52.440287,13.447111,244
10470,52.437826,13.448047,245
10470,52.437826,13.448047,246
10470,52.433874,13.449592,247
10470,52.432904,13.450052,248
10470,52.432015,13.450629,249
10470,52.431001,13.451486,250
10470,52.430041,13.452489,251
10470,52.429171,13.453478,252
10470,52.429171,13.453478,253
10470,52.428776,13.453920,254
10470,52.428247,13.454716,255
10470,52.427314,13.456205,256
10470,52.426588,13.457589,257
10470,52.425916,13.459047,258
10470,52.425379,13.460416,259
10470,52.424744,13.462300,260
10470,52.424744,13.462300,261
10470,52.424502,13.462977,262
10470,52.424261,13.463846,263
10470,52.424082,13.464846,264
10470,52.423283,13.472081,265
10470,52.423257,13.472831,266
10470,52.423277,13.474727,267
10470,52.423277,13.474727,268
10470,52.423520,13.481503,269
10470,52.423503,13.482312,270
10470,52.423405,13.483106,271
10470,52.423271,13.483709,272
10470,52.423271,13.483709,273
10470,52.416373,13.495092,274
10449,52.535145,13.199832,0
10449,52.536054,13.200132,1
10449,52.537196,13.200283,2
10449,52.537682,13.200500,3
10449,52.538042,13.200791,4
10449,52.538449,13.201303,5
10449,52.538811,13.202051,6
10449,52.539038,13.202815,7
10449,52.539168,13.203831,8
10449,52.539144,13.204789,9
10449,52.539012,13.205454,10
10449,52.538790,13.206296,11
10449,52.538790,13.206296,12
10449,52.538373,13.207700,13
10449,52.538135,13.208970,14
10449,52.538084,13.209796,15
10449,52.538114,13.210739,16
10449,52.538364,13.212873,17
10449,52.538413,13.213964,18
10449,52.538317,13.214996,19
10449,52.538167,13.215779,20
10449,52.537598,13.217538,21
10449,52.537598,13.217538,22
10449,52.537180,13.218853,23
10449,52.537039,13.219606,24
10449,52.536934,13.220433,25
10449,52.536911,13.221612,26
10449,52.536931,13.221965,27
10449,52.537943,13.228942,28
10449,52.538685,13.233195,29
10449,52.538685,13.233195,30
10449,52.538868,13.234328,31
10449,52.538954,13.235816,32
10449,52.538951,13.237525,33
10449,52.538830,13.239118,34
10449,52.538244,13.243869,35
10449,52.538096,13.245433,36
10449,52.537968,13.247556,37
10449,52.537968,13.247556,38
10449,52.536936,13.262495,39
10449,52.536936,13.262495,40
10449,52.536842,13.263940,41
10449,52.536767,13.265974,42
10449,52.536695,13.271840,43
10449,52.536725,13.272695,44
10449,52.536725,13.272695,45
10449,52.536886,13.275479,46
10449,52.536880,13.276658,47
10449,52.536606,13.284339,48
10449,52.536585,13.286255,49
10449,52.536585,13.286255,50
10449,52.536619,13.288716,51
10449,52.536534,13.290441,52
10449,52.536201,13.293685,53
10449,52.536201,13.293685,54
10449,52.535993,13.296148,55
10449,52.535753,13.297403,56
10449,52.535432,13.298333,57
10449,52.535012,13.299059,58
10449,52.534529,13.299667,59
10449,52.533954,13.300054,60
10449,52.533210,13.300398,61
10449,52.530955,13.300651,62
10449,52.530955,13.300651,63
10449,52.529931,13.300968,64
10449,52.529366,13.301237,65
10449,52.528729,13.301610,66
10449,52.528200,13.302071,67
10449,52.527573,13.302812,68
10449,52.526266,13.304811,69
10449,52.526266,13.304811,70
10449,52.525881,13.305212,71
10449,52.525325,13.305673,72
10449,52.524642,13.305943,73
10449,52.524085,13.305991,74
10449,52.523474,13.305907,75
10449,52.522692,13.305972,76
10449,52.521543,13.306393,77
10449,52.520807,13.306575,78
10449,52.519998,13.306478,79
10449,52.519305,13.306306,80
10449,52.518649,13.306296,81
10449,52.517634,13.306465,82
10449,52.516628,13.306590,83
10449,52.516628,13.306590,84
10449,52.516269,13.306652,85
10449,52.515685,13.306568,86
10449,52.515064,13.306307,87
10449,52.513857,13.305432,88
10449,52.513209,13.305142,89
10449,52.512436,13.305030,90
10449,52.512041,13.305018,91
10449,52.511502,13.305111,92
10449,52.511502,13.305111,93
10449,52.506572,13.306634,94
10449,52.506572,13.306634,95
10449,52.503071,13.307749,96
10449,52.502424,13.307827,97
10449,52.501767,13.307714,98
10449,52.500787,13.307339,99
10449,52.500041,13.307256,100
10449,52.500041,13.307256,101
10449,52.499304,13.307305,102
10449,52.495927,13.308257,103
10449,52.495245,13.308571,104
10449,52.494590,13.309003,105
10449,52.494590,13.309003,106
10449,52.494035,13.309464,107
10449,52.493398,13.310175,108
10449,52.490426,13.314260,109
10449,52.490426,13.314260,110
10449,52.489360,13.315563,111
10449,52.488894,13.316258,112
10449,52.486783,13.319820,113
10449,52.486559,13.320381,114
10449,52.486409,13.321133,115
10449,52.486357,13.321928,116
10449,52.486357,13.321928,117
10449,52.486448,13.326020,118
10449,52.486595,13.327300,119
10449,52.487278,13.330990,120
10449,52.487278,13.330990,121
10449,52.488027,13.335549,122
10449,52.488173,13.336505,123
10449,52.488652,13.341507,124
10449,52.488652,13.341507,125
10449,52.489536,13.350349,126
10449,52.489536,13.350349,127
10449,52.490381,13.358427,128
10449,52.490374,13.359369,129
10449,52.490340,13.360208,130
10449,52.490340,13.360208,131
10449,52.490298,13.361445,132
10449,52.490637,13.364329,133
10449,52.490783,13.365137,134
10449,52.491027,13.365887,135
10449,52.491307,13.366548,136
10449,52.492226,13.367794,137
10449,52.492524,13.368293,138
10449,52.492768,13.368968,139
10449,52.492914,13.369939,140
10449,52.492970,13.370896,141
10449,52.492970,13.370896,142
10449,52.493008,13.372029,143
10449,52.493199,13.373000,144
10449,52.493480,13.373823,145
10449,52.493840,13.374469,146
10449,52.494282,13.375011,147
10449,52.494795,13.375406,148
10449,52.496603,13.376396,149
10449,52.497053,13.376703,150
10449,52.497450,13.377143,151
10449,52.497855,13.377759,152
10449,52.498180,13.378493,153
10449,52.498461,13.379434,154
10449,52.498580,13.380405,155
10449,52.498666,13.383173,156
10449,52.498666,13.383173,157
10449,52.498650,13.383924,158
10449,52.498455,13.385162,159
10449,52.497983,13.387182,160
10449,52.497813,13.387713,161
10449,52.497634,13.388126,162
10449,52.497347,13.388584,163
10449,52.497025,13.388969,164
10449,52.496648,13.389309,165
10449,52.496127,13.389592,166
10449,52.495687,13.389668,167
10449,52.495210,13.389406,168
10449,52.494517,13.388776,169
10449,52.494517,13.388776,170
10449,52.494193,13.388483,171
10449,52.493797,13.388221,172
10449,52.493410,13.388046,173
10449,52.493141,13.388033,174
10449,52.492862,13.388226,175
10449,52.492656,13.388477,176
10449,52.492504,13.388831,177
10449,52.492388,13.389288,178
10449,52.492291,13.390275,179
10449,52.492177,13.391277,180
10449,52.491287,13.395698,181
10449,52.491287,13.395698,182
10449,52.489622,13.403981,183
10449,52.489551,13.404438,184
10449,52.489516,13.404879,185
10449,52.489554,13.405998,186
10449,52.489492,13.406764,187
10449,52.489180,13.407884,188
10449,52.489180,13.407884,189
10449,52.488894,13.408916,190
10449,52.487298,13.420701,191
10449,52.487093,13.421585,192
10449,52.486324,13.424136,193
10449,52.486324,13.424136,194
10449,52.482564,13.432646,195
10449,52.482134,13.433384,196
10449,52.481686,13.434019,197
10449,52.481686,13.434019,198
10449,52.479812,13.436779,199
10449,52.479354,13.437267,200
10449,52.477433,13.438659,201
10449,52.476518,13.439163,202
10449,52.476518,13.439163,203
10449,52.474946,13.439891,204
10449,52.472971,13.440988,205
10449,52.472584,13.441122,206
10449,52.468667,13.441757,207
10449,52.468667,13.441757,208
10449,52.465981,13.442224,209
10449,52.465568,13.442344,210
10449,52.465236,13.442595,211
10449,52.464015,13.443792,212
10449,52.463593,13.444147,213
10449,52.462777,13.444739,214
10449,52.462777,13.444739,215
10449,52.458037,13.448260,216
10449,52.457534,13.448512,217
10449,52.456950,13.448558,218
10449,52.456537,13.448501,219
10449,52.456168,13.448370,220
10449,52.455682,13.448240,221
10449,52.455179,13.448227,222
10449,52.453356,13.448676,223
10449,52.452161,13.449107,224
10449,52.452161,13.449107,225
10449,52.450823,13.449554,226
10449,52.449718,13.449852,227
10449,52.448640,13.449989,228
10449,52.447948,13.450006,229
10449,52.447238,13.449980,230
10449,52.446581,13.449924,231
10449,52.445844,13.449824,232
10449,52.445332,13.449723,233
10449,52.444739,13.449519,234
10449,52.444739,13.449519,235
10449,52.444325,13.449315,236
10449,52.443938,13.449081,237
10449,52.443623,13.448803,238
10449,52.442552,13.447778,239
10449,52.442318,13.447558,240
10449,52.441913,13.447310,241
10449,52.441419,13.447121,242
10449,52.440898,13.447049,243
10449,52.440287,13.447111,244
10449,52.437826,13.448047,245
10449,52.437826,13.448047,246
10449,52.433874,13.449592,247
10449,52.432904,13.450052,248
10449,52.432015,13.450629,249
10449,52.431001,13.451486,250
10449,52.430041,13.452489,251
10449,52.429171,13.453478,252
10449,52.429171,13.453478,253
10449,52.428776,13.453920,254
10449,52.428247,13.454716,255
10449,52.427314,13.456205,256
10449,52.426588,13.457589,257
10449,52.425916,13.459047,258
10449,52.425379,13.460416,259
10449,52.424744,13.462300,260
10449,52.424744,13.462300,261
10449,52.424502,13.462977,262
10449,52.424261,13.463846,263
10449,52.424082,13.464846,264
10449,52.423283,13.472081,265
10449,52.423257,13.472831,266
10449,52.423277,13.474727,267
10449,52.423277,13.474727,268
10449,52.423520,13.481503,269
10449,52.423503,13.482312,270
10449,52.423405,13.483106,271
10449,52.423271,13.483709,272
10449,52.423271,13.483709,273
10449,52.422940,13.485003,274
10449,52.422555,13.486092,275
10449,52.422133,13.486961,276
10449,52.421577,13.487874,277
10449,52.417234,13.493532,278
10449,52.416750,13.494239,279
10449,52.416337,13.495019,280
10473,52.536936,13.262495,0
10473,52.536842,13.263940,1
10473,52.536767,13.265974,2
10473,52.536695,13.271840,3
10473,52.536725,13.272695,4
10473,52.536725,13.272695,5
10473,52.536886,13.275479,6
10473,52.536880,13.276658,7
10473,52.536606,13.284339,8
10473,52.536585,13.286255,9
10473,52.536585,13.286255,10
10473,52.536619,13.288716,11
10473,52.536534,13.290441,12
10473,52.536201,13.293685,13
10473,52.536201,13.293685,14
10473,52.535993,13.296148,15
10473,52.535753,13.297403,16
10473,52.535432,13.298333,17
10473,52.535012,13.299059,18
10473,52.534529,13.299667,19
10473,52.533954,13.300054,20
10473,52.533210,13.300398,21
10473,52.530955,13.300651,22
10473,52.530955,13.300651,23
10473,52.529931,13.300968,24
10473,52.529366,13.301237,25
10473,52.528729,13.301610,26
10473,52.528200,13.302071,27
10473,52.527573,13.302812,28
10473,52.526266,13.304811,29
10473,52.526266,13.304811,30
10473,52.525881,13.305212,31
10473,52.525325,13.305673,32
10473,52.524642,13.305943,33
10473,52.524085,13.305991,34
10473,52.523474,13.305907,35
10473,52.522692,13.305972,36
10473,52.521543,13.306393,37
10473,52.520807,13.306575,38
10473,52.519998,13.306478,39
10473,52.519305,13.306306,40
10473,52.518649,13.306296,41
10473,52.517634,13.306465,42
10473,52.516628,13.306590,43
10473,52.516628,13.306590,44
10473,52.516269,13.306652,45
10473,52.515685,13.306568,46
10473,52.515064,13.306307,47
10473,52.513857,13.305432,48
10473,52.513209,13.305142,49
10473,52.512436,13.305030,50
10473,52.512041,13.305018,51
10473,52.511502,13.305111,52
10473,52.511502,13.305111,53
10473,52.506572,13.306634,54
10473,52.506572,13.306634,55
10473,52.503071,13.307749,56
10473,52.502424,13.307827,57
10473,52.501767,13.307714,58
10473,52.500787,13.307339,59
10473,52.500041,13.307256,60
10473,52.500041,13.307256,61
10473,52.499304,13.307305,62
10473,52.495927,13.308257,63
10473,52.495245,13.308571,64
10473,52.494590,13.309003,65
10473,52.494590,13.309003,66
10473,52.494035,13.309464,67
10473,52.493398,13.310175,68
10473,52.490426,13.314260,69
10473,52.490426,13.314260,70
10473,52.489360,13.315563,71
10473,52.488894,13.316258,72
10473,52.486783,13.319820,73
10473,52.486559,13.320381,74
10473,52.486409,13.321133,75
10473,52.486357,13.321928,76
10473,52.486357,13.321928,77
10473,52.486448,13.326020,78
10473,52.486595,13.327300,79
10473,52.487278,13.330990,80
10473,52.487278,13.330990,81
10473,52.488027,13.335549,82
10473,52.488173,13.336505,83
10473,52.488652,13.341507,84
10473,52.488652,13.341507,85
10473,52.489536,13.350349,86
10473,52.489536,13.350349,87
10473,52.490381,13.358427,88
10473,52.490374,13.359369,89
10473,52.490340,13.360208,90
10473,52.490340,13.360208,91
10473,52.490298,13.361445,92
10473,52.490637,13.364329,93
10473,52.490783,13.365137,94
10473,52.491027,13.365887,95
10473,52.491307,13.366548,96
10473,52.492226,13.367794,97
10473,52.492524,13.368293,98
10473,52.492768,13.368968,99
10473,52.492914,13.369939,100
10473,52.492970,13.370896,101
10473,52.492970,13.370896,102
10473,52.493008,13.372029,103
10473,52.493199,13.373000,104
10473,52.493480,13.373823,105
10473,52.493840,13.374469,106
10473,52.494282,13.375011,107
10473,52.494795,13.375406,108
10473,52.496603,13.376396,109
10473,52.497053,13.376703,110
10473,52.497450,13.377143,111
10473,52.497855,13.377759,112
10473,52.498180,13.378493,113
10473,52.498461,13.379434,114
10473,52.498580,13.380405,115
10473,52.498666,13.383173,116
10473,52.498666,13.383173,117
10473,52.498650,13.383924,118
10473,52.498455,13.385162,119
10473,52.497983,13.387182,120
10473,52.497813,13.387713,121
10473,52.497634,13.388126,122
10473,52.497347,13.388584,123
10473,52.497025,13.388969,124
10473,52.496648,13.389309,125
10473,52.496127,13.389592,126
10473,52.495687,13.389668,127
10473,52.495210,13.389406,128
10473,52.494517,13.388776,129
10473,52.494517,13.388776,130
10473,52.494193,13.388483,131
10473,52.493797,13.388221,132
10473,52.493410,13.388046,133
10473,52.493141,13.388033,134
10473,52.492862,13.388226,135
10473,52.492656,13.388477,136
10473,52.492504,13.388831,137
10473,52.492388,13.389288,138
10473,52.492291,13.390275,139
10473,52.492177,13.391277,140
10473,52.491287,13.395698,141
10473,52.491287,13.395698,142
10473,52.489622,13.403981,143
10473,52.489551,13.404438,144
10473,52.489516,13.404879,145
10473,52.489554,13.405998,146
10473,52.489492,13.406764,147
10473,52.489180,13.407884,148
10473,52.489180,13.407884,149
10473,52.488894,13.408916,150
10473,52.487298,13.420701,151
10473,52.487093,13.421585,152
10473,52.486324,13.424136,153
10473,52.486324,13.424136,154
10473,52.482564,13.432646,155
10473,52.482134,13.433384,156
10473,52.481686,13.434019,157
10473,52.481686,13.434019,158
10473,52.479812,13.436779,159
10473,52.479354,13.437267,160
10473,52.477433,13.438659,161
10473,52.476518,13.439163,162
10473,52.476518,13.439163,163
10473,52.474946,13.439891,164
10473,52.472971,13.440988,165
10473,52.472584,13.441122,166
10473,52.468667,13.441757,167
10473,52.468667,13.441757,168
10473,52.465981,13.442224,169
10473,52.465568,13.442344,170
10473,52.465236,13.442595,171
10473,52.464015,13.443792,172
10473,52.463593,13.444147,173
10473,52.462777,13.444739,174
10473,52.462777,13.444739,175
10473,52.458037,13.448260,176
10473,52.457534,13.448512,177
10473,52.456950,13.448558,178
10473,52.456537,13.448501,179
10473,52.456168,13.448370,180
10473,52.455682,13.448240,181
10473,52.455179,13.448227,182
10473,52.453356,13.448676,183
10473,52.452161,13.449107,184
10473,52.452161,13.449107,185
10473,52.450823,13.449554,186
10473,52.449718,13.449852,187
10473,52.448640,13.449989,188
10473,52.447948,13.450006,189
10473,52.447238,13.449980,190
10473,52.446581,13.449924,191
10473,52.445844,13.449824,192
10473,52.445332,13.449723,193
10473,52.444739,13.449519,194
10473,52.444739,13.449519,195
10473,52.444325,13.449315,196
10473,52.443938,13.449081,197
10473,52.443623,13.448803,198
10473,52.442552,13.447778,199
10473,52.442318,13.447558,200
10473,52.441913,13.447310,201
10473,52.441419,13.447121,202
10473,52.440898,13.447049,203
10473,52.440287,13.447111,204
10473,52.437826,13.448047,205
10473,52.437826,13.448047,206
10473,52.433874,13.449592,207
10473,52.432904,13.450052,208
10473,52.432015,13.450629,209
10473,52.431001,13.451486,210
10473,52.430041,13.452489,211
10473,52.429171,13.453478,212
10473,52.429171,13.453478,213
10473,52.428776,13.453920,214
10473,52.428247,13.454716,215
10473,52.427314,13.456205,216
10473,52.426588,13.457589,217
10473,52.425916,13.459047,218
10473,52.425379,13.460416,219
10473,52.424744,13.462300,220
10473,52.424744,13.462300,221
10473,52.424502,13.462977,222
10473,52.424261,13.463846,223
10473,52.424082,13.464846,224
10473,52.423283,13.472081,225
10473,52.423257,13.472831,226
10473,52.423277,13.474727,227
10473,52.423277,13.474727,228
10473,52.423520,13.481503,229
10473,52.423503,13.482312,230
10473,52.423405,13.483106,231
10473,52.423271,13.483709,232
10473,52.423271,13.483709,233
10473,52.416373,13.495092,234
10455,52.536936,13.262495,0
10455,52.536842,13.263940,1
10455,52.536767,13.265974,2
10455,52.536695,13.271840,3
10455,52.536725,13.272695,4
10455,52.536725,13.272695,5
10455,52.536886,13.275479,6
10455,52.536880,13.276658,7
10455,52.536606,13.284339,8
10455,52.536585,13.286255,9
10455,52.536585,13.286255,10
10455,52.536619,13.288716,11
10455,52.536534,13.290441,12
10455,52.536201,13.293685,13
10455,52.536201,13.293685,14
10455,52.535993,13.296148,15
10455,52.535753,13.297403,16
10455,52.535432,13.298333,17
10455,52.535012,13.299059,18
10455,52.534529,13.299667,19
10455,52.533954,13.300054,20
10455,52.533210,13.300398,21
10455,52.530955,13.300651,22
10455,52.530955,13.300651,23
10455,52.529931,13.300968,24
10455,52.529366,13.301237,25
10455,52.528729,13.301610,26
10455,52.528200,13.302071,27
10455,52.527573,13.302812,28
10455,52.526266,13.304811,29
10455,52.526266,13.304811,30
10455,52.525881,13.305212,31
10455,52.525325,13.305673,32
10455,52.524642,13.305943,33
10455,52.524085,13.305991,34
10455,52.523474,13.305907,35
10455,52.522692,13.305972,36
10455,52.521543,13.306393,37
10455,52.520807,13.306575,38
10455,52.519998,13.306478,39
10455,52.519305,13.306306,40
10455,52.518649,13.306296,41
10455,52.517634,13.306465,42
10455,52.516628,13.306590,43
10455,52.516628,13.306590,44
10455,52.516269,13.306652,45
10455,52.515685,13.306568,46
10455,52.515064,13.306307,47
10455,52.513857,13.305432,48
10455,52.513209,13.305142,49
10455,52.512436,13.305030,50
10455,52.512041,13.305018,51
10455,52.511502,13.305111,52
10455,52.511502,13.305111,53
10455,52.506572,13.306634,54
10455,52.506572,13.306634,55
10455,52.503071,13.307749,56
10455,52.502424,13.307827,57
10455,52.501767,13.307714,58
10455,52.500787,13.307339,59
10455,52.500041,13.307256,60
10455,52.500041,13.307256,61
10455,52.499304,13.307305,62
10455,52.495927,13.308257,63
10455,52.495245,13.308571,64
10455,52.494590,13.309003,65
10455,52.494590,13.309003,66
10455,52.494035,13.309464,67
10455,52.493398,13.310175,68
10455,52.490426,13.314260,69
10455,52.490426,13.314260,70
10455,52.489360,13.315563,71
10455,52.488894,13.316258,72
10455,52.486783,13.319820,73
10455,52.486559,13.320381,74
10455,52.486409,13.321133,75
10455,52.486357,13.321928,76
10455,52.486357,13.321928,77
10455,52.486448,13.326020,78
10455,52.486595,13.327300,79
10455,52.487278,13.330990,80
10455,52.487278,13.330990,81
10455,52.488027,13.335549,82
10455,52.488173,13.336505,83
10455,52.488652,13.341507,84
10455,52.488652,13.341507,85
10455,52.489536,13.350349,86
10455,52.489536,13.350349,87
10455,52.490381,13.358427,88
10455,52.490374,13.359369,89
10455,52.490340,13.360208,90
10455,52.490340,13.360208,91
10455,52.490298,13.361445,92
10455,52.490637,13.364329,93
10455,52.490783,13.365137,94
10455,52.491027,13.365887,95
10455,52.491307,13.366548,96
10455,52.492226,13.367794,97
10455,52.492524,13.368293,98
10455,52.492768,13.368968,99
10455,52.492914,13.369939,100
10455,52.492970,13.370896,101
10455,52.492970,13.370896,102
10455,52.493008,13.372029,103
10455,52.493199,13.373000,104
10455,52.493480,13.373823,105
10455,52.493840,13.374469,106
10455,52.494282,13.375011,107
10455,52.494795,13.375406,108
10455,52.496603,13.376396,109
10455,52.497053,13.376703,110
10455,52.497450,13.377143,111
10455,52.497855,13.377759,112
10455,52.498180,13.378493,113
10455,52.498461,13.379434,114
10455,52.498580,13.380405,115
10455,52.498666,13.383173,116
10455,52.498666,13.383173,117
10455,52.498650,13.383924,118
10455,52.498455,13.385162,119
10455,52.497983,13.387182,120
10455,52.497813,13.387713,121
10455,52.497634,13.388126,122
10455,52.497347,13.388584,123
10455,52.497025,13.388969,124
10455,52.496648,13.389309,125
10455,52.496127,13.389592,126
10455,52.495687,13.389668,127
10455,52.495210,13.389406,128
10455,52.494517,13.388776,129
10455,52.494517,13.388776,130
10455,52.494193,13.388483,131
10455,52.493797,13.388221,132
10455,52.493410,13.388046,133
10455,52.493141,13.388033,134
10455,52.492862,13.388226,135
10455,52.492656,13.388477,136
10455,52.492504,13.388831,137
10455,52.492388,13.389288,138
10455,52.492291,13.390275,139
10455,52.492177,13.391277,140
10455,52.491287,13.395698,141
10455,52.491287,13.395698,142
10455,52.489622,13.403981,143
10455,52.489551,13.404438,144
10455,52.489516,13.404879,145
10455,52.489554,13.405998,146
10455,52.489492,13.406764,147
10455,52.489180,13.407884,148
10455,52.489180,13.407884,149
10455,52.488894,13.408916,150
10455,52.487298,13.420701,151
10455,52.487093,13.421585,152
10455,52.486324,13.424136,153
10455,52.486324,13.424136,154
10455,52.482564,13.432646,155
10455,52.482134,13.433384,156
10455,52.481686,13.434019,157
10455,52.481686,13.434019,158
10455,52.479812,13.436779,159
10455,52.479354,13.437267,160
10455,52.477433,13.438659,161
10455,52.476518,13.439163,162
10455,52.476518,13.439163,163
10455,52.474946,13.439891,164
10455,52.472971,13.440988,165
10455,52.472584,13.441122,166
10455,52.468667,13.441757,167
10455,52.468667,13.441757,168
10455,52.465981,13.442224,169
10455,52.465568,13.442344,170
10455,52.465236,13.442595,171
10455,52.464015,13.443792,172
10455,52.463593,13.444147,173
10455,52.462777,13.444739,174
10455,52.462777,13.444739,175
10455,52.458037,13.448260,176
10455,52.457534,13.448512,177
10455,52.456950,13.448558,178
10455,52.456537,13.448501,179
10455,52.456168,13.448370,180
10455,52.455682,13.448240,181
10455,52.455179,13.448227,182
10455,52.453356,13.448676,183
10455,52.452161,13.449107,184
10455,52.452161,13.449107,185
10455,52.450823,13.449554,186
10455,52.449718,13.449852,187
10455,52.448640,13.449989,188
10455,52.447948,13.450006,189
10455,52.447238,13.449980,190
10455,52.446581,13.449924,191
10455,52.445844,13.449824,192
10455,52.445332,13.449723,193
10455,52.444739,13.449519,194
10455,52.444739,13.449519,195
10455,52.444325,13.449315,196
10455,52.443938,13.449081,197
10455,52.443623,13.448803,198
10455,52.442552,13.447778,199
10455,52.442318,13.447558,200
10455,52.441913,13.447310,201
10455,52.441419,13.447121,202
10455,52.440898,13.447049,203
10455,52.440287,13.447111,204
10455,52.437826,13.448047,205
10455,52.437826,13.448047,206
10455,52.433874,13.449592,207
10455,52.432904,13.450052,208
10455,52.432015,13.450629,209
10455,52.431001,13.451486,210
10455,52.430041,13.452489,211
10455,52.429171,13.453478,212
10455,52.429171,13.453478,213
10455,52.428776,13.453920,214
10455,52.428247,13.454716,215
10455,52.427314,13.456205,216
10455,52.426588,13.457589,217
10455,52.425916,13.459047,218
10455,52.425379,13.460416,219
10455,52.424744,13.462300,220
10455,52.424744,13.462300,221
10455,52.424502,13.462977,222
10455,52.424261,13.463846,223
10455,52.424082,13.464846,224
10455,52.423283,13.472081,225
10455,52.423257,13.472831,226
10455,52.423277,13.474727,227
10455,52.423277,13.474727,228
10455,52.423520,13.481503,229
10455,52.423503,13.482312,230
10455,52.423405,13.483106,231
10455,52.423271,13.483709,232
10455,52.423271,13.483709,233
10455,52.422940,13.485003,234
10455,52.422555,13.486092,235
10455,52.422133,13.486961,236
10455,52.421577,13.487874,237
10455,52.417234,13.493532,238
10455,52.416750,13.494239,239
10455,52.416337,13.495019,240
10469,52.537017,13.262509,0
10469,52.538049,13.247570,1
10469,52.538049,13.247570,2
10469,52.538203,13.245255,3
10469,52.538342,13.243721,4
10469,52.538894,13.239324,5
10469,52.539041,13.237554,6
10469,52.539044,13.235815,7
10469,52.538931,13.234298,8
10469,52.538766,13.233165,9
10469,52.538766,13.233165,10
10469,52.538005,13.228912,11
10469,52.536958,13.221980,12
10469,52.536947,13.221449,13
10469,52.536988,13.220462,14
10469,52.537084,13.219635,15
10469,52.537226,13.218941,16
10469,52.537661,13.217581,17
10469,52.537661,13.217581,18
10469,52.538212,13.215837,19
10469,52.538380,13.215010,20
10469,52.538485,13.213978,21
10469,52.538427,13.212873,22
10469,52.538186,13.210738,23
10469,52.538164,13.209810,24
10469,52.538207,13.209013,25
10469,52.538445,13.207758,26
10469,52.538889,13.206369,27
10469,52.538889,13.206369,28
10469,52.539111,13.205497,29
10469,52.539198,13.204789,30
10469,52.539222,13.203816,31
10469,52.539101,13.202800,32
10469,52.538856,13.202006,33
10469,52.538502,13.201258,34
10469,52.538078,13.200732,35
10469,52.537709,13.200426,36
10469,52.537205,13.200210,37
10469,52.536063,13.200029,38
10469,52.535163,13.199758,39
10399,52.538359,13.633134,0
10399,52.538655,13.631808,1
10399,52.538808,13.630968,2
10399,52.539033,13.630039,3
10399,52.539240,13.628064,4
10399,52.539329,13.626531,5
10399,52.539365,13.625279,6
10399,52.539419,13.623510,7
10399,52.539383,13.621859,8
10399,52.539320,13.620754,9
10399,52.539015,13.618293,10
10399,52.539015,13.618293,11
10399,52.538691,13.615979,12
10399,52.538385,13.614373,13
10399,52.537747,13.611396,14
10399,52.537234,13.608625,15
10399,52.537027,13.607756,16
10399,52.536704,13.606562,17
10399,52.536704,13.606562,18
10399,52.536146,13.604425,19
10399,52.535634,13.602760,20
10399,52.535310,13.601655,21
10399,52.534833,13.599813,22
10399,52.533898,13.596483,23
10399,52.533898,13.596483,24
10399,52.533592,13.595437,25
10399,52.533322,13.594642,26
10399,52.533034,13.593994,27
10399,52.532594,13.593213,28
10399,52.532108,13.592594,29
10399,52.531587,13.592138,30
10399,52.531057,13.591799,31
10399,52.528504,13.590461,32
10399,52.528504,13.590461,33
10399,52.527542,13.589960,34
10399,52.526455,13.589519,35
10399,52.524702,13.588887,36
10399,52.523884,13.588696,37
10399,52.522869,13.588683,38
10399,52.520901,13.588846,39
10399,52.520901,13.588846,40
10399,52.520074,13.588980,41
10399,52.519292,13.588980,42
10399,52.518789,13.588878,43
10399,52.518214,13.588642,44
10399,52.517684,13.588274,45
10399,52.517180,13.587730,46
10399,52.516767,13.587156,47
10399,52.516479,13.586640,48
10399,52.513169,13.579794,49
10399,52.512944,13.579190,50
10399,52.512746,13.578469,51
10399,52.512620,13.577556,52
10399,52.512611,13.576569,53
10399,52.512637,13.575184,54
10399,52.512637,13.575184,55
10399,52.512663,13.573196,56
10399,52.512627,13.572695,57
10399,52.512555,13.572209,58
10399,52.512456,13.571723,59
10399,52.512339,13.571267,60
10399,52.512186,13.570810,61
10399,52.511952,13.570310,62
10399,52.511664,13.569809,63
10399,52.509964,13.567116,64
10399,52.507572,13.563850,65
10399,52.505855,13.561496,66
10399,52.505027,13.560466,67
10399,52.505027,13.560466,68
10399,52.504191,13.559275,69
10399,52.503678,13.558392,70
10399,52.503075,13.557215,71
10399,52.502535,13.556023,72
10399,52.501986,13.554654,73
10399,52.501464,13.553197,74
10399,52.501023,13.551666,75
10399,52.499699,13.546574,76
10399,52.499699,13.546574,77
10399,52.498635,13.542158,78
10399,52.497977,13.539730,79
10399,52.495192,13.528457,80
10399,52.495074,13.527912,81
10399,52.495020,13.527471,82
10399,52.495011,13.526897,83
10399,52.495073,13.526366,84
10399,52.495180,13.525748,85
10399,52.495414,13.525188,86
10399,52.495764,13.524613,87
10399,52.496087,13.524214,88
10399,52.496518,13.523860,89
10399,52.497685,13.523062,90
10399,52.497685,13.523062,91
10399,52.499733,13.521761,92
10399,52.500254,13.521363,93
10399,52.500739,13.520817,94
10399,52.501116,13.520168,95
10399,52.502488,13.517381,96
10399,52.503323,13.516113,97
10399,52.503682,13.515641,98
10399,52.506240,13.512821,99
10399,52.506240,13.512821,100
10399,52.506851,13.512172,101
10399,52.507218,13.511567,102
10399,52.510828,13.500113,103
10399,52.511088,13.499037,104
10399,52.511284,13.497873,105
10399,52.511284,13.497873,106
10399,52.511722,13.495633,107
10399,52.511847,13.494690,108
10399,52.511909,13.493968,109
10399,52.511935,13.492951,110
10399,52.512503,13.487043,111
10399,52.512503,13.487043,112
10399,52.513711,13.475211,113
10399,52.513711,13.475211,114
10399,52.514775,13.464543,115
10399,52.514775,13.464543,116
10399,52.515847,13.453888,117
10399,52.515847,13.453888,118
10399,52.516786,13.444634,119
10399,52.516786,13.444634,120
10399,52.518149,13.431547,121
10399,52.518149,13.431547,122
10399,52.518309,13.430191,123
10399,52.518540,13.428878,124
10399,52.519290,13.426002,125
10399,52.520917,13.420868,126
10399,52.520917,13.420868,127
10399,52.521140,13.420086,128
10399,52.521560,13.418773,129
10399,52.522025,13.417253,130
10399,52.522168,13.416693,131
10399,52.522266,13.416191,132
10399,52.522283,13.415867,133
10399,52.522265,13.415573,134
10399,52.522210,13.415293,135
10399,52.522129,13.414955,136
10399,52.521452,13.413470,137
10399,52.521452,13.413470,138
10399,52.518782,13.407929,139
10399,52.518782,13.407929,140
10399,52.517424,13.398110,141
10399,52.517424,13.398110,142
10399,52.517056,13.389052,143
10399,52.517056,13.389052,144
10399,52.516617,13.381070,145
10399,52.516617,13.381070,146
10399,52.516588,13.379951,147
10399,52.516622,13.379067,148
10399,52.516719,13.378079,149
10399,52.516914,13.376988,150
10399,52.517298,13.375866,151
10399,52.517719,13.374995,152
10399,52.518167,13.374359,153
10399,52.518615,13.373900,154
10399,52.519145,13.373528,155
10399,52.520132,13.373037,156
10399,52.520132,13.373037,157
10399,52.525329,13.370030,158
10405,52.538467,13.633208,0
10405,52.538745,13.631867,1
10405,52.539042,13.630039,2
10405,52.539240,13.628064,3
10405,52.539329,13.626517,4
10405,52.539374,13.625279,5
10405,52.539419,13.623525,6
10405,52.539383,13.621859,7
10405,52.539320,13.620754,8
10405,52.539015,13.618293,9
10405,52.539015,13.618293,10
10405,52.538691,13.615979,11
10405,52.538385,13.614373,12
10405,52.537747,13.611396,13
10405,52.537234,13.608625,14
10405,52.537027,13.607756,15
10405,52.536704,13.606562,16
10405,52.536704,13.606562,17
10405,52.536146,13.604425,18
10405,52.535634,13.602760,19
10405,52.535310,13.601655,20
10405,52.534833,13.599813,21
10405,52.533898,13.596483,22
10405,52.533898,13.596483,23
10405,52.533592,13.595437,24
10405,52.533322,13.594642,25
10405,52.533034,13.593994,26
10405,52.532594,13.593213,27
10405,52.532108,13.592594,28
10405,52.531587,13.592138,29
10405,52.531057,13.591799,30
10405,52.528504,13.590461,31
10405,52.528504,13.590461,32
10405,52.527542,13.589960,33
10405,52.526455,13.589519,34
10405,52.524702,13.588887,35
10405,52.523884,13.588696,36
10405,52.522869,13.588683,37
10405,52.520901,13.588846,38
10405,52.520901,13.588846,39
10405,52.520074,13.588980,40
10405,52.519292,13.588980,41
10405,52.518789,13.588878,42
10405,52.518214,13.588642,43
10405,52.517684,13.588274,44
10405,52.517180,13.587730,45
10405,52.516767,13.587156,46
10405,52.516479,13.586640,47
10405,52.513169,13.579794,48
10405,52.512944,13.579190,49
10405,52.512746,13.578469,50
10405,52.512620,13.577556,51
10405,52.512611,13.576569,52
10405,52.512637,13.575184,53
10405,52.512637,13.575184,54
10405,52.512663,13.573196,55
10405,52.512627,13.572695,56
10405,52.512555,13.572209,57
10405,52.512456,13.571723,58
10405,52.512339,13.571267,59
10405,52.512186,13.570810,60
10405,52.511952,13.570310,61
10405,52.511664,13.569809,62
10405,52.509964,13.567116,63
10405,52.507572,13.563850,64
10405,52.505855,13.561496,65
10405,52.505027,13.560466,66
10405,52.505027,13.560466,67
10405,52.504191,13.559275,68
10405,52.503678,13.558392,69
10405,52.503075,13.557215,70
10405,52.502535,13.556023,71
10405,52.501986,13.554654,72
10405,52.501464,13.553197,73
10405,52.501023,13.551666,74
10405,52.499699,13.546574,75
10405,52.499699,13.546574,76
10405,52.498635,13.542158,77
10405,52.497977,13.539730,78
10405,52.495192,13.528457,79
10405,52.495074,13.527912,80
10405,52.495020,13.527471,81
10405,52.495011,13.526897,82
10405,52.495073,13.526366,83
10405,52.495180,13.525748,84
10405,52.495414,13.525188,85
10405,52.495764,13.524613,86
10405,52.496087,13.524214,87
10405,52.496518,13.523860,88
10405,52.497685,13.523062,89
10405,52.497685,13.523062,90
10405,52.499733,13.521761,91
10405,52.500254,13.521363,92
10405,52.500739,13.520817,93
10405,52.501116,13.520168,94
10405,52.502488,13.517381,95
10405,52.503323,13.516113,96
10405,52.503682,13.515641,97
10405,52.506240,13.512821,98
10405,52.506240,13.512821,99
10405,52.506851,13.512172,100
10405,52.507218,13.511567,101
10405,52.510828,13.500113,102
10405,52.511088,13.499037,103
10405,52.511284,13.497873,104
10405,52.511284,13.497873,105
10405,52.511722,13.495633,106
10405,52.511847,13.494690,107
10405,52.511909,13.493968,108
10405,52.511935,13.492951,109
10405,52.512503,13.487043,110
10405,52.512503,13.487043,111
10405,52.513711,13.475211,112
10405,52.513711,13.475211,113
10405,52.514775,13.464543,114
10405,52.514775,13.464543,115
10405,52.515847,13.453888,116
10405,52.515847,13.453888,117
10405,52.516786,13.444634,118
10405,52.516786,13.444634,119
10405,52.518149,13.431547,120
10405,52.518149,13.431547,121
10405,52.518309,13.430191,122
10405,52.518540,13.428878,123
10405,52.519290,13.426002,124
10405,52.520917,13.420868,125
10405,52.520917,13.420868,126
10405,52.521140,13.420086,127
10405,52.521560,13.418773,128
10405,52.522025,13.417253,129
10405,52.522168,13.416693,130
10405,52.522266,13.416191,131
10405,52.522283,13.415867,132
10405,52.522265,13.415573,133
10405,52.522210,13.415293,134
10405,52.522129,13.414955,135
10405,52.521452,13.413470,136
10407,52.538467,13.633208,0
10407,52.538745,13.631867,1
10407,52.539042,13.630039,2
10407,52.539240,13.628064,3
10407,52.539329,13.626517,4
10407,52.539374,13.625279,5
10407,52.539419,13.623525,6
10407,52.539383,13.621859,7
10407,52.539320,13.620754,8
10407,52.539015,13.618293,9
10407,52.539015,13.618293,10
10407,52.538691,13.615979,11
10407,52.538385,13.614373,12
10407,52.537747,13.611396,13
10407,52.537234,13.608625,14
10407,52.537027,13.607756,15
10407,52.536704,13.606562,16
10407,52.536704,13.606562,17
10407,52.536146,13.604425,18
10407,52.535634,13.602760,19
10407,52.535310,13.601655,20
10407,52.534833,13.599813,21
10407,52.533898,13.596483,22
10407,52.533898,13.596483,23
10407,52.533592,13.595437,24
10407,52.533322,13.594642,25
10407,52.533034,13.593994,26
10407,52.532594,13.593213,27
10407,52.532108,13.592594,28
10407,52.531587,13.592138,29
10407,52.531057,13.591799,30
10407,52.528504,13.590461,31
10407,52.528504,13.590461,32
10407,52.527542,13.589960,33
10407,52.526455,13.589519,34
10407,52.524702,13.588887,35
10407,52.523884,13.588696,36
10407,52.522869,13.588683,37
10407,52.520901,13.588846,38
10407,52.520901,13.588846,39
10407,52.520074,13.588980,40
10407,52.519292,13.588980,41
10407,52.518789,13.588878,42
10407,52.518214,13.588642,43
10407,52.517684,13.588274,44
10407,52.517180,13.587730,45
10407,52.516767,13.587156,46
10407,52.516479,13.586640,47
10407,52.513169,13.579794,48
10407,52.512944,13.579190,49
10407,52.512746,13.578469,50
10407,52.512620,13.577556,51
10407,52.512611,13.576569,52
10407,52.512637,13.575184,53
10407,52.512637,13.575184,54
10407,52.512663,13.573196,55
10407,52.512627,13.572695,56
10407,52.512555,13.572209,57
10407,52.512456,13.571723,58
10407,52.512339,13.571267,59
10407,52.512186,13.570810,60
10407,52.511952,13.570310,61
10407,52.511664,13.569809,62
10407,52.509964,13.567116,63
10407,52.507572,13.563850,64
10407,52.505855,13.561496,65
10407,52.505027,13.560466,66
10407,52.505027,13.560466,67
10407,52.504191,13.559275,68
10407,52.503678,13.558392,69
10407,52.503075,13.557215,70
10407,52.502535,13.556023,71
10407,52.501986,13.554654,72
10407,52.501464,13.553197,73
10407,52.501023,13.551666,74
10407,52.499699,13.546574,75
10407,52.499699,13.546574,76
10407,52.498635,13.542158,77
10407,52.497977,13.539730,78
10407,52.495192,13.528457,79
10407,52.495074,13.527912,80
10407,52.495020,13.527471,81
10407,52.495011,13.526897,82
10407,52.495073,13.526366,83
10407,52.495180,13.525748,84
10407,52.495414,13.525188,85
10407,52.495764,13.524613,86
10407,52.496087,13.524214,87
10407,52.496518,13.523860,88
10407,52.497685,13.523062,89
10407,52.497685,13.523062,90
10407,52.499733,13.521761,91
10407,52.500254,13.521363,92
10407,52.500739,13.520817,93
10407,52.501116,13.520168,94
10407,52.502488,13.517381,95
10407,52.503323,13.516113,96
10407,52.503682,13.515641,97
10407,52.506240,13.512821,98
10407,52.506240,13.512821,99
10407,52.506851,13.512172,100
10407,52.507218,13.511567,101
10407,52.510828,13.500113,102
10407,52.511088,13.499037,103
10407,52.511284,13.497873,104
10407,52.511284,13.497873,105
10407,52.511722,13.495633,106
10407,52.511847,13.494690,107
10407,52.511909,13.493968,108
10407,52.511935,13.492951,109
10407,52.512503,13.487043,110
10407,52.512503,13.487043,111
10407,52.513711,13.475211,112
10407,52.513711,13.475211,113
10407,52.514775,13.464543,114
10407,52.514775,13.464543,115
10407,52.515847,13.453888,116
10407,52.515847,13.453888,117
10407,52.516786,13.444634,118
10407,52.516786,13.444634,119
10407,52.518149,13.431547,120
10407,52.518149,13.431547,121
10407,52.518309,13.430191,122
10407,52.518540,13.428878,123
10407,52.519290,13.426002,124
10407,52.520917,13.420868,125
10407,52.520917,13.420868,126
10407,52.521140,13.420086,127
10407,52.521560,13.418773,128
10407,52.522025,13.417253,129
10407,52.522168,13.416693,130
10407,52.522266,13.416191,131
10407,52.522283,13.415867,132
10407,52.522265,13.415573,133
10407,52.522210,13.415293,134
10407,52.522129,13.414955,135
10407,52.521452,13.413470,136
10407,52.521452,13.413470,137
10407,52.518782,13.407929,138
10407,52.518782,13.407929,139
10407,52.517424,13.398110,140
10407,52.517424,13.398110,141
10407,52.517056,13.389052,142
10407,52.517056,13.389052,143
10407,52.516617,13.381070,144
10407,52.516617,13.381070,145
10407,52.516588,13.379951,146
10407,52.516622,13.379067,147
10407,52.516719,13.378079,148
10407,52.516914,13.376988,149
10407,52.517298,13.375866,150
10407,52.517719,13.374995,151
10407,52.518167,13.374359,152
10407,52.518615,13.373900,153
10407,52.519145,13.373528,154
10407,52.520132,13.373037,155
10407,52.520132,13.373037,156
10407,52.520895,13.372679,157
10407,52.522134,13.371979,158
10407,52.524387,13.370846,159
10407,52.525356,13.370163,160
10400,52.538467,13.633208,0
10400,52.538745,13.631867,1
10400,52.539042,13.630039,2
10400,52.539240,13.628064,3
10400,52.539329,13.626517,4
10400,52.539374,13.625279,5
10400,52.539419,13.623525,6
10400,52.539383,13.621859,7
10400,52.539320,13.620754,8
10400,52.539015,13.618293,9
10400,52.539015,13.618293,10
10400,52.538691,13.615979,11
10400,52.538385,13.614373,12
10400,52.537747,13.611396,13
10400,52.537234,13.608625,14
10400,52.537027,13.607756,15
10400,52.536704,13.606562,16
10400,52.536704,13.606562,17
10400,52.536146,13.604425,18
10400,52.535634,13.602760,19
10400,52.535310,13.601655,20
10400,52.534833,13.599813,21
10400,52.533898,13.596483,22
10400,52.533898,13.596483,23
10400,52.533592,13.595437,24
10400,52.533322,13.594642,25
10400,52.533034,13.593994,26
10400,52.532594,13.593213,27
10400,52.532108,13.592594,28
10400,52.531587,13.592138,29
10400,52.531057,13.591799,30
10400,52.528504,13.590461,31
10400,52.528504,13.590461,32
10400,52.527542,13.589960,33
10400,52.526455,13.589519,34
10400,52.524702,13.588887,35
10400,52.523884,13.588696,36
10400,52.522869,13.588683,37
10400,52.520901,13.588846,38
10400,52.520901,13.588846,39
10400,52.520074,13.588980,40
10400,52.519292,13.588980,41
10400,52.518789,13.588878,42
10400,52.518214,13.588642,43
10400,52.517684,13.588274,44
10400,52.517180,13.587730,45
10400,52.516767,13.587156,46
10400,52.516479,13.586640,47
10400,52.513169,13.579794,48
10400,52.512944,13.579190,49
10400,52.512746,13.578469,50
10400,52.512620,13.577556,51
10400,52.512611,13.576569,52
10400,52.512637,13.575184,53
10400,52.512637,13.575184,54
10400,52.512663,13.573196,55
10400,52.512627,13.572695,56
10400,52.512555,13.572209,57
10400,52.512456,13.571723,58
10400,52.512339,13.571267,59
10400,52.512186,13.570810,60
10400,52.511952,13.570310,61
10400,52.511664,13.569809,62
10400,52.509964,13.567116,63
10400,52.507572,13.563850,64
10400,52.505855,13.561496,65
10400,52.505027,13.560466,66
10400,52.505027,13.560466,67
10400,52.504191,13.559275,68
10400,52.503678,13.558392,69
10400,52.503075,13.557215,70
10400,52.502535,13.556023,71
10400,52.501986,13.554654,72
10400,52.501464,13.553197,73
10400,52.501023,13.551666,74
10400,52.499699,13.546574,75
10400,52.499699,13.546574,76
10400,52.498635,13.542158,77
10400,52.497977,13.539730,78
10400,52.495192,13.528457,79
10400,52.495074,13.527912,80
10400,52.495020,13.527471,81
10400,52.495011,13.526897,82
10400,52.495073,13.526366,83
10400,52.495180,13.525748,84
10400,52.495414,13.525188,85
10400,52.495764,13.524613,86
10400,52.496087,13.524214,87
10400,52.496518,13.523860,88
10400,52.497685,13.523062,89
10400,52.497685,13.523062,90
10400,52.499733,13.521761,91
10400,52.500254,13.521363,92
10400,52.500739,13.520817,93
10400,52.501116,13.520168,94
10400,52.502488,13.517381,95
10400,52.503323,13.516113,96
10400,52.503682,13.515641,97
10400,52.506240,13.512821,98
10400,52.506240,13.512821,99
10400,52.506851,13.512172,100
10400,52.507218,13.511567,101
10400,52.510828,13.500113,102
10400,52.511088,13.499037,103
10400,52.511284,13.497873,104
10400,52.511284,13.497873,105
10400,52.511722,13.495633,106
10400,52.511847,13.494690,107
10400,52.511909,13.493968,108
10400,52.511935,13.492951,109
10400,52.512503,13.487043,110
10400,52.512503,13.487043,111
10400,52.513711,13.475211,112
10400,52.513711,13.475211,113
10400,52.514775,13.464543,114
10400,52.514775,13.464543,115
10400,52.515847,13.453888,116
10400,52.515847,13.453888,117
10400,52.516786,13.444634,118
10400,52.516786,13.444634,119
10400,52.518149,13.431547,120
10400,52.518149,13.431547,121
10400,52.518309,13.430191,122
10400,52.518540,13.428878,123
10400,52.519290,13.426002,124
10400,52.520917,13.420868,125
10400,52.520917,13.420868,126
10400,52.521140,13.420086,127
10400,52.521560,13.418773,128
10400,52.522025,13.417253,129
10400,52.522168,13.416693,130
10400,52.522266,13.416191,131
10400,52.522283,13.415867,132
10400,52.522265,13.415573,133
10400,52.522210,13.415293,134
10400,52.522129,13.414955,135
10400,52.521452,13.413470,136
10400,52.521452,13.413470,137
10400,52.518782,13.407929,138
10400,52.518782,13.407929,139
10400,52.517424,13.398110,140
10400,52.517424,13.398110,141
10400,52.517056,13.389052,142
10400,52.517056,13.389052,143
10400,52.516617,13.381070,144
10400,52.516617,13.381070,145
10400,52.516588,13.379951,146
10400,52.516622,13.379067,147
10400,52.516719,13.378079,148
10400,52.516914,13.376988,149
10400,52.517298,13.375866,150
10400,52.517719,13.374995,151
10400,52.518167,13.374359,152
10400,52.518615,13.373900,153
10400,52.519145,13.373528,154
10400,52.520132,13.373037,155
10400,52.520132,13.373037,156
10400,52.525329,13.370030,157
10408,52.538467,13.633208,0
10408,52.538745,13.631867,1
10408,52.539042,13.630039,2
10408,52.539240,13.628064,3
10408,52.539329,13.626517,4
10408,52.539374,13.625279,5
10408,52.539419,13.623525,6
10408,52.539383,13.621859,7
10408,52.539320,13.620754,8
10408,52.539015,13.618293,9
10408,52.539015,13.618293,10
10408,52.538691,13.615979,11
10408,52.538385,13.614373,12
10408,52.537747,13.611396,13
10408,52.537234,13.608625,14
10408,52.537027,13.607756,15
10408,52.536704,13.606562,16
10408,52.536704,13.606562,17
10408,52.536146,13.604425,18
10408,52.535634,13.602760,19
10408,52.535310,13.601655,20
10408,52.534833,13.599813,21
10408,52.533898,13.596483,22
10408,52.533898,13.596483,23
10408,52.533592,13.595437,24
10408,52.533322,13.594642,25
10408,52.533034,13.593994,26
10408,52.532594,13.593213,27
10408,52.532108,13.592594,28
10408,52.531587,13.592138,29
10408,52.531057,13.591799,30
10408,52.528504,13.590461,31
10408,52.528504,13.590461,32
10408,52.527542,13.589960,33
10408,52.526455,13.589519,34
10408,52.524702,13.588887,35
10408,52.523884,13.588696,36
10408,52.522869,13.588683,37
10408,52.520901,13.588846,38
10408,52.520901,13.588846,39
10408,52.520074,13.588980,40
10408,52.519292,13.588980,41
10408,52.518789,13.588878,42
10408,52.518214,13.588642,43
10408,52.517684,13.588274,44
10408,52.517180,13.587730,45
10408,52.516767,13.587156,46
10408,52.516479,13.586640,47
10408,52.513169,13.579794,48
10408,52.512944,13.579190,49
10408,52.512746,13.578469,50
10408,52.512620,13.577556,51
10408,52.512611,13.576569,52
10408,52.512637,13.575184,53
10408,52.512637,13.575184,54
10408,52.512663,13.573196,55
10408,52.512627,13.572695,56
10408,52.512555,13.572209,57
10408,52.512456,13.571723,58
10408,52.512339,13.571267,59
10408,52.512186,13.570810,60
10408,52.511952,13.570310,61
10408,52.511664,13.569809,62
10408,52.509964,13.567116,63
10408,52.507572,13.563850,64
10408,52.505855,13.561496,65
10408,52.505027,13.560466,66
10408,52.505027,13.560466,67
10408,52.504191,13.559289,68
10408,52.503678,13.558377,69
10408,52.503075,13.557215,70
10408,52.502535,13.556023,71
10408,52.501986,13.554639,72
10408,52.501464,13.553197,73
10408,52.501023,13.551666,74
10408,52.500275,13.548825,75
10408,52.500050,13.548266,76
10408,52.499636,13.546603,77
10408,52.499636,13.546603,78
10408,52.499311,13.545264,79
10408,52.499005,13.543718,80
10408,52.498635,13.542158,81
10408,52.497977,13.539730,82
10408,52.495192,13.528457,83
10408,52.495083,13.527912,84
10408,52.495020,13.527471,85
10408,52.495011,13.526897,86
10408,52.495073,13.526366,87
10408,52.495189,13.525748,88
10408,52.495414,13.525202,89
10408,52.495764,13.524613,90
10408,52.496096,13.524214,91
10408,52.496509,13.523875,92
10408,52.497685,13.523062,93
10408,52.497685,13.523062,94
10408,52.499733,13.521761,95
10408,52.500254,13.521363,96
10408,52.500739,13.520817,97
10408,52.501116,13.520168,98
10408,52.502488,13.517381,99
10408,52.503323,13.516113,100
10408,52.503682,13.515641,101
10408,52.506240,13.512821,102
10408,52.506240,13.512821,103
10408,52.506851,13.512172,104
10408,52.507218,13.511567,105
10408,52.510828,13.500113,106
10408,52.511088,13.499037,107
10408,52.511284,13.497873,108
10408,52.511284,13.497873,109
10408,52.511722,13.495633,110
10408,52.511847,13.494690,111
10408,52.511909,13.493968,112
10408,52.511935,13.492951,113
10408,52.512503,13.487043,114
10408,52.512503,13.487043,115
10408,52.513711,13.475211,116
10408,52.513711,13.475211,117
10408,52.514775,13.464543,118
10408,52.514775,13.464543,119
10408,52.515847,13.453888,120
10408,52.515847,13.453888,121
10408,52.516786,13.444634,122
10408,52.516786,13.444634,123
10408,52.518149,13.431547,124
10408,52.518149,13.431547,125
10408,52.518309,13.430191,126
10408,52.518540,13.428878,127
10408,52.519290,13.426002,128
10408,52.520917,13.420868,129
10408,52.520917,13.420868,130
10408,52.521140,13.420086,131
10408,52.521560,13.418773,132
10408,52.522025,13.417253,133
10408,52.522168,13.416693,134
10408,52.522266,13.416191,135
10408,52.522283,13.415867,136
10408,52.522265,13.415573,137
10408,52.522210,13.415293,138
10408,52.522129,13.414955,139
10408,52.521452,13.413470,140
10408,52.521452,13.413470,141
10408,52.518782,13.407929,142
10408,52.518782,13.407929,143
10408,52.517424,13.398110,144
10408,52.517424,13.398110,145
10408,52.517056,13.389052,146
10408,52.517056,13.389052,147
10408,52.516617,13.381070,148
10408,52.516617,13.381070,149
10408,52.516588,13.379951,150
10408,52.516622,13.379067,151
10408,52.516719,13.378079,152
10408,52.516914,13.376988,153
10408,52.517298,13.375866,154
10408,52.517719,13.374995,155
10408,52.518167,13.374359,156
10408,52.518615,13.373900,157
10408,52.519145,13.373528,158
10408,52.520132,13.373037,159
10408,52.520132,13.373037,160
10408,52.525329,13.370030,161
10435,52.543102,13.365063,0
10435,52.546414,13.359161,1
10435,52.546414,13.359161,2
10435,52.549807,13.353214,3
10435,52.549807,13.353214,4
10435,52.556626,13.341111,5
10435,52.556626,13.341111,6
10435,52.560214,13.334762,7
10435,52.560214,13.334762,8
10435,52.561824,13.331787,9
10435,52.562083,13.331269,10
10435,52.562298,13.330722,11
10435,52.562476,13.330087,12
10435,52.563286,13.327029,13
10499,52.546414,13.359088,0
10499,52.545485,13.357708,1
10499,52.544935,13.356650,2
10499,52.544221,13.355136,3
10499,52.543589,13.353577,4
10499,52.542965,13.351886,5
10499,52.542368,13.350150,6
10499,52.542368,13.350150,7
10499,52.541861,13.348798,8
10499,52.541500,13.348063,9
10499,52.539011,13.344276,10
10499,52.538470,13.343602,11
10499,52.537966,13.343119,12
10499,52.536841,13.342551,13
10499,52.536841,13.342551,14
10499,52.534511,13.341387,15
10499,52.533881,13.341229,16
10499,52.533351,13.341218,17
10499,52.532174,13.341284,18
10499,52.532174,13.341284,19
10499,52.526818,13.341304,20
10499,52.526117,13.341220,21
10499,52.526117,13.341220,22
10499,52.524454,13.340937,23
10499,52.523815,13.340911,24
10499,52.521174,13.341341,25
10499,52.517878,13.342025,26
10499,52.517878,13.342025,27
10499,52.517096,13.342178,28
10499,52.516441,13.342226,29
10499,52.515820,13.342142,30
10499,52.515128,13.341910,31
10499,52.514489,13.341576,32
10499,52.513814,13.341094,33
10499,52.513264,13.340567,34
10499,52.512814,13.340010,35
10499,52.512228,13.339204,36
10499,52.510810,13.336547,37
10499,52.510332,13.335785,38
10499,52.509773,13.335052,39
10499,52.509197,13.334511,40
10499,52.506820,13.332744,41
10499,52.506820,13.332744,42
10499,52.505964,13.332087,43
10499,52.505478,13.331767,44
10499,52.505109,13.331592,45
10499,52.502997,13.331238,46
10499,52.502997,13.331238,47
10499,52.499751,13.330789,48
10499,52.499050,13.330720,49
10499,52.497352,13.330717,50
10499,52.497352,13.330717,51
10499,52.496345,13.330738,52
10499,52.495213,13.330908,53
10499,52.492014,13.330914,54
10499,52.492014,13.330914,55
10499,52.487323,13.330813,56
10499,52.487323,13.330813,57
10499,52.477900,13.328684,58
10490,52.546414,13.359088,0
10490,52.545485,13.357708,1
10490,52.544935,13.356650,2
10490,52.544221,13.355136,3
10490,52.543589,13.353577,4
10490,52.542965,13.351886,5
10490,52.542368,13.350150,6
10490,52.542368,13.350150,7
10490,52.541861,13.348798,8
10490,52.541500,13.348063,9
10490,52.539011,13.344276,10
10490,52.538470,13.343602,11
10490,52.537966,13.343119,12
10490,52.536841,13.342551,13
10490,52.536841,13.342551,14
10490,52.534511,13.341387,15
10490,52.533881,13.341229,16
10490,52.533351,13.341218,17
10490,52.532174,13.341284,18
10490,52.532174,13.341284,19
10490,52.526818,13.341304,20
10490,52.526117,13.341220,21
10490,52.526117,13.341220,22
10490,52.524454,13.340937,23
10490,52.523815,13.340911,24
10490,52.521174,13.341341,25
10490,52.517878,13.342025,26
10490,52.517878,13.342025,27
10490,52.517096,13.342178,28
10490,52.516441,13.342226,29
10490,52.515820,13.342142,30
10490,52.515128,13.341910,31
10490,52.514489,13.341576,32
10490,52.513814,13.341094,33
10490,52.513264,13.340567,34
10490,52.512814,13.340010,35
10490,52.512228,13.339204,36
10490,52.510810,13.336547,37
10490,52.510332,13.335785,38
10490,52.509773,13.335052,39
10490,52.509197,13.334511,40
10490,52.506820,13.332744,41
10490,52.506820,13.332744,42
10490,52.505964,13.332087,43
10490,52.505478,13.331767,44
10490,52.505109,13.331592,45
10490,52.502997,13.331238,46
10490,52.502997,13.331238,47
10490,52.499751,13.330789,48
10490,52.499050,13.330720,49
10490,52.497352,13.330717,50
10490,52.497352,13.330717,51
10490,52.496345,13.330738,52
10490,52.495213,13.330908,53
10490,52.492014,13.330914,54
10490,52.492014,13.330914,55
10490,52.487323,13.330813,56
10490,52.487323,13.330813,57
10490,52.484007,13.330880,58
10490,52.483701,13.330823,59
10490,52.483287,13.330620,60
10490,52.481091,13.329045,61
10490,52.480497,13.328637,62
10490,52.480065,13.328404,63
10490,52.479435,13.328291,64
10490,52.477899,13.328316,65
10490,52.477899,13.328316,66
10490,52.475948,13.328270,67
10490,52.474070,13.328386,68
10490,52.473603,13.328433,69
10490,52.472867,13.328629,70
10490,52.472454,13.328720,71
10490,52.472157,13.328722,72
10490,52.472157,13.328722,73
10490,52.471645,13.328711,74
10490,52.470934,13.328510,75
10490,52.470548,13.328395,76
10490,52.470089,13.328354,77
10490,52.466054,13.328190,78
10490,52.466054,13.328190,79
10490,52.465227,13.328166,80
10490,52.464696,13.328022,81
10490,52.464210,13.327746,82
10490,52.460679,13.324298,83
10490,52.460679,13.324298,84
10490,52.457742,13.321552,85
10490,52.457121,13.321086,86
10490,52.456140,13.320637,87
10477,52.548723,13.388351,0
10477,52.548257,13.388884,1
10477,52.547898,13.389151,2
10477,52.547467,13.389330,3
10477,52.547153,13.389391,4
10477,52.546326,13.389366,5
10477,52.545904,13.389457,6
10477,52.545437,13.389754,7
10477,52.545105,13.390095,8
10477,52.544469,13.390983,9
10477,52.543922,13.391575,10
10477,52.542154,13.392955,11
10477,52.542154,13.392955,12
10477,52.537282,13.396710,13
10477,52.537282,13.396710,14
10477,52.536672,13.397199,15
10477,52.536322,13.397422,16
10477,52.536043,13.397556,17
10477,52.532838,13.398752,18
10477,52.532505,13.398931,19
10477,52.532173,13.399139,20
10477,52.530343,13.400695,21
10477,52.530343,13.400695,22
10477,52.527777,13.402830,23
10477,52.527490,13.403023,24
10477,52.527167,13.403246,25
10477,52.526430,13.403485,26
10477,52.526170,13.403619,27
10477,52.525919,13.403974,28
10477,52.525427,13.405038,29
10477,52.525427,13.405038,30
10477,52.525078,13.405791,31
10477,52.524944,13.406219,32
10477,52.524837,13.406735,33
10477,52.524694,13.407354,34
10477,52.524327,13.408329,35
10477,52.524166,13.408727,36
10477,52.523933,13.408994,37
10477,52.523718,13.409142,38
10477,52.522892,13.409426,39
10477,52.522649,13.409648,40
10477,52.522488,13.409899,41
10477,52.522112,13.410918,42
10477,52.521915,13.411346,43
10477,52.520947,13.412633,44
10477,52.520947,13.412633,45
10477,52.520015,13.413801,46
10477,52.519692,13.414303,47
10477,52.519360,13.414747,48
10477,52.518939,13.415117,49
10477,52.518625,13.415325,50
10477,52.517942,13.415623,51
10477,52.517592,13.415904,52
10477,52.517296,13.416318,53
10477,52.516813,13.417470,54
10477,52.516580,13.417854,55
10477,52.516302,13.418076,56
10477,52.516068,13.418121,57
10477,52.515592,13.418138,58
10477,52.515592,13.418138,59
10477,52.515008,13.418067,60
10477,52.513039,13.417429,61
10477,52.511078,13.416495,62
10477,52.510124,13.415734,63
10477,52.510124,13.415734,64
10477,52.503644,13.410625,65
10477,52.503644,13.410625,66
10477,52.502564,13.409777,67
10477,52.502304,13.409689,68
10477,52.502061,13.409691,69
10477,52.501854,13.409751,70
10477,52.501594,13.409973,71
10477,52.501317,13.410475,72
10477,52.499468,13.416963,73
10477,52.499244,13.417391,74
10477,52.498913,13.417893,75
10477,52.498913,13.417893,76
10477,52.498446,13.418455,77
10477,52.497126,13.419197,78
10477,52.496759,13.419494,79
10477,52.496265,13.420173,80
10477,52.496005,13.420425,81
10477,52.495709,13.420559,82
10477,52.495314,13.420678,83
10477,52.494963,13.420783,84
10477,52.493491,13.421717,85
10477,52.493491,13.421717,86
10477,52.488222,13.424995,87
10477,52.487763,13.425012,88
10477,52.486477,13.424326,89
10477,52.486477,13.424326,90
10477,52.486001,13.424166,91
10477,52.485614,13.424139,92
10477,52.485021,13.424215,93
10477,52.484500,13.424365,94
10477,52.483926,13.424618,95
10477,52.483611,13.424707,96
10477,52.482092,13.424758,97
10477,52.481293,13.424880,98
10477,52.480188,13.425194,99
10477,52.480188,13.425194,100
10477,52.478059,13.425910,101
10477,52.475276,13.427144,102
10477,52.473408,13.428065,103
10477,52.473408,13.428065,104
10477,52.469682,13.430039,105
10477,52.469440,13.430246,106
10477,52.467716,13.431240,107
10484,52.548750,13.388409,0
10484,52.549019,13.388025,1
10484,52.549279,13.387581,2
10484,52.549485,13.387049,3
10484,52.549771,13.386281,4
10484,52.550030,13.385734,5
10484,52.551553,13.383175,6
10484,52.551857,13.382540,7
10484,52.552259,13.381535,8
10484,52.552259,13.381535,9
10484,52.552599,13.380693,10
10484,52.553089,13.378847,11
10484,52.553393,13.378020,12
10484,52.553733,13.377354,13
10484,52.554109,13.376836,14
10484,52.557140,13.373369,15
10484,52.557140,13.373369,16
10484,52.563466,13.364942,17
10484,52.564013,13.364348,18
10484,52.564353,13.364081,19
10484,52.564623,13.363932,20
10484,52.564623,13.363932,21
10484,52.571058,13.360501,22
10484,52.571058,13.360501,23
10484,52.571723,13.360158,24
10484,52.572144,13.359846,25
10484,52.572539,13.359430,26
10484,52.572843,13.358942,27
10484,52.573147,13.358291,28
10484,52.573353,13.357640,29
10484,52.573512,13.356769,30
10484,52.573617,13.355574,31
10484,52.573931,13.351309,32
10484,52.574195,13.349021,33
10484,52.574195,13.349021,34
10484,52.574885,13.344061,35
10484,52.575140,13.341876,36
10484,52.575245,13.340828,37
10484,52.575331,13.339205,38
10484,52.575331,13.339205,39
10484,52.575499,13.337965,40
10484,52.575668,13.337123,41
10484,52.575944,13.336324,42
10484,52.576177,13.335762,43
10484,52.576508,13.335185,44
10484,52.576893,13.334681,45
10484,52.577189,13.334384,46
10484,52.577467,13.334161,47
10484,52.578247,13.333683,48
10484,52.578840,13.333399,49
10484,52.578840,13.333399,50
10484,52.582376,13.331826,51
10484,52.583193,13.331349,52
10484,52.583911,13.330783,53
10484,52.584457,13.330278,54
10484,52.584870,13.329774,55
10484,52.585416,13.329047,56
10484,52.586804,13.326987,57
10484,52.587198,13.326556,58
10484,52.587646,13.326228,59
10484,52.588454,13.325780,60
10484,52.588454,13.325780,61
10484,52.589002,13.325585,62
10484,52.589568,13.325478,63
10484,52.590206,13.325532,64
10484,52.590781,13.325735,65
10484,52.591349,13.326085,66
10484,52.592105,13.326641,67
10484,52.592663,13.327153,68
10484,52.593213,13.327799,69
10484,52.593556,13.328313,70
10484,52.593854,13.328916,71
10484,52.594468,13.330270,72
10484,52.595038,13.331800,73
10484,52.595238,13.332448,74
10484,52.595383,13.333112,75
10484,52.595474,13.333716,76
10484,52.595548,13.334394,77
10497,52.551627,13.367385,0
10497,52.546414,13.359088,1
10497,52.546414,13.359088,2
10497,52.545485,13.357708,3
10497,52.544935,13.356650,4
10497,52.544221,13.355136,5
10497,52.543589,13.353577,6
10497,52.542965,13.351886,7
10497,52.542368,13.350150,8
10497,52.542368,13.350150,9
10497,52.541861,13.348798,10
10497,52.541500,13.348063,11
10497,52.539011,13.344276,12
10497,52.538470,13.343602,13
10497,52.537966,13.343119,14
10497,52.536841,13.342551,15
10497,52.536841,13.342551,16
10497,52.534511,13.341387,17
10497,52.533881,13.341229,18
10497,52.533351,13.341218,19
10497,52.532174,13.341284,20
10497,52.532174,13.341284,21
10497,52.526818,13.341304,22
10497,52.526117,13.341220,23
10497,52.526117,13.341220,24
10497,52.524454,13.340937,25
10497,52.523815,13.340911,26
10497,52.521174,13.341341,27
10497,52.517878,13.342025,28
10497,52.517878,13.342025,29
10497,52.517096,13.342178,30
10497,52.516441,13.342226,31
10497,52.515820,13.342142,32
10497,52.515128,13.341910,33
10497,52.514489,13.341576,34
10497,52.513814,13.341094,35
10497,52.513264,13.340567,36
10497,52.512814,13.340010,37
10497,52.512228,13.339204,38
10497,52.510810,13.336547,39
10497,52.510332,13.335785,40
10497,52.509773,13.335052,41
10497,52.509197,13.334511,42
10497,52.506820,13.332744,43
10497,52.506820,13.332744,44
10497,52.505964,13.332087,45
10497,52.505478,13.331767,46
10497,52.505109,13.331592,47
10497,52.502997,13.331238,48
10497,52.502997,13.331238,49
10497,52.499751,13.330789,50
10497,52.499050,13.330720,51
10497,52.497352,13.330717,52
10497,52.497352,13.330717,53
10497,52.496345,13.330738,54
10497,52.495213,13.330908,55
10497,52.492014,13.330914,56
10497,52.492014,13.330914,57
10497,52.487323,13.330813,58
10497,52.487323,13.330813,59
10497,52.477900,13.328684,60
10483,52.557140,13.373369,0
10483,52.563466,13.364942,1
10483,52.564013,13.364348,2
10483,52.564353,13.364081,3
10483,52.564623,13.363932,4
10483,52.564623,13.363932,5
10483,52.571058,13.360501,6
10483,52.571058,13.360501,7
10483,52.571723,13.360158,8
10483,52.572144,13.359846,9
10483,52.572539,13.359430,10
10483,52.572843,13.358942,11
10483,52.573147,13.358291,12
10483,52.573353,13.357640,13
10483,52.573512,13.356769,14
10483,52.573617,13.355574,15
10483,52.573931,13.351309,16
10483,52.574195,13.349021,17
10483,52.574195,13.349021,18
10483,52.574885,13.344061,19
10483,52.575140,13.341876,20
10483,52.575245,13.340828,21
10483,52.575331,13.339205,22
10483,52.575331,13.339205,23
10483,52.575499,13.337965,24
10483,52.575668,13.337123,25
10483,52.575944,13.336324,26
10483,52.576177,13.335762,27
10483,52.576508,13.335185,28
10483,52.576893,13.334681,29
10483,52.577189,13.334384,30
10483,52.577467,13.334161,31
10483,52.578247,13.333683,32
10483,52.578840,13.333399,33
10483,52.578840,13.333399,34
10483,52.582376,13.331826,35
10483,52.583193,13.331349,36
10483,52.583911,13.330783,37
10483,52.584457,13.330278,38
10483,52.584870,13.329774,39
10483,52.585416,13.329047,40
10483,52.586804,13.326987,41
10483,52.587198,13.326556,42
10483,52.587646,13.326228,43
10483,52.588454,13.325780,44
10483,52.588454,13.325780,45
10483,52.589002,13.325585,46
10483,52.589568,13.325478,47
10483,52.590206,13.325532,48
10483,52.590781,13.325735,49
10483,52.591349,13.326085,50
10483,52.592105,13.326641,51
10483,52.592663,13.327153,52
10483,52.593213,13.327799,53
10483,52.593556,13.328313,54
10483,52.593854,13.328916,55
10483,52.594468,13.330270,56
10483,52.595038,13.331800,57
10483,52.595238,13.332448,58
10483,52.595383,13.333112,59
10483,52.595474,13.333716,60
10483,52.595548,13.334394,61
10500,52.557193,13.373192,0
10500,52.554322,13.371173,1
10500,52.553890,13.370807,2
10500,52.553566,13.370470,3
10500,52.553259,13.370089,4
10500,52.551627,13.367385,5
10500,52.551627,13.367385,6
10500,52.546414,13.359088,7
10500,52.546414,13.359088,8
10500,52.545485,13.357708,9
10500,52.544935,13.356650,10
10500,52.544221,13.355136,11
10500,52.543589,13.353577,12
10500,52.542965,13.351886,13
10500,52.542368,13.350150,14
10500,52.542368,13.350150,15
10500,52.541861,13.348798,16
10500,52.541500,13.348063,17
10500,52.539011,13.344276,18
10500,52.538470,13.343602,19
10500,52.537966,13.343119,20
10500,52.536841,13.342551,21
10500,52.536841,13.342551,22
10500,52.534511,13.341387,23
10500,52.533881,13.341229,24
10500,52.533351,13.341218,25
10500,52.532174,13.341284,26
10500,52.532174,13.341284,27
10500,52.526818,13.341304,28
10500,52.526117,13.341220,29
10500,52.526117,13.341220,30
10500,52.524454,13.340937,31
10500,52.523815,13.340911,32
10500,52.521174,13.341341,33
10500,52.517878,13.342025,34
10500,52.517878,13.342025,35
10500,52.517096,13.342178,36
10500,52.516441,13.342226,37
10500,52.515820,13.342142,38
10500,52.515128,13.341910,39
10500,52.514489,13.341576,40
10500,52.513814,13.341094,41
10500,52.513264,13.340567,42
10500,52.512814,13.340010,43
10500,52.512228,13.339204,44
10500,52.510810,13.336547,45
10500,52.510332,13.335785,46
10500,52.509773,13.335052,47
10500,52.509197,13.334511,48
10500,52.506820,13.332744,49
10498,52.557193,13.373192,0
10498,52.554322,13.371173,1
10498,52.553890,13.370807,2
10498,52.553566,13.370470,3
10498,52.553259,13.370089,4
10498,52.551627,13.367385,5
10498,52.551627,13.367385,6
10498,52.546414,13.359088,7
10498,52.546414,13.359088,8
10498,52.545485,13.357708,9
10498,52.544935,13.356650,10
10498,52.544221,13.355136,11
10498,52.543589,13.353577,12
10498,52.542965,13.351886,13
10498,52.542368,13.350150,14
10498,52.542368,13.350150,15
10498,52.541861,13.348798,16
10498,52.541500,13.348063,17
10498,52.539011,13.344276,18
10498,52.538470,13.343602,19
10498,52.537966,13.343119,20
10498,52.536841,13.342551,21
10498,52.536841,13.342551,22
10498,52.534511,13.341387,23
10498,52.533881,13.341229,24
10498,52.533351,13.341218,25
10498,52.532174,13.341284,26
10498,52.532174,13.341284,27
10498,52.526818,13.341304,28
10498,52.526117,13.341220,29
10498,52.526117,13.341220,30
10498,52.524454,13.340937,31
10498,52.523815,13.340911,32
10498,52.521174,13.341341,33
10498,52.517878,13.342025,34
10498,52.517878,13.342025,35
10498,52.517096,13.342178,36
10498,52.516441,13.342226,37
10498,52.515820,13.342142,38
10498,52.515128,13.341910,39
10498,52.514489,13.341576,40
10498,52.513814,13.341094,41
10498,52.513264,13.340567,42
10498,52.512814,13.340010,43
10498,52.512228,13.339204,44
10498,52.510810,13.336547,45
10498,52.510332,13.335785,46
10498,52.509773,13.335052,47
10498,52.509197,13.334511,48
10498,52.506820,13.332744,49
10498,52.506820,13.332744,50
10498,52.505964,13.332087,51
10498,52.505478,13.331767,52
10498,52.505109,13.331592,53
10498,52.502997,13.331238,54
10498,52.502997,13.331238,55
10498,52.499751,13.330789,56
10498,52.499050,13.330720,57
10498,52.497352,13.330717,58
10498,52.497352,13.330717,59
10498,52.496345,13.330738,60
10498,52.495213,13.330908,61
10498,52.492014,13.330914,62
10498,52.492014,13.330914,63
10498,52.487323,13.330813,64
10498,52.487323,13.330813,65
10498,52.477900,13.328684,66
10494,52.557193,13.373192,0
10494,52.554322,13.371173,1
10494,52.553890,13.370807,2
10494,52.553566,13.370470,3
10494,52.553259,13.370089,4
10494,52.551627,13.367385,5
10494,52.551627,13.367385,6
10494,52.546414,13.359088,7
10494,52.546414,13.359088,8
10494,52.545485,13.357708,9
10494,52.544935,13.356650,10
10494,52.544221,13.355136,11
10494,52.543589,13.353577,12
10494,52.542965,13.351886,13
10494,52.542368,13.350150,14
10494,52.542368,13.350150,15
10494,52.541861,13.348798,16
10494,52.541500,13.348063,17
10494,52.539011,13.344276,18
10494,52.538470,13.343602,19
10494,52.537966,13.343119,20
10494,52.536841,13.342551,21
10494,52.536841,13.342551,22
10494,52.534511,13.341387,23
10494,52.533881,13.341229,24
10494,52.533351,13.341218,25
10494,52.532174,13.341284,26
10494,52.532174,13.341284,27
10494,52.526818,13.341304,28
10494,52.526117,13.341220,29
10494,52.526117,13.341220,30
10494,52.524454,13.340937,31
10494,52.523815,13.340911,32
10494,52.521174,13.341341,33
10494,52.517878,13.342025,34
10494,52.517878,13.342025,35
10494,52.517096,13.342178,36
10494,52.516441,13.342226,37
10494,52.515820,13.342142,38
10494,52.515128,13.341910,39
10494,52.514489,13.341576,40
10494,52.513814,13.341094,41
10494,52.513264,13.340567,42
10494,52.512814,13.340010,43
10494,52.512228,13.339204,44
10494,52.510810,13.336547,45
10494,52.510332,13.335785,46
10494,52.509773,13.335052,47
10494,52.509197,13.334511,48
10494,52.506820,13.332744,49
10494,52.506820,13.332744,50
10494,52.505964,13.332087,51
10494,52.505478,13.331767,52
10494,52.505109,13.331592,53
10494,52.502997,13.331238,54
10494,52.502997,13.331238,55
10494,52.499751,13.330789,56
10494,52.499050,13.330720,57
10494,52.497352,13.330717,58
10494,52.497352,13.330717,59
10494,52.496345,13.330738,60
10494,52.495213,13.330908,61
10494,52.492014,13.330914,62
10494,52.492014,13.330914,63
10494,52.487323,13.330813,64
10494,52.487323,13.330813,65
10494,52.484007,13.330880,66
10494,52.483701,13.330823,67
10494,52.483287,13.330620,68
10494,52.481091,13.329045,69
10494,52.480497,13.328637,70
10494,52.480065,13.328404,71
10494,52.479435,13.328291,72
10494,52.477899,13.328316,73
10494,52.477899,13.328316,74
10494,52.475948,13.328270,75
10494,52.474070,13.328386,76
10494,52.473603,13.328433,77
10494,52.472867,13.328629,78
10494,52.472454,13.328720,79
10494,52.472157,13.328722,80
10488,52.557193,13.373192,0
10488,52.554322,13.371173,1
10488,52.553890,13.370807,2
10488,52.553566,13.370470,3
10488,52.553259,13.370089,4
10488,52.551627,13.367385,5
10488,52.551627,13.367385,6
10488,52.546414,13.359088,7
10488,52.546414,13.359088,8
10488,52.545485,13.357708,9
10488,52.544935,13.356650,10
10488,52.544221,13.355136,11
10488,52.543589,13.353577,12
10488,52.542965,13.351886,13
10488,52.542368,13.350150,14
10488,52.542368,13.350150,15
10488,52.541861,13.348798,16
10488,52.541500,13.348063,17
10488,52.539011,13.344276,18
10488,52.538470,13.343602,19
10488,52.537966,13.343119,20
10488,52.536841,13.342551,21
10488,52.536841,13.342551,22
10488,52.534511,13.341387,23
10488,52.533881,13.341229,24
10488,52.533351,13.341218,25
10488,52.532174,13.341284,26
10488,52.532174,13.341284,27
10488,52.526818,13.341304,28
10488,52.526117,13.341220,29
10488,52.526117,13.341220,30
10488,52.524454,13.340937,31
10488,52.523815,13.340911,32
10488,52.521174,13.341341,33
10488,52.517878,13.342025,34
10488,52.517878,13.342025,35
10488,52.517096,13.342178,36
10488,52.516441,13.342226,37
10488,52.515820,13.342142,38
10488,52.515128,13.341910,39
10488,52.514489,13.341576,40
10488,52.513814,13.341094,41
10488,52.513264,13.340567,42
10488,52.512814,13.340010,43
10488,52.512228,13.339204,44
10488,52.510810,13.336547,45
10488,52.510332,13.335785,46
10488,52.509773,13.335052,47
10488,52.509197,13.334511,48
10488,52.506820,13.332744,49
10488,52.506820,13.332744,50
10488,52.505964,13.332087,51
10488,52.505478,13.331767,52
10488,52.505109,13.331592,53
10488,52.502997,13.331238,54
10488,52.502997,13.331238,55
10488,52.499751,13.330789,56
10488,52.499050,13.330720,57
10488,52.497352,13.330717,58
10488,52.497352,13.330717,59
10488,52.496345,13.330738,60
10488,52.495213,13.330908,61
10488,52.492014,13.330914,62
10488,52.492014,13.330914,63
10488,52.487323,13.330813,64
10488,52.487323,13.330813,65
10488,52.484007,13.330880,66
10488,52.483701,13.330823,67
10488,52.483287,13.330620,68
10488,52.481091,13.329045,69
10488,52.480497,13.328637,70
10488,52.480065,13.328404,71
10488,52.479435,13.328291,72
10488,52.477899,13.328316,73
10488,52.477899,13.328316,74
10488,52.475948,13.328270,75
10488,52.474070,13.328386,76
10488,52.473603,13.328433,77
10488,52.472867,13.328629,78
10488,52.472454,13.328720,79
10488,52.472157,13.328722,80
10488,52.472157,13.328722,81
10488,52.471645,13.328711,82
10488,52.470934,13.328510,83
10488,52.470548,13.328395,84
10488,52.470089,13.328354,85
10488,52.466054,13.328190,86
10488,52.466054,13.328190,87
10488,52.465227,13.328166,88
10488,52.464696,13.328022,89
10488,52.464210,13.327746,90
10488,52.460679,13.324298,91
10488,52.460679,13.324298,92
10488,52.457742,13.321552,93
10488,52.457121,13.321086,94
10488,52.456140,13.320637,95
10326,52.559141,13.413214,0
10326,52.558773,13.413260,1
10326,52.558378,13.413409,2
10326,52.557588,13.413973,3
10326,52.557220,13.414166,4
10326,52.556771,13.414301,5
10326,52.554866,13.414605,6
10326,52.554543,13.414622,7
10326,52.554255,13.414594,8
10326,52.552070,13.414147,9
10326,52.550821,13.413917,10
10326,52.549751,13.413687,11
10326,52.549158,13.413601,12
10326,52.549158,13.413601,13
10326,52.548439,13.413457,14
10326,52.547971,13.413430,15
10326,52.547621,13.413358,16
10326,52.543809,13.412359,17
10326,52.543629,13.412331,18
10326,52.542919,13.412260,19
10326,52.542577,13.412203,20
10326,52.541975,13.412147,21
10326,52.541975,13.412147,22
10326,52.541301,13.412106,23
10326,52.540474,13.412140,24
10326,52.538102,13.412166,25
10326,52.535568,13.412429,26
10326,52.535128,13.412490,27
10326,52.533699,13.412777,28
10326,52.533457,13.412822,29
10326,52.533160,13.412794,30
10326,52.532432,13.412650,31
10326,52.532432,13.412650,32
10326,52.531839,13.412521,33
10326,52.531515,13.412345,34
10326,52.531209,13.412037,35
10326,52.530479,13.410965,36
10326,52.529677,13.410026,37
10326,52.529381,13.409807,38
10326,52.529165,13.409763,39
10326,52.528922,13.409794,40
10326,52.527674,13.410419,41
10326,52.527674,13.410419,42
10326,52.526498,13.411014,43
10326,52.526256,13.411089,44
10326,52.526040,13.411061,45
10326,52.525833,13.410973,46
10326,52.524564,13.409992,47
10326,52.524366,13.409905,48
10326,52.524124,13.409921,49
10326,52.523836,13.410158,50
10326,52.523398,13.410926,51
10326,52.522869,13.411695,52
10326,52.522627,13.412153,53
10326,52.522000,13.413452,54
10326,52.521660,13.414014,55
10326,52.521660,13.414014,56
10326,52.521453,13.414280,57
10326,52.521220,13.414517,58
10326,52.520960,13.414621,59
10326,52.520708,13.414564,60
10326,52.520537,13.414417,61
10326,52.520366,13.414153,62
10326,52.519960,13.413094,63
10326,52.519418,13.411785,64
10326,52.519238,13.411506,65
10326,52.519040,13.411360,66
10326,52.518797,13.411288,67
10326,52.518591,13.411377,68
10326,52.518115,13.411821,69
10326,52.517729,13.412162,70
10326,52.517424,13.412281,71
10326,52.517190,13.412327,72
10326,52.517190,13.412327,73
10326,52.516651,13.412359,74
10326,52.513460,13.411903,75
10326,52.513199,13.411786,76
10326,52.512920,13.411508,77
10326,52.512731,13.411214,78
10326,52.512370,13.410141,79
10326,52.512370,13.410141,80
10326,52.512189,13.409523,81
10326,52.511926,13.408478,82
10326,52.511402,13.406758,83
10326,52.511320,13.406198,84
10326,52.511283,13.405595,85
10326,52.511342,13.403709,86
10326,52.511342,13.403709,87
10326,52.511393,13.402148,88
10326,52.511482,13.401646,89
10326,52.511607,13.401233,90
10326,52.513101,13.397602,91
10326,52.513199,13.397292,92
10326,52.513208,13.397012,93
10326,52.513233,13.396394,94
10326,52.513340,13.395863,95
10326,52.513384,13.395479,96
10326,52.513384,13.395479,97
10326,52.513383,13.394964,98
10326,52.513346,13.394301,99
10326,52.513273,13.393889,100
10326,52.513138,13.393536,101
10326,52.512985,13.393346,102
10326,52.512616,13.393009,103
10326,52.512471,13.392848,104
10326,52.512354,13.392539,105
10326,52.512290,13.392142,106
10326,52.512197,13.390566,107
10326,52.512197,13.390566,108
10326,52.511919,13.386105,109
10326,52.511791,13.385001,110
10326,52.511791,13.385001,111
10326,52.511654,13.384191,112
10326,52.511382,13.382955,113
10326,52.511228,13.382087,114
10326,52.511100,13.381072,115
10326,52.511036,13.380719,116
10326,52.510909,13.380336,117
10326,52.510684,13.379955,118
10326,52.510018,13.379354,119
10326,52.509657,13.378988,120
10326,52.509378,13.378533,121
10326,52.509035,13.377902,122
10326,52.509035,13.377902,123
10326,52.508783,13.377565,124
10326,52.508315,13.377169,125
10326,52.506749,13.376295,126
10326,52.506057,13.376092,127
10326,52.505580,13.375830,128
10326,52.504275,13.375072,129
10326,52.503816,13.374853,130
10326,52.503816,13.374853,131
10326,52.501946,13.374275,132
10326,52.500759,13.374032,133
10326,52.500418,13.374048,134
10326,52.500058,13.374139,135
10326,52.499816,13.374140,136
10326,52.499501,13.374083,137
10326,52.499501,13.374083,138
10326,52.498305,13.373810,139
10326,52.497613,13.373475,140
10326,52.497451,13.373300,141
10326,52.497216,13.372918,142
10326,52.497107,13.372565,143
10326,52.497025,13.371991,144
10326,52.496972,13.367943,145
10326,52.497007,13.367501,146
10326,52.497229,13.366292,147
10326,52.497226,13.365188,148
10326,52.497608,13.363153,149
10326,52.497608,13.363153,150
10326,52.497875,13.361782,151
10326,52.499395,13.354587,152
10326,52.499395,13.354587,153
10326,52.500364,13.350002,154
10326,52.501857,13.342997,155
10326,52.501857,13.342997,156
10326,52.502053,13.342172,157
10326,52.502276,13.341507,158
10326,52.504071,13.336989,159
10326,52.504196,13.336738,160
10326,52.504385,13.336546,161
10326,52.504726,13.336352,162
10326,52.504914,13.336144,163
10326,52.505075,13.335849,164
10326,52.505164,13.335451,165
10326,52.505198,13.334905,166
10326,52.505243,13.334625,167
10326,52.505350,13.334286,168
10326,52.505922,13.333016,169
10326,52.505922,13.333016,170
10326,52.508862,13.326442,171
10326,52.509157,13.325865,172
10326,52.509425,13.325451,173
10326,52.511798,13.322121,174
10326,52.511798,13.322121,175
10326,52.512506,13.321100,176
10326,52.512595,13.320790,177
10326,52.512639,13.320465,178
10326,52.512638,13.320141,179
10326,52.512344,13.317507,180
10326,52.512017,13.312840,181
10326,52.511966,13.310704,182
10326,52.511966,13.310704,183
10326,52.511520,13.305125,184
10326,52.511520,13.305125,185
10326,52.510901,13.295836,186
10326,52.510901,13.295836,187
10326,52.510110,13.283086,188
10326,52.510110,13.283086,189
10326,52.509621,13.275755,190
10326,52.509619,13.275004,191
10326,52.509671,13.274356,192
10326,52.509908,13.272601,193
10330,52.559141,13.413214,0
10330,52.558773,13.413260,1
10330,52.558378,13.413409,2
10330,52.557588,13.413973,3
10330,52.557220,13.414166,4
10330,52.556771,13.414301,5
10330,52.554866,13.414605,6
10330,52.554543,13.414622,7
10330,52.554255,13.414594,8
10330,52.552070,13.414147,9
10330,52.550821,13.413917,10
10330,52.549751,13.413687,11
10330,52.549158,13.413601,12
10330,52.549158,13.413601,13
10330,52.548439,13.413457,14
10330,52.547971,13.413430,15
10330,52.547621,13.413358,16
10330,52.543809,13.412359,17
10330,52.543629,13.412331,18
10330,52.542919,13.412260,19
10330,52.542577,13.412203,20
10330,52.541975,13.412147,21
10330,52.541975,13.412147,22
10330,52.541301,13.412106,23
10330,52.540474,13.412140,24
10330,52.538102,13.412166,25
10330,52.535568,13.412429,26
10330,52.535128,13.412490,27
10330,52.533699,13.412777,28
10330,52.533457,13.412822,29
10330,52.533160,13.412794,30
10330,52.532432,13.412650,31
10330,52.532432,13.412650,32
10330,52.531839,13.412521,33
10330,52.531515,13.412345,34
10330,52.531209,13.412037,35
10330,52.530479,13.410965,36
10330,52.529677,13.410026,37
10330,52.529381,13.409807,38
10330,52.529165,13.409763,39
10330,52.528922,13.409794,40
10330,52.527674,13.410419,41
10330,52.527674,13.410419,42
10330,52.526498,13.411014,43
10330,52.526256,13.411089,44
10330,52.526040,13.411061,45
10330,52.525833,13.410973,46
10330,52.524564,13.409992,47
10330,52.524366,13.409905,48
10330,52.524124,13.409921,49
10330,52.523836,13.410158,50
10330,52.523398,13.410926,51
10330,52.522869,13.411695,52
10330,52.522627,13.412153,53
10330,52.522000,13.413452,54
10330,52.521660,13.414014,55
10330,52.521660,13.414014,56
10330,52.521453,13.414280,57
10330,52.521220,13.414517,58
10330,52.520960,13.414621,59
10330,52.520708,13.414564,60
10330,52.520537,13.414417,61
10330,52.520366,13.414153,62
10330,52.519960,13.413094,63
10330,52.519418,13.411785,64
10330,52.519238,13.411506,65
10330,52.519040,13.411360,66
10330,52.518797,13.411288,67
10330,52.518591,13.411377,68
10330,52.518115,13.411821,69
10330,52.517729,13.412162,70
10330,52.517424,13.412281,71
10330,52.517190,13.412327,72
10330,52.517190,13.412327,73
10330,52.516651,13.412359,74
10330,52.513460,13.411903,75
10330,52.513199,13.411786,76
10330,52.512920,13.411508,77
10330,52.512731,13.411214,78
10330,52.512370,13.410141,79
10330,52.512370,13.410141,80
10330,52.512189,13.409523,81
10330,52.511926,13.408478,82
10330,52.511402,13.406758,83
10330,52.511320,13.406198,84
10330,52.511283,13.405595,85
10330,52.511342,13.403709,86
10330,52.511342,13.403709,87
10330,52.511393,13.402148,88
10330,52.511482,13.401646,89
10330,52.511607,13.401233,90
10330,52.513101,13.397602,91
10330,52.513199,13.397292,92
10330,52.513208,13.397012,93
10330,52.513233,13.396394,94
10330,52.513340,13.395863,95
10330,52.513384,13.395479,96
10330,52.513384,13.395479,97
10330,52.513383,13.394964,98
10330,52.513346,13.394301,99
10330,52.513273,13.393889,100
10330,52.513138,13.393536,101
10330,52.512985,13.393346,102
10330,52.512616,13.393009,103
10330,52.512471,13.392848,104
10330,52.512354,13.392539,105
10330,52.512290,13.392142,106
10330,52.512197,13.390566,107
10330,52.512197,13.390566,108
10330,52.511919,13.386105,109
10330,52.511791,13.385001,110
10330,52.511791,13.385001,111
10330,52.511654,13.384191,112
10330,52.511382,13.382955,113
10330,52.511228,13.382087,114
10330,52.511100,13.381072,115
10330,52.511036,13.380719,116
10330,52.510909,13.380336,117
10330,52.510684,13.379955,118
10330,52.510018,13.379354,119
10330,52.509657,13.378988,120
10330,52.509378,13.378533,121
10330,52.509035,13.377902,122
10330,52.509035,13.377902,123
10330,52.508783,13.377565,124
10330,52.508315,13.377169,125
10330,52.506749,13.376295,126
10330,52.506057,13.376092,127
10330,52.505580,13.375830,128
10330,52.504275,13.375072,129
10330,52.503816,13.374853,130
10330,52.503816,13.374853,131
10330,52.501946,13.374275,132
10330,52.500759,13.374032,133
10330,52.500418,13.374048,134
10330,52.500058,13.374139,135
10330,52.499816,13.374140,136
10330,52.499501,13.374083,137
10330,52.499501,13.374083,138
10330,52.498305,13.373810,139
10330,52.497613,13.373475,140
10330,52.497451,13.373300,141
10330,52.497216,13.372918,142
10330,52.497107,13.372565,143
10330,52.497025,13.371991,144
10330,52.496972,13.367943,145
10330,52.497007,13.367501,146
10330,52.497229,13.366292,147
10330,52.497226,13.365188,148
10330,52.497608,13.363153,149
10330,52.497608,13.363153,150
10330,52.497875,13.361782,151
10330,52.499395,13.354587,152
10330,52.499395,13.354587,153
10330,52.500364,13.350002,154
10330,52.501857,13.342997,155
10330,52.501857,13.342997,156
10330,52.502053,13.342172,157
10330,52.502276,13.341507,158
10330,52.504071,13.336989,159
10330,52.504196,13.336738,160
10330,52.504385,13.336546,161
10330,52.504726,13.336352,162
10330,52.504914,13.336144,163
10330,52.505075,13.335849,164
10330,52.505164,13.335451,165
10330,52.505198,13.334905,166
10330,52.505243,13.334625,167
10330,52.505350,13.334286,168
10330,52.505922,13.333016,169
10330,52.505922,13.333016,170
10330,52.508862,13.326442,171
10330,52.509157,13.325865,172
10330,52.509425,13.325451,173
10330,52.511798,13.322121,174
10330,52.511798,13.322121,175
10330,52.512506,13.321100,176
10330,52.512595,13.320790,177
10330,52.512639,13.320465,178
10330,52.512638,13.320141,179
10330,52.512344,13.317507,180
10330,52.512017,13.312840,181
10330,52.511966,13.310704,182
10330,52.511966,13.310704,183
10330,52.511520,13.305125,184
10330,52.511520,13.305125,185
10330,52.510901,13.295836,186
10330,52.510901,13.295836,187
10330,52.510110,13.283086,188
10330,52.510110,13.283086,189
10330,52.509621,13.275755,190
10330,52.509619,13.275004,191
10330,52.509671,13.274356,192
10330,52.509908,13.272601,193
10330,52.509908,13.272601,194
10330,52.510068,13.271775,195
10330,52.510228,13.271184,196
10330,52.510477,13.270564,197
10330,52.511041,13.269617,198
10330,52.512025,13.268253,199
10330,52.515690,13.262007,200
10330,52.515905,13.261549,201
10330,52.516047,13.261062,202
10330,52.516162,13.260501,203
10330,52.516275,13.259248,204
10330,52.516275,13.259248,205
10330,52.516369,13.257612,206
10330,52.516329,13.256507,207
10330,52.516237,13.255668,208
10330,52.516062,13.254418,209
10330,52.516043,13.253947,210
10330,52.516095,13.253431,211
10330,52.516200,13.252649,212
10330,52.516405,13.251940,213
10330,52.516637,13.251305,214
10330,52.516896,13.250816,215
10330,52.516896,13.250816,216
10330,52.517057,13.250579,217
10330,52.517236,13.250342,218
10330,52.520364,13.247840,219
10330,52.520642,13.247558,220
10330,52.520901,13.247217,221
10330,52.521071,13.247039,222
10330,52.521940,13.246250,223
10330,52.522460,13.245627,224
10330,52.522845,13.245344,225
10330,52.523213,13.245149,226
10330,52.524093,13.244817,227
10330,52.524353,13.244624,228
10330,52.524594,13.244371,229
10330,52.524836,13.244000,230
10330,52.525023,13.243616,231
10330,52.525175,13.243187,232
10330,52.525405,13.241992,233
10330,52.525591,13.241253,234
10352,52.559141,13.413214,0
10352,52.558773,13.413260,1
10352,52.558378,13.413409,2
10352,52.557588,13.413973,3
10352,52.557220,13.414166,4
10352,52.556771,13.414301,5
10352,52.554866,13.414605,6
10352,52.554543,13.414622,7
10352,52.554255,13.414594,8
10352,52.552070,13.414147,9
10352,52.550821,13.413917,10
10352,52.549751,13.413687,11
10352,52.549158,13.413601,12
10352,52.549158,13.413601,13
10352,52.548439,13.413457,14
10352,52.547971,13.413430,15
10352,52.547621,13.413358,16
10352,52.543809,13.412359,17
10352,52.543629,13.412331,18
10352,52.542919,13.412260,19
10352,52.542577,13.412203,20
10352,52.541975,13.412147,21
10352,52.541975,13.412147,22
10352,52.541301,13.412106,23
10352,52.540474,13.412140,24
10352,52.538102,13.412166,25
10352,52.535568,13.412429,26
10352,52.535128,13.412490,27
10352,52.533699,13.412777,28
10352,52.533457,13.412822,29
10352,52.533160,13.412794,30
10352,52.532432,13.412650,31
10352,52.532443,13.412596,32
10352,52.521633,13.414011,33
10352,52.521660,13.414014,34
10352,52.521453,13.414280,35
10352,52.521220,13.414517,36
10352,52.520960,13.414621,37
10352,52.520708,13.414564,38
10352,52.520537,13.414417,39
10352,52.520366,13.414153,40
10352,52.519960,13.413094,41
10352,52.519418,13.411785,42
10352,52.519238,13.411506,43
10352,52.519040,13.411360,44
10352,52.518797,13.411288,45
10352,52.518591,13.411377,46
10352,52.518115,13.411821,47
10352,52.517729,13.412162,48
10352,52.517424,13.412281,49
10352,52.517190,13.412327,50
10352,52.517190,13.412327,51
10352,52.516651,13.412359,52
10352,52.513460,13.411903,53
10352,52.513199,13.411786,54
10352,52.512920,13.411508,55
10352,52.512731,13.411214,56
10352,52.512370,13.410141,57
10352,52.512370,13.410141,58
10352,52.512189,13.409523,59
10352,52.511926,13.408478,60
10352,52.511402,13.406758,61
10352,52.511320,13.406198,62
10352,52.511283,13.405595,63
10352,52.511342,13.403709,64
10352,52.511342,13.403709,65
10352,52.511393,13.402148,66
10352,52.511482,13.401646,67
10352,52.511607,13.401233,68
10352,52.513101,13.397602,69
10352,52.513199,13.397292,70
10352,52.513208,13.397012,71
10352,52.513233,13.396394,72
10352,52.513340,13.395863,73
10352,52.513384,13.395479,74
10352,52.513384,13.395479,75
10352,52.513383,13.394964,76
10352,52.513346,13.394301,77
10352,52.513273,13.393889,78
10352,52.513138,13.393536,79
10352,52.512985,13.393346,80
10352,52.512616,13.393009,81
10352,52.512471,13.392848,82
10352,52.512354,13.392539,83
10352,52.512290,13.392142,84
10352,52.512197,13.390566,85
10352,52.512197,13.390566,86
10352,52.511919,13.386105,87
10352,52.511791,13.385001,88
10352,52.511791,13.385001,89
10352,52.511654,13.384191,90
10352,52.511382,13.382955,91
10352,52.511228,13.382087,92
10352,52.511100,13.381072,93
10352,52.511036,13.380719,94
10352,52.510909,13.380336,95
10352,52.510684,13.379955,96
10352,52.510018,13.379354,97
10352,52.509657,13.378988,98
10352,52.509378,13.378533,99
10352,52.509035,13.377902,100
10352,52.509035,13.377902,101
10352,52.508783,13.377565,102
10352,52.508315,13.377169,103
10352,52.506749,13.376295,104
10352,52.506057,13.376092,105
10352,52.505580,13.375830,106
10352,52.504275,13.375072,107
10352,52.503816,13.374853,108
10352,52.503816,13.374853,109
10352,52.501946,13.374275,110
10352,52.500759,13.374032,111
10352,52.500418,13.374048,112
10352,52.500058,13.374139,113
10352,52.499816,13.374140,114
10352,52.499501,13.374083,115
10352,52.499501,13.374083,116
10352,52.498305,13.373810,117
10352,52.497613,13.373475,118
10352,52.497451,13.373300,119
10352,52.497216,13.372918,120
10352,52.497107,13.372565,121
10352,52.497025,13.371991,122
10352,52.496972,13.367943,123
10352,52.497007,13.367501,124
10352,52.497229,13.366292,125
10352,52.497226,13.365188,126
10352,52.497608,13.363153,127
10352,52.497608,13.363153,128
10352,52.497875,13.361782,129
10352,52.499395,13.354587,130
10352,52.499395,13.354587,131
10352,52.500364,13.350002,132
10352,52.501857,13.342997,133
10352,52.501857,13.342997,134
10352,52.502053,13.342172,135
10352,52.502276,13.341507,136
10352,52.504071,13.336989,137
10352,52.504196,13.336738,138
10352,52.504385,13.336546,139
10352,52.504726,13.336352,140
10352,52.504914,13.336144,141
10352,52.505075,13.335849,142
10352,52.505164,13.335451,143
10352,52.505198,13.334905,144
10352,52.505243,13.334625,145
10352,52.505350,13.334286,146
10352,52.505922,13.333016,147
10352,52.505922,13.333016,148
10352,52.508862,13.326442,149
10352,52.509157,13.325865,150
10352,52.509425,13.325451,151
10352,52.511798,13.322121,152
10352,52.511798,13.322121,153
10352,52.512506,13.321100,154
10352,52.512595,13.320790,155
10352,52.512639,13.320465,156
10352,52.512638,13.320141,157
10352,52.512344,13.317507,158
10352,52.512017,13.312840,159
10352,52.511966,13.310704,160
10352,52.511966,13.310704,161
10352,52.511520,13.305125,162
10352,52.511520,13.305125,163
10352,52.510901,13.295836,164
10352,52.510901,13.295836,165
10352,52.510110,13.283086,166
10352,52.510110,13.283086,167
10352,52.509621,13.275755,168
10352,52.509619,13.275004,169
10352,52.509671,13.274356,170
10352,52.509908,13.272601,171
10351,52.559141,13.413214,0
10351,52.558773,13.413260,1
10351,52.558378,13.413409,2
10351,52.557588,13.413973,3
10351,52.557220,13.414166,4
10351,52.556771,13.414301,5
10351,52.554866,13.414605,6
10351,52.554543,13.414622,7
10351,52.554255,13.414594,8
10351,52.552070,13.414147,9
10351,52.550821,13.413917,10
10351,52.549751,13.413687,11
10351,52.549158,13.413601,12
10351,52.549158,13.413601,13
10351,52.548439,13.413457,14
10351,52.547971,13.413430,15
10351,52.547621,13.413358,16
10351,52.543809,13.412359,17
10351,52.543629,13.412331,18
10351,52.542919,13.412260,19
10351,52.542577,13.412203,20
10351,52.541975,13.412147,21
10351,52.541975,13.412147,22
10351,52.541301,13.412106,23
10351,52.540474,13.412140,24
10351,52.538102,13.412166,25
10351,52.535568,13.412429,26
10351,52.535128,13.412490,27
10351,52.533699,13.412777,28
10351,52.533457,13.412822,29
10351,52.533160,13.412794,30
10351,52.532432,13.412650,31
10351,52.532443,13.412596,32
10351,52.521633,13.414011,33
10351,52.521660,13.414014,34
10351,52.521453,13.414280,35
10351,52.521220,13.414517,36
10351,52.520960,13.414621,37
10351,52.520708,13.414564,38
10351,52.520537,13.414417,39
10351,52.520366,13.414153,40
10351,52.519960,13.413094,41
10351,52.519418,13.411785,42
10351,52.519238,13.411506,43
10351,52.519040,13.411360,44
10351,52.518797,13.411288,45
10351,52.518591,13.411377,46
10351,52.518115,13.411821,47
10351,52.517729,13.412162,48
10351,52.517424,13.412281,49
10351,52.517190,13.412327,50
10351,52.517190,13.412327,51
10351,52.516651,13.412359,52
10351,52.513460,13.411903,53
10351,52.513199,13.411786,54
10351,52.512920,13.411508,55
10351,52.512731,13.411214,56
10351,52.512370,13.410141,57
10351,52.512370,13.410141,58
10351,52.512189,13.409523,59
10351,52.511926,13.408478,60
10351,52.511402,13.406758,61
10351,52.511320,13.406198,62
10351,52.511283,13.405595,63
10351,52.511342,13.403709,64
10351,52.511342,13.403709,65
10351,52.511393,13.402148,66
10351,52.511482,13.401646,67
10351,52.511607,13.401233,68
10351,52.513101,13.397602,69
10351,52.513199,13.397292,70
10351,52.513208,13.397012,71
10351,52.513233,13.396394,72
10351,52.513340,13.395863,73
10351,52.513384,13.395479,74
10351,52.513384,13.395479,75
10351,52.513383,13.394964,76
10351,52.513346,13.394301,77
10351,52.513273,13.393889,78
10351,52.513138,13.393536,79
10351,52.512985,13.393346,80
10351,52.512616,13.393009,81
10351,52.512471,13.392848,82
10351,52.512354,13.392539,83
10351,52.512290,13.392142,84
10351,52.512197,13.390566,85
10351,52.512197,13.390566,86
10351,52.511919,13.386105,87
10351,52.511791,13.385001,88
10351,52.511791,13.385001,89
10351,52.511654,13.384191,90
10351,52.511382,13.382955,91
10351,52.511228,13.382087,92
10351,52.511100,13.381072,93
10351,52.511036,13.380719,94
10351,52.510909,13.380336,95
10351,52.510684,13.379955,96
10351,52.510018,13.379354,97
10351,52.509657,13.378988,98
10351,52.509378,13.378533,99
10351,52.509035,13.377902,100
10351,52.509035,13.377902,101
10351,52.508783,13.377565,102
10351,52.508315,13.377169,103
10351,52.506749,13.376295,104
10351,52.506057,13.376092,105
10351,52.505580,13.375830,106
10351,52.504275,13.375072,107
10351,52.503816,13.374853,108
10351,52.503816,13.374853,109
10351,52.501946,13.374275,110
10351,52.500759,13.374032,111
10351,52.500418,13.374048,112
10351,52.500058,13.374139,113
10351,52.499816,13.374140,114
10351,52.499501,13.374083,115
10351,52.499501,13.374083,116
10351,52.498305,13.373810,117
10351,52.497613,13.373475,118
10351,52.497451,13.373300,119
10351,52.497216,13.372918,120
10351,52.497107,13.372565,121
10351,52.497025,13.371991,122
10351,52.496972,13.367943,123
10351,52.497007,13.367501,124
10351,52.497229,13.366292,125
10351,52.497226,13.365188,126
10351,52.497608,13.363153,127
10351,52.497608,13.363153,128
10351,52.497875,13.361782,129
10351,52.499395,13.354587,130
10351,52.499395,13.354587,131
10351,52.500364,13.350002,132
10351,52.501857,13.342997,133
10351,52.501857,13.342997,134
10351,52.502053,13.342172,135
10351,52.502276,13.341507,136
10351,52.504071,13.336989,137
10351,52.504196,13.336738,138
10351,52.504385,13.336546,139
10351,52.504726,13.336352,140
10351,52.504914,13.336144,141
10351,52.505075,13.335849,142
10351,52.505164,13.335451,143
10351,52.505198,13.334905,144
10351,52.505243,13.334625,145
10351,52.505350,13.334286,146
10351,52.505922,13.333016,147
10351,52.505922,13.333016,148
10351,52.508862,13.326442,149
10351,52.509157,13.325865,150
10351,52.509425,13.325451,151
10351,52.511798,13.322121,152
10351,52.511798,13.322121,153
10351,52.512506,13.321100,154
10351,52.512595,13.320790,155
10351,52.512639,13.320465,156
10351,52.512638,13.320141,157
10351,52.512344,13.317507,158
10351,52.512017,13.312840,159
10351,52.511966,13.310704,160
10351,52.511966,13.310704,161
10351,52.511520,13.305125,162
10351,52.511520,13.305125,163
10351,52.510901,13.295836,164
10351,52.510901,13.295836,165
10351,52.510110,13.283086,166
10351,52.510110,13.283086,167
10351,52.509621,13.275755,168
10351,52.509619,13.275004,169
10351,52.509671,13.274356,170
10351,52.509908,13.272601,171
10351,52.509908,13.272601,172
10351,52.510068,13.271775,173
10351,52.510228,13.271184,174
10351,52.510477,13.270564,175
10351,52.511041,13.269617,176
10351,52.512025,13.268253,177
10351,52.515690,13.262007,178
10351,52.515905,13.261549,179
10351,52.516047,13.261062,180
10351,52.516162,13.260501,181
10351,52.516275,13.259248,182
10351,52.516275,13.259248,183
10351,52.516369,13.257612,184
10351,52.516329,13.256507,185
10351,52.516237,13.255668,186
10351,52.516062,13.254418,187
10351,52.516043,13.253947,188
10351,52.516095,13.253431,189
10351,52.516200,13.252649,190
10351,52.516405,13.251940,191
10351,52.516637,13.251305,192
10351,52.516896,13.250816,193
10351,52.516896,13.250816,194
10351,52.517057,13.250579,195
10351,52.517236,13.250342,196
10351,52.520364,13.247840,197
10351,52.520642,13.247558,198
10351,52.520901,13.247217,199
10351,52.521071,13.247039,200
10351,52.521940,13.246250,201
10351,52.522460,13.245627,202
10351,52.522845,13.245344,203
10351,52.523213,13.245149,204
10351,52.524093,13.244817,205
10351,52.524353,13.244624,206
10351,52.524594,13.244371,207
10351,52.524836,13.244000,208
10351,52.525023,13.243616,209
10351,52.525175,13.243187,210
10351,52.525405,13.241992,211
10351,52.525591,13.241253,212
10428,52.563223,13.326985,0
10428,52.562413,13.330087,1
10428,52.562244,13.330678,2
10428,52.562047,13.331196,3
10428,52.561770,13.331773,4
10428,52.560169,13.334659,5
10428,52.560169,13.334659,6
10428,52.556581,13.341023,7
10428,52.556581,13.341023,8
10428,52.549725,13.353082,9
10428,52.549725,13.353082,10
10428,52.549332,13.353777,11
10428,52.549180,13.354088,12
10428,52.548759,13.354946,13
10428,52.546378,13.359103,14
10428,52.546378,13.359103,15
10428,52.543048,13.364974,16
10427,52.563223,13.326985,0
10427,52.562413,13.330087,1
10427,52.562244,13.330678,2
10427,52.562047,13.331196,3
10427,52.561770,13.331773,4
10427,52.560169,13.334659,5
10427,52.560169,13.334659,6
10427,52.556581,13.341023,7
10427,52.556581,13.341023,8
10427,52.549725,13.353082,9
10427,52.549725,13.353082,10
10427,52.549332,13.353777,11
10427,52.549180,13.354088,12
10427,52.548759,13.354946,13
10427,52.546378,13.359103,14
10427,52.546378,13.359103,15
10427,52.543048,13.364974,16
10427,52.543048,13.364974,17
10427,52.540443,13.369559,18
10427,52.540076,13.370092,19
10427,52.540076,13.370092,20
10427,52.536269,13.375921,21
10427,52.535552,13.376750,22
10427,52.535552,13.376750,23
10427,52.531357,13.382020,24
10427,52.531357,13.382020,25
10427,52.527682,13.386637,26
10427,52.527395,13.386889,27
10427,52.527162,13.387023,28
10427,52.526821,13.387143,29
10427,52.525545,13.387312,30
10427,52.525545,13.387312,31
10427,52.520218,13.388269,32
10427,52.520218,13.388269,33
10427,52.516454,13.388864,34
10427,52.516454,13.388864,35
10427,52.510264,13.389869,36
10427,52.510264,13.389869,37
10427,52.506042,13.390570,38
10427,52.506042,13.390570,39
10427,52.499636,13.391605,40
10427,52.498980,13.391697,41
10427,52.498980,13.391697,42
10427,52.498324,13.391671,43
10427,52.497164,13.391353,44
10427,52.496849,13.391164,45
10427,52.495714,13.389800,46
10427,52.495246,13.389302,47
10427,52.494544,13.388717,48
10427,52.494544,13.388717,49
10427,52.494211,13.388424,50
10427,52.492024,13.387038,51
10427,52.490297,13.386355,52
10427,52.489605,13.386182,53
10427,52.488131,13.385940,54
10427,52.486962,13.385814,55
10427,52.485884,13.385834,56
10426,52.563223,13.326985,0
10426,52.562413,13.330087,1
10426,52.562244,13.330678,2
10426,52.562047,13.331196,3
10426,52.561770,13.331773,4
10426,52.560169,13.334659,5
10426,52.560169,13.334659,6
10426,52.556581,13.341023,7
10426,52.556581,13.341023,8
10426,52.549725,13.353082,9
10426,52.549725,13.353082,10
10426,52.549332,13.353777,11
10426,52.549180,13.354088,12
10426,52.548759,13.354946,13
10426,52.546378,13.359103,14
10426,52.546378,13.359103,15
10426,52.543048,13.364974,16
10426,52.543048,13.364974,17
10426,52.540443,13.369559,18
10426,52.540076,13.370092,19
10426,52.540076,13.370092,20
10426,52.536269,13.375921,21
10426,52.535552,13.376750,22
10426,52.535552,13.376750,23
10426,52.531357,13.382020,24
10426,52.531357,13.382020,25
10426,52.527682,13.386637,26
10426,52.527395,13.386889,27
10426,52.527162,13.387023,28
10426,52.526821,13.387143,29
10426,52.525545,13.387312,30
10426,52.525545,13.387312,31
10426,52.520218,13.388269,32
10426,52.520218,13.388269,33
10426,52.516454,13.388864,34
10426,52.516454,13.388864,35
10426,52.510264,13.389869,36
10426,52.510264,13.389869,37
10426,52.506042,13.390570,38
10426,52.506042,13.390570,39
10426,52.499636,13.391605,40
10426,52.498980,13.391697,41
10426,52.498980,13.391697,42
10426,52.498324,13.391671,43
10426,52.497164,13.391353,44
10426,52.496849,13.391164,45
10426,52.495714,13.389800,46
10426,52.495246,13.389302,47
10426,52.494544,13.388717,48
10426,52.494544,13.388717,49
10426,52.494211,13.388424,50
10426,52.492024,13.387038,51
10426,52.490297,13.386355,52
10426,52.489605,13.386182,53
10426,52.488131,13.385940,54
10426,52.486962,13.385814,55
10426,52.485884,13.385834,56
10426,52.485884,13.385834,57
10426,52.484266,13.385828,58
10426,52.483961,13.385904,59
10426,52.483207,13.386217,60
10426,52.482713,13.386293,61
10426,52.478246,13.386215,62
10426,52.478246,13.386215,63
10426,52.472647,13.386068,64
10426,52.472198,13.385953,65
10426,52.471514,13.385677,66
10426,52.470983,13.385533,67
10426,52.469743,13.385569,68
10431,52.563223,13.326985,0
10431,52.562413,13.330087,1
10431,52.562244,13.330678,2
10431,52.562047,13.331196,3
10431,52.561770,13.331773,4
10431,52.560169,13.334659,5
10431,52.560169,13.334659,6
10431,52.556581,13.341023,7
10431,52.556581,13.341023,8
10431,52.549725,13.353082,9
10431,52.549725,13.353082,10
10431,52.549332,13.353777,11
10431,52.549180,13.354088,12
10431,52.548759,13.354946,13
10431,52.546378,13.359103,14
10431,52.546378,13.359103,15
10431,52.543048,13.364974,16
10431,52.543048,13.364974,17
10431,52.540443,13.369559,18
10431,52.540076,13.370092,19
10431,52.540076,13.370092,20
10431,52.536269,13.375921,21
10431,52.535552,13.376750,22
10431,52.535552,13.376750,23
10431,52.531357,13.382020,24
10431,52.531357,13.382020,25
10431,52.527682,13.386637,26
10431,52.527395,13.386889,27
10431,52.527162,13.387023,28
10431,52.526821,13.387143,29
10431,52.525545,13.387312,30
10431,52.525545,13.387312,31
10431,52.520218,13.388269,32
10431,52.520218,13.388269,33
10431,52.516454,13.388864,34
10431,52.516454,13.388864,35
10431,52.510264,13.389869,36
10431,52.510264,13.389869,37
10431,52.506042,13.390570,38
10431,52.506042,13.390570,39
10431,52.499636,13.391605,40
10431,52.498980,13.391697,41
10431,52.498980,13.391697,42
10431,52.498324,13.391671,43
10431,52.497164,13.391353,44
10431,52.496849,13.391164,45
10431,52.495714,13.389800,46
10431,52.495246,13.389302,47
10431,52.494544,13.388717,48
10431,52.494544,13.388717,49
10431,52.494211,13.388424,50
10431,52.492024,13.387038,51
10431,52.490297,13.386355,52
10431,52.489605,13.386182,53
10431,52.488131,13.385940,54
10431,52.486962,13.385814,55
10431,52.485884,13.385834,56
10431,52.485884,13.385834,57
10431,52.484266,13.385828,58
10431,52.483961,13.385904,59
10431,52.483207,13.386217,60
10431,52.482713,13.386293,61
10431,52.478246,13.386215,62
10431,52.478246,13.386215,63
10431,52.472647,13.386068,64
10431,52.472198,13.385953,65
10431,52.471514,13.385677,66
10431,52.470983,13.385533,67
10431,52.469743,13.385569,68
10431,52.469743,13.385569,69
10431,52.468647,13.385649,70
10431,52.465358,13.385593,71
10431,52.465358,13.385593,72
10431,52.464181,13.385570,73
10431,52.463758,13.385528,74
10431,52.463345,13.385457,75
10431,52.460081,13.384607,76
10431,52.460081,13.384607,77
10431,52.457240,13.383960,78
10431,52.456772,13.383904,79
10431,52.456188,13.383907,80
10431,52.455398,13.384044,81
10431,52.453861,13.384347,82
10431,52.453861,13.384347,83
10431,52.452882,13.384514,84
10431,52.451984,13.384578,85
10431,52.446315,13.385609,86
10431,52.446315,13.385609,87
10431,52.443261,13.386229,88
10431,52.442722,13.386379,89
10431,52.439911,13.387394,90
10425,52.563223,13.326985,0
10425,52.562413,13.330087,1
10425,52.562244,13.330678,2
10425,52.562047,13.331196,3
10425,52.561770,13.331773,4
10425,52.560169,13.334659,5
10425,52.560169,13.334659,6
10425,52.556581,13.341023,7
10425,52.556581,13.341023,8
10425,52.549725,13.353082,9
10425,52.549725,13.353082,10
10425,52.549332,13.353777,11
10425,52.549180,13.354088,12
10425,52.548759,13.354946,13
10425,52.546378,13.359103,14
10425,52.546378,13.359103,15
10425,52.543048,13.364974,16
10425,52.543048,13.364974,17
10425,52.540443,13.369559,18
10425,52.540076,13.370092,19
10425,52.540076,13.370092,20
10425,52.536269,13.375921,21
10425,52.535552,13.376750,22
10425,52.535552,13.376750,23
10425,52.531357,13.382020,24
10425,52.531357,13.382020,25
10425,52.527682,13.386637,26
10425,52.527395,13.386889,27
10425,52.527162,13.387023,28
10425,52.526821,13.387143,29
10425,52.525545,13.387312,30
10425,52.525545,13.387312,31
10425,52.520218,13.388269,32
10425,52.520218,13.388269,33
10425,52.516454,13.388864,34
10425,52.516454,13.388864,35
10425,52.510264,13.389869,36
10425,52.510264,13.389869,37
10425,52.506042,13.390570,38
10425,52.506042,13.390570,39
10425,52.499636,13.391605,40
10425,52.498980,13.391697,41
10425,52.498980,13.391697,42
10425,52.498324,13.391671,43
10425,52.497164,13.391353,44
10425,52.496849,13.391164,45
10425,52.495714,13.389800,46
10425,52.495246,13.389302,47
10425,52.494544,13.388717,48
10425,52.494544,13.388717,49
10425,52.494211,13.388424,50
10425,52.492024,13.387038,51
10425,52.490297,13.386355,52
10425,52.489605,13.386182,53
10425,52.488131,13.385940,54
10425,52.486962,13.385814,55
10425,52.485884,13.385834,56
10425,52.485884,13.385834,57
10425,52.484266,13.385828,58
10425,52.483961,13.385904,59
10425,52.483207,13.386217,60
10425,52.482713,13.386293,61
10425,52.478246,13.386215,62
10425,52.478246,13.386215,63
10425,52.472647,13.386068,64
10425,52.472198,13.385953,65
10425,52.471514,13.385677,66
10425,52.470983,13.385533,67
10425,52.469743,13.385569,68
10425,52.469743,13.385569,69
10425,52.468647,13.385649,70
10425,52.465358,13.385593,71
10425,52.465358,13.385593,72
10425,52.464181,13.385570,73
10425,52.463758,13.385528,74
10425,52.463345,13.385457,75
10425,52.460081,13.384607,76
10425,52.460081,13.384607,77
10425,52.457240,13.383960,78
10425,52.456772,13.383904,79
10425,52.456188,13.383907,80
10425,52.455398,13.384044,81
10425,52.453861,13.384347,82
10425,52.453861,13.384347,83
10425,52.452882,13.384514,84
10425,52.451984,13.384578,85
10425,52.446315,13.385609,86
10425,52.446315,13.385609,87
10425,52.443261,13.386229,88
10425,52.442722,13.386379,89
10425,52.441186,13.386931,90
10425,52.440819,13.387183,91
10425,52.439920,13.387497,92
10445,52.563223,13.326985,0
10445,52.562413,13.330087,1
10445,52.562244,13.330678,2
10445,52.562047,13.331196,3
10445,52.561770,13.331773,4
10445,52.560169,13.334659,5
10445,52.560169,13.334659,6
10445,52.556581,13.341023,7
10445,52.556581,13.341023,8
10445,52.550540,13.351647,9
10445,52.550227,13.352357,10
10445,52.549780,13.353170,11
10445,52.546378,13.359103,12
10445,52.546378,13.359103,13
10445,52.543048,13.364974,14
10444,52.563223,13.326985,0
10444,52.562413,13.330087,1
10444,52.562244,13.330678,2
10444,52.562047,13.331196,3
10444,52.561770,13.331773,4
10444,52.560169,13.334659,5
10444,52.560169,13.334659,6
10444,52.556581,13.341023,7
10444,52.556581,13.341023,8
10444,52.550540,13.351647,9
10444,52.550227,13.352357,10
10444,52.549780,13.353170,11
10444,52.546378,13.359103,12
10444,52.546378,13.359103,13
10444,52.543048,13.364974,14
10444,52.543048,13.364974,15
10444,52.540443,13.369559,16
10444,52.540076,13.370092,17
10444,52.540076,13.370092,18
10444,52.536269,13.375921,19
10444,52.535552,13.376750,20
10444,52.535552,13.376750,21
10444,52.531357,13.382020,22
10444,52.531357,13.382020,23
10444,52.527682,13.386637,24
10444,52.527395,13.386889,25
10444,52.527162,13.387023,26
10444,52.526821,13.387143,27
10444,52.525545,13.387312,28
10444,52.525545,13.387312,29
10444,52.520218,13.388269,30
10444,52.520218,13.388269,31
10444,52.516454,13.388864,32
10444,52.516454,13.388864,33
10444,52.510264,13.389869,34
10444,52.510264,13.389869,35
10444,52.506042,13.390570,36
10444,52.506042,13.390570,37
10444,52.499636,13.391605,38
10444,52.498980,13.391697,39
10444,52.498980,13.391697,40
10444,52.498324,13.391671,41
10444,52.497164,13.391353,42
10444,52.496849,13.391164,43
10444,52.495714,13.389800,44
10444,52.495246,13.389302,45
10444,52.494544,13.388717,46
10444,52.494544,13.388717,47
10444,52.494211,13.388424,48
10444,52.492024,13.387038,49
10444,52.490297,13.386355,50
10444,52.489605,13.386182,51
10444,52.488131,13.385940,52
10444,52.486962,13.385814,53
10444,52.485884,13.385834,54
10443,52.563223,13.326985,0
10443,52.562413,13.330087,1
10443,52.562244,13.330678,2
10443,52.562047,13.331196,3
10443,52.561770,13.331773,4
10443,52.560169,13.334659,5
10443,52.560169,13.334659,6
10443,52.556581,13.341023,7
10443,52.556581,13.341023,8
10443,52.550540,13.351647,9
10443,52.550227,13.352357,10
10443,52.549780,13.353170,11
10443,52.546378,13.359103,12
10443,52.546378,13.359103,13
10443,52.543048,13.364974,14
10443,52.543048,13.364974,15
10443,52.540443,13.369559,16
10443,52.540076,13.370092,17
10443,52.540076,13.370092,18
10443,52.536269,13.375921,19
10443,52.535552,13.376750,20
10443,52.535552,13.376750,21
10443,52.531357,13.382020,22
10443,52.531357,13.382020,23
10443,52.527682,13.386637,24
10443,52.527395,13.386889,25
10443,52.527162,13.387023,26
10443,52.526821,13.387143,27
10443,52.525545,13.387312,28
10443,52.525545,13.387312,29
10443,52.520218,13.388269,30
10443,52.520218,13.388269,31
10443,52.516454,13.388864,32
10443,52.516454,13.388864,33
10443,52.510264,13.389869,34
10443,52.510264,13.389869,35
10443,52.506042,13.390570,36
10443,52.506042,13.390570,37
10443,52.499636,13.391605,38
10443,52.498980,13.391697,39
10443,52.498980,13.391697,40
10443,52.498324,13.391671,41
10443,52.497164,13.391353,42
10443,52.496849,13.391164,43
10443,52.495714,13.389800,44
10443,52.495246,13.389302,45
10443,52.494544,13.388717,46
10443,52.494544,13.388717,47
10443,52.494211,13.388424,48
10443,52.492024,13.387038,49
10443,52.490297,13.386355,50
10443,52.489605,13.386182,51
10443,52.488131,13.385940,52
10443,52.486962,13.385814,53
10443,52.485884,13.385834,54
10443,52.485884,13.385834,55
10443,52.484266,13.385828,56
10443,52.483961,13.385904,57
10443,52.483207,13.386217,58
10443,52.482713,13.386293,59
10443,52.478246,13.386215,60
10443,52.478246,13.386215,61
10443,52.472647,13.386068,62
10443,52.472198,13.385953,63
10443,52.471514,13.385677,64
10443,52.470983,13.385533,65
10443,52.469743,13.385569,66
10446,52.563223,13.326985,0
10446,52.562413,13.330087,1
10446,52.562244,13.330678,2
10446,52.562047,13.331196,3
10446,52.561770,13.331773,4
10446,52.560169,13.334659,5
10446,52.560169,13.334659,6
10446,52.556581,13.341023,7
10446,52.556581,13.341023,8
10446,52.550540,13.351647,9
10446,52.550227,13.352357,10
10446,52.549780,13.353170,11
10446,52.546378,13.359103,12
10446,52.546378,13.359103,13
10446,52.543048,13.364974,14
10446,52.543048,13.364974,15
10446,52.540443,13.369559,16
10446,52.540076,13.370092,17
10446,52.540076,13.370092,18
10446,52.536269,13.375921,19
10446,52.535552,13.376750,20
10446,52.535552,13.376750,21
10446,52.531357,13.382020,22
10446,52.531357,13.382020,23
10446,52.527682,13.386637,24
10446,52.527395,13.386889,25
10446,52.527162,13.387023,26
10446,52.526821,13.387143,27
10446,52.525545,13.387312,28
10446,52.525545,13.387312,29
10446,52.520218,13.388269,30
10446,52.520218,13.388269,31
10446,52.516454,13.388864,32
10446,52.516454,13.388864,33
10446,52.510264,13.389869,34
10446,52.510264,13.389869,35
10446,52.506042,13.390570,36
10446,52.506042,13.390570,37
10446,52.499636,13.391605,38
10446,52.498980,13.391697,39
10446,52.498980,13.391697,40
10446,52.498324,13.391671,41
10446,52.497164,13.391353,42
10446,52.496849,13.391164,43
10446,52.495714,13.389800,44
10446,52.495246,13.389302,45
10446,52.494544,13.388717,46
10446,52.494544,13.388717,47
10446,52.494211,13.388424,48
10446,52.492024,13.387038,49
10446,52.490297,13.386355,50
10446,52.489605,13.386182,51
10446,52.488131,13.385940,52
10446,52.486962,13.385814,53
10446,52.485884,13.385834,54
10446,52.485884,13.385834,55
10446,52.484266,13.385828,56
10446,52.483961,13.385904,57
10446,52.483207,13.386217,58
10446,52.482713,13.386293,59
10446,52.478246,13.386215,60
10446,52.478246,13.386215,61
10446,52.472647,13.386068,62
10446,52.472198,13.385953,63
10446,52.471514,13.385677,64
10446,52.470983,13.385533,65
10446,52.469743,13.385569,66
10446,52.469743,13.385569,67
10446,52.468647,13.385649,68
10446,52.465358,13.385593,69
10446,52.465358,13.385593,70
10446,52.464181,13.385570,71
10446,52.463758,13.385528,72
10446,52.463345,13.385457,73
10446,52.460081,13.384607,74
10446,52.460081,13.384607,75
10446,52.457240,13.383960,76
10446,52.456772,13.383904,77
10446,52.456188,13.383907,78
10446,52.455398,13.384044,79
10446,52.453861,13.384347,80
10446,52.453861,13.384347,81
10446,52.452882,13.384514,82
10446,52.451984,13.384578,83
10446,52.446315,13.385609,84
10446,52.446315,13.385609,85
10446,52.443261,13.386229,86
10446,52.442722,13.386379,87
10446,52.439911,13.387394,88
10442,52.563223,13.326985,0
10442,52.562413,13.330087,1
10442,52.562244,13.330678,2
10442,52.562047,13.331196,3
10442,52.561770,13.331773,4
10442,52.560169,13.334659,5
10442,52.560169,13.334659,6
10442,52.556581,13.341023,7
10442,52.556581,13.341023,8
10442,52.550540,13.351647,9
10442,52.550227,13.352357,10
10442,52.549780,13.353170,11
10442,52.546378,13.359103,12
10442,52.546378,13.359103,13
10442,52.543048,13.364974,14
10442,52.543048,13.364974,15
10442,52.540443,13.369559,16
10442,52.540076,13.370092,17
10442,52.540076,13.370092,18
10442,52.536269,13.375921,19
10442,52.535552,13.376750,20
10442,52.535552,13.376750,21
10442,52.531357,13.382020,22
10442,52.531357,13.382020,23
10442,52.527682,13.386637,24
10442,52.527395,13.386889,25
10442,52.527162,13.387023,26
10442,52.526821,13.387143,27
10442,52.525545,13.387312,28
10442,52.525545,13.387312,29
10442,52.520218,13.388269,30
10442,52.520218,13.388269,31
10442,52.516454,13.388864,32
10442,52.516454,13.388864,33
10442,52.510264,13.389869,34
10442,52.510264,13.389869,35
10442,52.506042,13.390570,36
10442,52.506042,13.390570,37
10442,52.499636,13.391605,38
10442,52.498980,13.391697,39
10442,52.498980,13.391697,40
10442,52.498324,13.391671,41
10442,52.497164,13.391353,42
10442,52.496849,13.391164,43
10442,52.495714,13.389800,44
10442,52.495246,13.389302,45
10442,52.494544,13.388717,46
10442,52.494544,13.388717,47
10442,52.494211,13.388424,48
10442,52.492024,13.387038,49
10442,52.490297,13.386355,50
10442,52.489605,13.386182,51
10442,52.488131,13.385940,52
10442,52.486962,13.385814,53
10442,52.485884,13.385834,54
10442,52.485884,13.385834,55
10442,52.484266,13.385828,56
10442,52.483961,13.385904,57
10442,52.483207,13.386217,58
10442,52.482713,13.386293,59
10442,52.478246,13.386215,60
10442,52.478246,13.386215,61
10442,52.472647,13.386068,62
10442,52.472198,13.385953,63
10442,52.471514,13.385677,64
10442,52.470983,13.385533,65
10442,52.469743,13.385569,66
10442,52.469743,13.385569,67
10442,52.468647,13.385649,68
10442,52.465358,13.385593,69
10442,52.465358,13.385593,70
10442,52.464181,13.385570,71
10442,52.463758,13.385528,72
10442,52.463345,13.385457,73
10442,52.460081,13.384607,74
10442,52.460081,13.384607,75
10442,52.457240,13.383960,76
10442,52.456772,13.383904,77
10442,52.456188,13.383907,78
10442,52.455398,13.384044,79
10442,52.453861,13.384347,80
10442,52.453861,13.384347,81
10442,52.452882,13.384514,82
10442,52.451984,13.384578,83
10442,52.446315,13.385609,84
10442,52.446315,13.385609,85
10442,52.443261,13.386229,86
10442,52.442722,13.386379,87
10442,52.441186,13.386931,88
10442,52.440819,13.387183,89
10442,52.439920,13.387497,90
10359,52.566795,13.411672,0
10359,52.565996,13.412118,1
10359,52.565457,13.412357,2
10359,52.564954,13.412507,3
10359,52.561414,13.412996,4
10359,52.559141,13.413214,5
10359,52.559141,13.413214,6
10359,52.558773,13.413260,7
10359,52.558378,13.413409,8
10359,52.557588,13.413973,9
10359,52.557220,13.414166,10
10359,52.556771,13.414301,11
10359,52.554866,13.414605,12
10359,52.554543,13.414622,13
10359,52.554255,13.414594,14
10359,52.552070,13.414147,15
10359,52.550821,13.413917,16
10359,52.549751,13.413687,17
10359,52.549158,13.413601,18
10359,52.549158,13.413601,19
10359,52.548439,13.413457,20
10359,52.547971,13.413430,21
10359,52.547621,13.413358,22
10359,52.543809,13.412359,23
10359,52.543629,13.412331,24
10359,52.542919,13.412260,25
10359,52.542577,13.412203,26
10359,52.541975,13.412147,27
10359,52.541975,13.412147,28
10359,52.541301,13.412106,29
10359,52.540474,13.412140,30
10359,52.538102,13.412166,31
10359,52.535568,13.412429,32
10359,52.535128,13.412490,33
10359,52.533699,13.412777,34
10359,52.533457,13.412822,35
10359,52.533160,13.412794,36
10359,52.532432,13.412650,37
10324,52.566795,13.411672,0
10324,52.565996,13.412118,1
10324,52.565457,13.412357,2
10324,52.564954,13.412507,3
10324,52.561414,13.412996,4
10324,52.559141,13.413214,5
10324,52.559141,13.413214,6
10324,52.558773,13.413260,7
10324,52.558378,13.413409,8
10324,52.557588,13.413973,9
10324,52.557220,13.414166,10
10324,52.556771,13.414301,11
10324,52.554866,13.414605,12
10324,52.554543,13.414622,13
10324,52.554255,13.414594,14
10324,52.552070,13.414147,15
10324,52.550821,13.413917,16
10324,52.549751,13.413687,17
10324,52.549158,13.413601,18
10324,52.549158,13.413601,19
10324,52.548439,13.413457,20
10324,52.547971,13.413430,21
10324,52.547621,13.413358,22
10324,52.543809,13.412359,23
10324,52.543629,13.412331,24
10324,52.542919,13.412260,25
10324,52.542577,13.412203,26
10324,52.541975,13.412147,27
10324,52.541975,13.412147,28
10324,52.541301,13.412106,29
10324,52.540474,13.412140,30
10324,52.538102,13.412166,31
10324,52.535568,13.412429,32
10324,52.535128,13.412490,33
10324,52.533699,13.412777,34
10324,52.533457,13.412822,35
10324,52.533160,13.412794,36
10324,52.532432,13.412650,37
10324,52.532432,13.412650,38
10324,52.531839,13.412521,39
10324,52.531515,13.412345,40
10324,52.531209,13.412037,41
10324,52.530479,13.410965,42
10324,52.529677,13.410026,43
10324,52.529381,13.409807,44
10324,52.529165,13.409763,45
10324,52.528922,13.409794,46
10324,52.527674,13.410419,47
10324,52.527674,13.410419,48
10324,52.526498,13.411014,49
10324,52.526256,13.411089,50
10324,52.526040,13.411061,51
10324,52.525833,13.410973,52
10324,52.524564,13.409992,53
10324,52.524366,13.409905,54
10324,52.524124,13.409921,55
10324,52.523836,13.410158,56
10324,52.523398,13.410926,57
10324,52.522869,13.411695,58
10324,52.522627,13.412153,59
10324,52.522000,13.413452,60
10324,52.521660,13.414014,61
10323,52.566795,13.411672,0
10323,52.565996,13.412118,1
10323,52.565457,13.412357,2
10323,52.564954,13.412507,3
10323,52.561414,13.412996,4
10323,52.559141,13.413214,5
10323,52.559141,13.413214,6
10323,52.558773,13.413260,7
10323,52.558378,13.413409,8
10323,52.557588,13.413973,9
10323,52.557220,13.414166,10
10323,52.556771,13.414301,11
10323,52.554866,13.414605,12
10323,52.554543,13.414622,13
10323,52.554255,13.414594,14
10323,52.552070,13.414147,15
10323,52.550821,13.413917,16
10323,52.549751,13.413687,17
10323,52.549158,13.413601,18
10323,52.549158,13.413601,19
10323,52.548439,13.413457,20
10323,52.547971,13.413430,21
10323,52.547621,13.413358,22
10323,52.543809,13.412359,23
10323,52.543629,13.412331,24
10323,52.542919,13.412260,25
10323,52.542577,13.412203,26
10323,52.541975,13.412147,27
10323,52.541975,13.412147,28
10323,52.541301,13.412106,29
10323,52.540474,13.412140,30
10323,52.538102,13.412166,31
10323,52.535568,13.412429,32
10323,52.535128,13.412490,33
10323,52.533699,13.412777,34
10323,52.533457,13.412822,35
10323,52.533160,13.412794,36
10323,52.532432,13.412650,37
10323,52.532432,13.412650,38
10323,52.531839,13.412521,39
10323,52.531515,13.412345,40
10323,52.531209,13.412037,41
10323,52.530479,13.410965,42
10323,52.529677,13.410026,43
10323,52.529381,13.409807,44
10323,52.529165,13.409763,45
10323,52.528922,13.409794,46
10323,52.527674,13.410419,47
10323,52.527674,13.410419,48
10323,52.526498,13.411014,49
10323,52.526256,13.411089,50
10323,52.526040,13.411061,51
10323,52.525833,13.410973,52
10323,52.524564,13.409992,53
10323,52.524366,13.409905,54
10323,52.524124,13.409921,55
10323,52.523836,13.410158,56
10323,52.523398,13.410926,57
10323,52.522869,13.411695,58
10323,52.522627,13.412153,59
10323,52.522000,13.413452,60
10323,52.521660,13.414014,61
10323,52.521660,13.414014,62
10323,52.521453,13.414280,63
10323,52.521220,13.414517,64
10323,52.520960,13.414621,65
10323,52.520708,13.414564,66
10323,52.520537,13.414417,67
10323,52.520366,13.414153,68
10323,52.519960,13.413094,69
10323,52.519418,13.411785,70
10323,52.519238,13.411506,71
10323,52.519040,13.411360,72
10323,52.518797,13.411288,73
10323,52.518591,13.411377,74
10323,52.518115,13.411821,75
10323,52.517729,13.412162,76
10323,52.517424,13.412281,77
10323,52.517190,13.412327,78
10323,52.517190,13.412327,79
10323,52.516651,13.412359,80
10323,52.513460,13.411903,81
10323,52.513199,13.411786,82
10323,52.512920,13.411508,83
10323,52.512731,13.411214,84
10323,52.512370,13.410141,85
10323,52.512370,13.410141,86
10323,52.512189,13.409523,87
10323,52.511926,13.408478,88
10323,52.511402,13.406758,89
10323,52.511320,13.406198,90
10323,52.511283,13.405595,91
10323,52.511342,13.403709,92
10323,52.511342,13.403709,93
10323,52.511393,13.402148,94
10323,52.511482,13.401646,95
10323,52.511607,13.401233,96
10323,52.513101,13.397602,97
10323,52.513199,13.397292,98
10323,52.513208,13.397012,99
10323,52.513233,13.396394,100
10323,52.513340,13.395863,101
10323,52.513384,13.395479,102
10323,52.513384,13.395479,103
10323,52.513383,13.394964,104
10323,52.513346,13.394301,105
10323,52.513273,13.393889,106
10323,52.513138,13.393536,107
10323,52.512985,13.393346,108
10323,52.512616,13.393009,109
10323,52.512471,13.392848,110
10323,52.512354,13.392539,111
10323,52.512290,13.392142,112
10323,52.512197,13.390566,113
10323,52.512197,13.390566,114
10323,52.511919,13.386105,115
10323,52.511791,13.385001,116
10323,52.511791,13.385001,117
10323,52.511654,13.384191,118
10323,52.511382,13.382955,119
10323,52.511228,13.382087,120
10323,52.511100,13.381072,121
10323,52.511036,13.380719,122
10323,52.510909,13.380336,123
10323,52.510684,13.379955,124
10323,52.510018,13.379354,125
10323,52.509657,13.378988,126
10323,52.509378,13.378533,127
10323,52.509035,13.377902,128
10322,52.566795,13.411672,0
10322,52.565996,13.412118,1
10322,52.565457,13.412357,2
10322,52.564954,13.412507,3
10322,52.561414,13.412996,4
10322,52.559141,13.413214,5
10322,52.559141,13.413214,6
10322,52.558773,13.413260,7
10322,52.558378,13.413409,8
10322,52.557588,13.413973,9
10322,52.557220,13.414166,10
10322,52.556771,13.414301,11
10322,52.554866,13.414605,12
10322,52.554543,13.414622,13
10322,52.554255,13.414594,14
10322,52.552070,13.414147,15
10322,52.550821,13.413917,16
10322,52.549751,13.413687,17
10322,52.549158,13.413601,18
10322,52.549158,13.413601,19
10322,52.548439,13.413457,20
10322,52.547971,13.413430,21
10322,52.547621,13.413358,22
10322,52.543809,13.412359,23
10322,52.543629,13.412331,24
10322,52.542919,13.412260,25
10322,52.542577,13.412203,26
10322,52.541975,13.412147,27
10322,52.541975,13.412147,28
10322,52.541301,13.412106,29
10322,52.540474,13.412140,30
10322,52.538102,13.412166,31
10322,52.535568,13.412429,32
10322,52.535128,13.412490,33
10322,52.533699,13.412777,34
10322,52.533457,13.412822,35
10322,52.533160,13.412794,36
10322,52.532432,13.412650,37
10322,52.532432,13.412650,38
10322,52.531839,13.412521,39
10322,52.531515,13.412345,40
10322,52.531209,13.412037,41
10322,52.530479,13.410965,42
10322,52.529677,13.410026,43
10322,52.529381,13.409807,44
10322,52.529165,13.409763,45
10322,52.528922,13.409794,46
10322,52.527674,13.410419,47
10322,52.527674,13.410419,48
10322,52.526498,13.411014,49
10322,52.526256,13.411089,50
10322,52.526040,13.411061,51
10322,52.525833,13.410973,52
10322,52.524564,13.409992,53
10322,52.524366,13.409905,54
10322,52.524124,13.409921,55
10322,52.523836,13.410158,56
10322,52.523398,13.410926,57
10322,52.522869,13.411695,58
10322,52.522627,13.412153,59
10322,52.522000,13.413452,60
10322,52.521660,13.414014,61
10322,52.521660,13.414014,62
10322,52.521453,13.414280,63
10322,52.521220,13.414517,64
10322,52.520960,13.414621,65
10322,52.520708,13.414564,66
10322,52.520537,13.414417,67
10322,52.520366,13.414153,68
10322,52.519960,13.413094,69
10322,52.519418,13.411785,70
10322,52.519238,13.411506,71
10322,52.519040,13.411360,72
10322,52.518797,13.411288,73
10322,52.518591,13.411377,74
10322,52.518115,13.411821,75
10322,52.517729,13.412162,76
10322,52.517424,13.412281,77
10322,52.517190,13.412327,78
10322,52.517190,13.412327,79
10322,52.516651,13.412359,80
10322,52.513460,13.411903,81
10322,52.513199,13.411786,82
10322,52.512920,13.411508,83
10322,52.512731,13.411214,84
10322,52.512370,13.410141,85
10322,52.512370,13.410141,86
10322,52.512189,13.409523,87
10322,52.511926,13.408478,88
10322,52.511402,13.406758,89
10322,52.511320,13.406198,90
10322,52.511283,13.405595,91
10322,52.511342,13.403709,92
10322,52.511342,13.403709,93
10322,52.511393,13.402148,94
10322,52.511482,13.401646,95
10322,52.511607,13.401233,96
10322,52.513101,13.397602,97
10322,52.513199,13.397292,98
10322,52.513208,13.397012,99
10322,52.513233,13.396394,100
10322,52.513340,13.395863,101
10322,52.513384,13.395479,102
10322,52.513384,13.395479,103
10322,52.513383,13.394964,104
10322,52.513346,13.394301,105
10322,52.513273,13.393889,106
10322,52.513138,13.393536,107
10322,52.512985,13.393346,108
10322,52.512616,13.393009,109
10322,52.512471,13.392848,110
10322,52.512354,13.392539,111
10322,52.512290,13.392142,112
10322,52.512197,13.390566,113
10322,52.512197,13.390566,114
10322,52.511919,13.386105,115
10322,52.511791,13.385001,116
10322,52.511791,13.385001,117
10322,52.511654,13.384191,118
10322,52.511382,13.382955,119
10322,52.511228,13.382087,120
10322,52.511100,13.381072,121
10322,52.511036,13.380719,122
10322,52.510909,13.380336,123
10322,52.510684,13.379955,124
10322,52.510018,13.379354,125
10322,52.509657,13.378988,126
10322,52.509378,13.378533,127
10322,52.509035,13.377902,128
10322,52.509035,13.377902,129
10322,52.508783,13.377565,130
10322,52.508315,13.377169,131
10322,52.506749,13.376295,132
10322,52.506057,13.376092,133
10322,52.505580,13.375830,134
10322,52.504275,13.375072,135
10322,52.503816,13.374853,136
10322,52.503816,13.374853,137
10322,52.501946,13.374275,138
10322,52.500759,13.374032,139
10322,52.500418,13.374048,140
10322,52.500058,13.374139,141
10322,52.499816,13.374140,142
10322,52.499501,13.374083,143
10322,52.499501,13.374083,144
10322,52.498305,13.373810,145
10322,52.497613,13.373475,146
10322,52.497451,13.373300,147
10322,52.497216,13.372918,148
10322,52.497107,13.372565,149
10322,52.497025,13.371991,150
10322,52.496972,13.367943,151
10322,52.497007,13.367501,152
10322,52.497229,13.366292,153
10322,52.497226,13.365188,154
10322,52.497608,13.363153,155
10322,52.497608,13.363153,156
10322,52.497875,13.361782,157
10322,52.499395,13.354587,158
10322,52.499395,13.354587,159
10322,52.500364,13.350002,160
10322,52.501857,13.342997,161
10322,52.501857,13.342997,162
10322,52.502053,13.342172,163
10322,52.502276,13.341507,164
10322,52.504071,13.336989,165
10322,52.504196,13.336738,166
10322,52.504385,13.336546,167
10322,52.504726,13.336352,168
10322,52.504914,13.336144,169
10322,52.505075,13.335849,170
10322,52.505164,13.335451,171
10322,52.505198,13.334905,172
10322,52.505243,13.334625,173
10322,52.505350,13.334286,174
10322,52.505922,13.333016,175
10320,52.566795,13.411672,0
10320,52.565996,13.412118,1
10320,52.565457,13.412357,2
10320,52.564954,13.412507,3
10320,52.561414,13.412996,4
10320,52.559141,13.413214,5
10320,52.559141,13.413214,6
10320,52.558773,13.413260,7
10320,52.558378,13.413409,8
10320,52.557588,13.413973,9
10320,52.557220,13.414166,10
10320,52.556771,13.414301,11
10320,52.554866,13.414605,12
10320,52.554543,13.414622,13
10320,52.554255,13.414594,14
10320,52.552070,13.414147,15
10320,52.550821,13.413917,16
10320,52.549751,13.413687,17
10320,52.549158,13.413601,18
10320,52.549158,13.413601,19
10320,52.548439,13.413457,20
10320,52.547971,13.413430,21
10320,52.547621,13.413358,22
10320,52.543809,13.412359,23
10320,52.543629,13.412331,24
10320,52.542919,13.412260,25
10320,52.542577,13.412203,26
10320,52.541975,13.412147,27
10320,52.541975,13.412147,28
10320,52.541301,13.412106,29
10320,52.540474,13.412140,30
10320,52.538102,13.412166,31
10320,52.535568,13.412429,32
10320,52.535128,13.412490,33
10320,52.533699,13.412777,34
10320,52.533457,13.412822,35
10320,52.533160,13.412794,36
10320,52.532432,13.412650,37
10320,52.532432,13.412650,38
10320,52.531839,13.412521,39
10320,52.531515,13.412345,40
10320,52.531209,13.412037,41
10320,52.530479,13.410965,42
10320,52.529677,13.410026,43
10320,52.529381,13.409807,44
10320,52.529165,13.409763,45
10320,52.528922,13.409794,46
10320,52.527674,13.410419,47
10320,52.527674,13.410419,48
10320,52.526498,13.411014,49
10320,52.526256,13.411089,50
10320,52.526040,13.411061,51
10320,52.525833,13.410973,52
10320,52.524564,13.409992,53
10320,52.524366,13.409905,54
10320,52.524124,13.409921,55
10320,52.523836,13.410158,56
10320,52.523398,13.410926,57
10320,52.522869,13.411695,58
10320,52.522627,13.412153,59
10320,52.522000,13.413452,60
10320,52.521660,13.414014,61
10320,52.521660,13.414014,62
10320,52.521453,13.414280,63
10320,52.521220,13.414517,64
10320,52.520960,13.414621,65
10320,52.520708,13.414564,66
10320,52.520537,13.414417,67
10320,52.520366,13.414153,68
10320,52.519960,13.413094,69
10320,52.519418,13.411785,70
10320,52.519238,13.411506,71
10320,52.519040,13.411360,72
10320,52.518797,13.411288,73
10320,52.518591,13.411377,74
10320,52.518115,13.411821,75
10320,52.517729,13.412162,76
10320,52.517424,13.412281,77
10320,52.517190,13.412327,78
10320,52.517190,13.412327,79
10320,52.516651,13.412359,80
10320,52.513460,13.411903,81
10320,52.513199,13.411786,82
10320,52.512920,13.411508,83
10320,52.512731,13.411214,84
10320,52.512370,13.410141,85
10320,52.512370,13.410141,86
10320,52.512189,13.409523,87
10320,52.511926,13.408478,88
10320,52.511402,13.406758,89
10320,52.511320,13.406198,90
10320,52.511283,13.405595,91
10320,52.511342,13.403709,92
10320,52.511342,13.403709,93
10320,52.511393,13.402148,94
10320,52.511482,13.401646,95
10320,52.511607,13.401233,96
10320,52.513101,13.397602,97
10320,52.513199,13.397292,98
10320,52.513208,13.397012,99
10320,52.513233,13.396394,100
10320,52.513340,13.395863,101
10320,52.513384,13.395479,102
10320,52.513384,13.395479,103
10320,52.513383,13.394964,104
10320,52.513346,13.394301,105
10320,52.513273,13.393889,106
10320,52.513138,13.393536,107
10320,52.512985,13.393346,108
10320,52.512616,13.393009,109
10320,52.512471,13.392848,110
10320,52.512354,13.392539,111
10320,52.512290,13.392142,112
10320,52.512197,13.390566,113
10320,52.512197,13.390566,114
10320,52.511919,13.386105,115
10320,52.511791,13.385001,116
10320,52.511791,13.385001,117
10320,52.511654,13.384191,118
10320,52.511382,13.382955,119
10320,52.511228,13.382087,120
10320,52.511100,13.381072,121
10320,52.511036,13.380719,122
10320,52.510909,13.380336,123
10320,52.510684,13.379955,124
10320,52.510018,13.379354,125
10320,52.509657,13.378988,126
10320,52.509378,13.378533,127
10320,52.509035,13.377902,128
10320,52.509035,13.377902,129
10320,52.508783,13.377565,130
10320,52.508315,13.377169,131
10320,52.506749,13.376295,132
10320,52.506057,13.376092,133
10320,52.505580,13.375830,134
10320,52.504275,13.375072,135
10320,52.503816,13.374853,136
10320,52.503816,13.374853,137
10320,52.501946,13.374275,138
10320,52.500759,13.374032,139
10320,52.500418,13.374048,140
10320,52.500058,13.374139,141
10320,52.499816,13.374140,142
10320,52.499501,13.374083,143
10320,52.499501,13.374083,144
10320,52.498305,13.373810,145
10320,52.497613,13.373475,146
10320,52.497451,13.373300,147
10320,52.497216,13.372918,148
10320,52.497107,13.372565,149
10320,52.497025,13.371991,150
10320,52.496972,13.367943,151
10320,52.497007,13.367501,152
10320,52.497229,13.366292,153
10320,52.497226,13.365188,154
10320,52.497608,13.363153,155
10320,52.497608,13.363153,156
10320,52.497875,13.361782,157
10320,52.499395,13.354587,158
10320,52.499395,13.354587,159
10320,52.500364,13.350002,160
10320,52.501857,13.342997,161
10320,52.501857,13.342997,162
10320,52.502053,13.342172,163
10320,52.502276,13.341507,164
10320,52.504071,13.336989,165
10320,52.504196,13.336738,166
10320,52.504385,13.336546,167
10320,52.504726,13.336352,168
10320,52.504914,13.336144,169
10320,52.505075,13.335849,170
10320,52.505164,13.335451,171
10320,52.505198,13.334905,172
10320,52.505243,13.334625,173
10320,52.505350,13.334286,174
10320,52.505922,13.333016,175
10320,52.505922,13.333016,176
10320,52.508862,13.326442,177
10320,52.509157,13.325865,178
10320,52.509425,13.325451,179
10320,52.511798,13.322121,180
10320,52.511798,13.322121,181
10320,52.512506,13.321100,182
10320,52.512595,13.320790,183
10320,52.512639,13.320465,184
10320,52.512638,13.320141,185
10320,52.512344,13.317507,186
10320,52.512017,13.312840,187
10320,52.511966,13.310704,188
10320,52.511966,13.310704,189
10320,52.511520,13.305125,190
10320,52.511520,13.305125,191
10320,52.510901,13.295836,192
10320,52.510901,13.295836,193
10320,52.510110,13.283086,194
10320,52.510110,13.283086,195
10320,52.509621,13.275755,196
10320,52.509619,13.275004,197
10320,52.509671,13.274356,198
10320,52.509908,13.272601,199
10321,52.566795,13.411672,0
10321,52.565996,13.412118,1
10321,52.565457,13.412357,2
10321,52.564954,13.412507,3
10321,52.561414,13.412996,4
10321,52.559141,13.413214,5
10321,52.559141,13.413214,6
10321,52.558773,13.413260,7
10321,52.558378,13.413409,8
10321,52.557588,13.413973,9
10321,52.557220,13.414166,10
10321,52.556771,13.414301,11
10321,52.554866,13.414605,12
10321,52.554543,13.414622,13
10321,52.554255,13.414594,14
10321,52.552070,13.414147,15
10321,52.550821,13.413917,16
10321,52.549751,13.413687,17
10321,52.549158,13.413601,18
10321,52.549158,13.413601,19
10321,52.548439,13.413457,20
10321,52.547971,13.413430,21
10321,52.547621,13.413358,22
10321,52.543809,13.412359,23
10321,52.543629,13.412331,24
10321,52.542919,13.412260,25
10321,52.542577,13.412203,26
10321,52.541975,13.412147,27
10321,52.541975,13.412147,28
10321,52.541301,13.412106,29
10321,52.540474,13.412140,30
10321,52.538102,13.412166,31
10321,52.535568,13.412429,32
10321,52.535128,13.412490,33
10321,52.533699,13.412777,34
10321,52.533457,13.412822,35
10321,52.533160,13.412794,36
10321,52.532432,13.412650,37
10321,52.532432,13.412650,38
10321,52.531839,13.412521,39
10321,52.531515,13.412345,40
10321,52.531209,13.412037,41
10321,52.530479,13.410965,42
10321,52.529677,13.410026,43
10321,52.529381,13.409807,44
10321,52.529165,13.409763,45
10321,52.528922,13.409794,46
10321,52.527674,13.410419,47
10321,52.527674,13.410419,48
10321,52.526498,13.411014,49
10321,52.526256,13.411089,50
10321,52.526040,13.411061,51
10321,52.525833,13.410973,52
10321,52.524564,13.409992,53
10321,52.524366,13.409905,54
10321,52.524124,13.409921,55
10321,52.523836,13.410158,56
10321,52.523398,13.410926,57
10321,52.522869,13.411695,58
10321,52.522627,13.412153,59
10321,52.522000,13.413452,60
10321,52.521660,13.414014,61
10321,52.521660,13.414014,62
10321,52.521453,13.414280,63
10321,52.521220,13.414517,64
10321,52.520960,13.414621,65
10321,52.520708,13.414564,66
10321,52.520537,13.414417,67
10321,52.520366,13.414153,68
10321,52.519960,13.413094,69
10321,52.519418,13.411785,70
10321,52.519238,13.411506,71
10321,52.519040,13.411360,72
10321,52.518797,13.411288,73
10321,52.518591,13.411377,74
10321,52.518115,13.411821,75
10321,52.517729,13.412162,76
10321,52.517424,13.412281,77
10321,52.517190,13.412327,78
10321,52.517190,13.412327,79
10321,52.516651,13.412359,80
10321,52.513460,13.411903,81
10321,52.513199,13.411786,82
10321,52.512920,13.411508,83
10321,52.512731,13.411214,84
10321,52.512370,13.410141,85
10321,52.512370,13.410141,86
10321,52.512189,13.409523,87
10321,52.511926,13.408478,88
10321,52.511402,13.406758,89
10321,52.511320,13.406198,90
10321,52.511283,13.405595,91
10321,52.511342,13.403709,92
10321,52.511342,13.403709,93
10321,52.511393,13.402148,94
10321,52.511482,13.401646,95
10321,52.511607,13.401233,96
10321,52.513101,13.397602,97
10321,52.513199,13.397292,98
10321,52.513208,13.397012,99
10321,52.513233,13.396394,100
10321,52.513340,13.395863,101
10321,52.513384,13.395479,102
10321,52.513384,13.395479,103
10321,52.513383,13.394964,104
10321,52.513346,13.394301,105
10321,52.513273,13.393889,106
10321,52.513138,13.393536,107
10321,52.512985,13.393346,108
10321,52.512616,13.393009,109
10321,52.512471,13.392848,110
10321,52.512354,13.392539,111
10321,52.512290,13.392142,112
10321,52.512197,13.390566,113
10321,52.512197,13.390566,114
10321,52.511919,13.386105,115
10321,52.511791,13.385001,116
10321,52.511791,13.385001,117
10321,52.511654,13.384191,118
10321,52.511382,13.382955,119
10321,52.511228,13.382087,120
10321,52.511100,13.381072,121
10321,52.511036,13.380719,122
10321,52.510909,13.380336,123
10321,52.510684,13.379955,124
10321,52.510018,13.379354,125
10321,52.509657,13.378988,126
10321,52.509378,13.378533,127
10321,52.509035,13.377902,128
10321,52.509035,13.377902,129
10321,52.508783,13.377565,130
10321,52.508315,13.377169,131
10321,52.506749,13.376295,132
10321,52.506057,13.376092,133
10321,52.505580,13.375830,134
10321,52.504275,13.375072,135
10321,52.503816,13.374853,136
10321,52.503816,13.374853,137
10321,52.501946,13.374275,138
10321,52.500759,13.374032,139
10321,52.500418,13.374048,140
10321,52.500058,13.374139,141
10321,52.499816,13.374140,142
10321,52.499501,13.374083,143
10321,52.499501,13.374083,144
10321,52.498305,13.373810,145
10321,52.497613,13.373475,146
10321,52.497451,13.373300,147
10321,52.497216,13.372918,148
10321,52.497107,13.372565,149
10321,52.497025,13.371991,150
10321,52.496972,13.367943,151
10321,52.497007,13.367501,152
10321,52.497229,13.366292,153
10321,52.497226,13.365188,154
10321,52.497608,13.363153,155
10321,52.497608,13.363153,156
10321,52.497875,13.361782,157
10321,52.499395,13.354587,158
10321,52.499395,13.354587,159
10321,52.500364,13.350002,160
10321,52.501857,13.342997,161
10321,52.501857,13.342997,162
10321,52.502053,13.342172,163
10321,52.502276,13.341507,164
10321,52.504071,13.336989,165
10321,52.504196,13.336738,166
10321,52.504385,13.336546,167
10321,52.504726,13.336352,168
10321,52.504914,13.336144,169
10321,52.505075,13.335849,170
10321,52.505164,13.335451,171
10321,52.505198,13.334905,172
10321,52.505243,13.334625,173
10321,52.505350,13.334286,174
10321,52.505922,13.333016,175
10321,52.505922,13.333016,176
10321,52.508862,13.326442,177
10321,52.509157,13.325865,178
10321,52.509425,13.325451,179
10321,52.511798,13.322121,180
10321,52.511798,13.322121,181
10321,52.512506,13.321100,182
10321,52.512595,13.320790,183
10321,52.512639,13.320465,184
10321,52.512638,13.320141,185
10321,52.512344,13.317507,186
10321,52.512017,13.312840,187
10321,52.511966,13.310704,188
10321,52.511966,13.310704,189
10321,52.511520,13.305125,190
10321,52.511520,13.305125,191
10321,52.510901,13.295836,192
10321,52.510901,13.295836,193
10321,52.510110,13.283086,194
10321,52.510110,13.283086,195
10321,52.509621,13.275755,196
10321,52.509619,13.275004,197
10321,52.509671,13.274356,198
10321,52.509908,13.272601,199
10321,52.509908,13.272601,200
10321,52.510068,13.271775,201
10321,52.510228,13.271184,202
10321,52.510477,13.270564,203
10321,52.511041,13.269617,204
10321,52.512025,13.268253,205
10321,52.515690,13.262007,206
10321,52.515905,13.261549,207
10321,52.516047,13.261062,208
10321,52.516162,13.260501,209
10321,52.516275,13.259248,210
10321,52.516275,13.259248,211
10321,52.516369,13.257612,212
10321,52.516329,13.256507,213
10321,52.516237,13.255668,214
10321,52.516062,13.254418,215
10321,52.516043,13.253947,216
10321,52.516095,13.253431,217
10321,52.516200,13.252649,218
10321,52.516405,13.251940,219
10321,52.516637,13.251305,220
10321,52.516896,13.250816,221
10319,52.566795,13.411672,0
10319,52.565996,13.412118,1
10319,52.565457,13.412357,2
10319,52.564954,13.412507,3
10319,52.561414,13.412996,4
10319,52.559141,13.413214,5
10319,52.559141,13.413214,6
10319,52.558773,13.413260,7
10319,52.558378,13.413409,8
10319,52.557588,13.413973,9
10319,52.557220,13.414166,10
10319,52.556771,13.414301,11
10319,52.554866,13.414605,12
10319,52.554543,13.414622,13
10319,52.554255,13.414594,14
10319,52.552070,13.414147,15
10319,52.550821,13.413917,16
10319,52.549751,13.413687,17
10319,52.549158,13.413601,18
10319,52.549158,13.413601,19
10319,52.548439,13.413457,20
10319,52.547971,13.413430,21
10319,52.547621,13.413358,22
10319,52.543809,13.412359,23
10319,52.543629,13.412331,24
10319,52.542919,13.412260,25
10319,52.542577,13.412203,26
10319,52.541975,13.412147,27
10319,52.541975,13.412147,28
10319,52.541301,13.412106,29
10319,52.540474,13.412140,30
10319,52.538102,13.412166,31
10319,52.535568,13.412429,32
10319,52.535128,13.412490,33
10319,52.533699,13.412777,34
10319,52.533457,13.412822,35
10319,52.533160,13.412794,36
10319,52.532432,13.412650,37
10319,52.532432,13.412650,38
10319,52.531839,13.412521,39
10319,52.531515,13.412345,40
10319,52.531209,13.412037,41
10319,52.530479,13.410965,42
10319,52.529677,13.410026,43
10319,52.529381,13.409807,44
10319,52.529165,13.409763,45
10319,52.528922,13.409794,46
10319,52.527674,13.410419,47
10319,52.527674,13.410419,48
10319,52.526498,13.411014,49
10319,52.526256,13.411089,50
10319,52.526040,13.411061,51
10319,52.525833,13.410973,52
10319,52.524564,13.409992,53
10319,52.524366,13.409905,54
10319,52.524124,13.409921,55
10319,52.523836,13.410158,56
10319,52.523398,13.410926,57
10319,52.522869,13.411695,58
10319,52.522627,13.412153,59
10319,52.522000,13.413452,60
10319,52.521660,13.414014,61
10319,52.521660,13.414014,62
10319,52.521453,13.414280,63
10319,52.521220,13.414517,64
10319,52.520960,13.414621,65
10319,52.520708,13.414564,66
10319,52.520537,13.414417,67
10319,52.520366,13.414153,68
10319,52.519960,13.413094,69
10319,52.519418,13.411785,70
10319,52.519238,13.411506,71
10319,52.519040,13.411360,72
10319,52.518797,13.411288,73
10319,52.518591,13.411377,74
10319,52.518115,13.411821,75
10319,52.517729,13.412162,76
10319,52.517424,13.412281,77
10319,52.517190,13.412327,78
10319,52.517190,13.412327,79
10319,52.516651,13.412359,80
10319,52.513460,13.411903,81
10319,52.513199,13.411786,82
10319,52.512920,13.411508,83
10319,52.512731,13.411214,84
10319,52.512370,13.410141,85
10319,52.512370,13.410141,86
10319,52.512189,13.409523,87
10319,52.511926,13.408478,88
10319,52.511402,13.406758,89
10319,52.511320,13.406198,90
10319,52.511283,13.405595,91
10319,52.511342,13.403709,92
10319,52.511342,13.403709,93
10319,52.511393,13.402148,94
10319,52.511482,13.401646,95
10319,52.511607,13.401233,96
10319,52.513101,13.397602,97
10319,52.513199,13.397292,98
10319,52.513208,13.397012,99
10319,52.513233,13.396394,100
10319,52.513340,13.395863,101
10319,52.513384,13.395479,102
10319,52.513384,13.395479,103
10319,52.513383,13.394964,104
10319,52.513346,13.394301,105
10319,52.513273,13.393889,106
10319,52.513138,13.393536,107
10319,52.512985,13.393346,108
10319,52.512616,13.393009,109
10319,52.512471,13.392848,110
10319,52.512354,13.392539,111
10319,52.512290,13.392142,112
10319,52.512197,13.390566,113
10319,52.512197,13.390566,114
10319,52.511919,13.386105,115
10319,52.511791,13.385001,116
10319,52.511791,13.385001,117
10319,52.511654,13.384191,118
10319,52.511382,13.382955,119
10319,52.511228,13.382087,120
10319,52.511100,13.381072,121
10319,52.511036,13.380719,122
10319,52.510909,13.380336,123
10319,52.510684,13.379955,124
10319,52.510018,13.379354,125
10319,52.509657,13.378988,126
10319,52.509378,13.378533,127
10319,52.509035,13.377902,128
10319,52.509035,13.377902,129
10319,52.508783,13.377565,130
10319,52.508315,13.377169,131
10319,52.506749,13.376295,132
10319,52.506057,13.376092,133
10319,52.505580,13.375830,134
10319,52.504275,13.375072,135
10319,52.503816,13.374853,136
10319,52.503816,13.374853,137
10319,52.501946,13.374275,138
10319,52.500759,13.374032,139
10319,52.500418,13.374048,140
10319,52.500058,13.374139,141
10319,52.499816,13.374140,142
10319,52.499501,13.374083,143
10319,52.499501,13.374083,144
10319,52.498305,13.373810,145
10319,52.497613,13.373475,146
10319,52.497451,13.373300,147
10319,52.497216,13.372918,148
10319,52.497107,13.372565,149
10319,52.497025,13.371991,150
10319,52.496972,13.367943,151
10319,52.497007,13.367501,152
10319,52.497229,13.366292,153
10319,52.497226,13.365188,154
10319,52.497608,13.363153,155
10319,52.497608,13.363153,156
10319,52.497875,13.361782,157
10319,52.499395,13.354587,158
10319,52.499395,13.354587,159
10319,52.500364,13.350002,160
10319,52.501857,13.342997,161
10319,52.501857,13.342997,162
10319,52.502053,13.342172,163
10319,52.502276,13.341507,164
10319,52.504071,13.336989,165
10319,52.504196,13.336738,166
10319,52.504385,13.336546,167
10319,52.504726,13.336352,168
10319,52.504914,13.336144,169
10319,52.505075,13.335849,170
10319,52.505164,13.335451,171
10319,52.505198,13.334905,172
10319,52.505243,13.334625,173
10319,52.505350,13.334286,174
10319,52.505922,13.333016,175
10319,52.505922,13.333016,176
10319,52.508862,13.326442,177
10319,52.509157,13.325865,178
10319,52.509425,13.325451,179
10319,52.511798,13.322121,180
10319,52.511798,13.322121,181
10319,52.512506,13.321100,182
10319,52.512595,13.320790,183
10319,52.512639,13.320465,184
10319,52.512638,13.320141,185
10319,52.512344,13.317507,186
10319,52.512017,13.312840,187
10319,52.511966,13.310704,188
10319,52.511966,13.310704,189
10319,52.511520,13.305125,190
10319,52.511520,13.305125,191
10319,52.510901,13.295836,192
10319,52.510901,13.295836,193
10319,52.510110,13.283086,194
10319,52.510110,13.283086,195
10319,52.509621,13.275755,196
10319,52.509619,13.275004,197
10319,52.509671,13.274356,198
10319,52.509908,13.272601,199
10319,52.509908,13.272601,200
10319,52.510068,13.271775,201
10319,52.510228,13.271184,202
10319,52.510477,13.270564,203
10319,52.511041,13.269617,204
10319,52.512025,13.268253,205
10319,52.515690,13.262007,206
10319,52.515905,13.261549,207
10319,52.516047,13.261062,208
10319,52.516162,13.260501,209
10319,52.516275,13.259248,210
10319,52.516275,13.259248,211
10319,52.516369,13.257612,212
10319,52.516329,13.256507,213
10319,52.516237,13.255668,214
10319,52.516062,13.254418,215
10319,52.516043,13.253947,216
10319,52.516095,13.253431,217
10319,52.516200,13.252649,218
10319,52.516405,13.251940,219
10319,52.516637,13.251305,220
10319,52.516896,13.250816,221
10319,52.516896,13.250816,222
10319,52.517057,13.250579,223
10319,52.517236,13.250342,224
10319,52.520364,13.247840,225
10319,52.520642,13.247558,226
10319,52.520901,13.247217,227
10319,52.521071,13.247039,228
10319,52.521940,13.246250,229
10319,52.522460,13.245627,230
10319,52.522845,13.245344,231
10319,52.523213,13.245149,232
10319,52.524093,13.244817,233
10319,52.524353,13.244624,234
10319,52.524594,13.244371,235
10319,52.524836,13.244000,236
10319,52.525023,13.243616,237
10319,52.525175,13.243187,238
10319,52.525405,13.241992,239
10319,52.525591,13.241253,240
10334,52.566795,13.411672,0
10334,52.565996,13.412118,1
10334,52.565457,13.412357,2
10334,52.564954,13.412507,3
10334,52.561414,13.412996,4
10334,52.559141,13.413214,5
10334,52.559141,13.413214,6
10334,52.558773,13.413260,7
10334,52.558378,13.413409,8
10334,52.557588,13.413973,9
10334,52.557220,13.414166,10
10334,52.556771,13.414301,11
10334,52.554866,13.414605,12
10334,52.554543,13.414622,13
10334,52.554255,13.414594,14
10334,52.552070,13.414147,15
10334,52.550821,13.413917,16
10334,52.549751,13.413687,17
10334,52.549158,13.413601,18
10334,52.549158,13.413601,19
10334,52.548439,13.413457,20
10334,52.547971,13.413430,21
10334,52.547621,13.413358,22
10334,52.543809,13.412359,23
10334,52.543629,13.412331,24
10334,52.542919,13.412260,25
10334,52.542577,13.412203,26
10334,52.541975,13.412147,27
10334,52.541975,13.412147,28
10334,52.541301,13.412106,29
10334,52.540474,13.412140,30
10334,52.538102,13.412166,31
10334,52.535568,13.412429,32
10334,52.535128,13.412490,33
10334,52.533699,13.412777,34
10334,52.533457,13.412822,35
10334,52.533160,13.412794,36
10334,52.532432,13.412650,37
10334,52.532432,13.412650,38
10334,52.531839,13.412521,39
10334,52.531515,13.412345,40
10334,52.531209,13.412037,41
10334,52.530479,13.410965,42
10334,52.529677,13.410026,43
10334,52.529381,13.409807,44
10334,52.529165,13.409763,45
10334,52.528922,13.409794,46
10334,52.527674,13.410419,47
10334,52.527674,13.410419,48
10334,52.526498,13.411014,49
10334,52.526256,13.411089,50
10334,52.526040,13.411061,51
10334,52.525833,13.410973,52
10334,52.524564,13.409992,53
10334,52.524366,13.409905,54
10334,52.524124,13.409921,55
10334,52.523836,13.410158,56
10334,52.523398,13.410926,57
10334,52.522869,13.411695,58
10334,52.522627,13.412153,59
10334,52.522000,13.413452,60
10334,52.521660,13.414014,61
10334,52.521660,13.414014,62
10334,52.521453,13.414280,63
10334,52.521220,13.414517,64
10334,52.520960,13.414621,65
10334,52.520708,13.414564,66
10334,52.520537,13.414417,67
10334,52.520366,13.414153,68
10334,52.519960,13.413094,69
10334,52.519418,13.411785,70
10334,52.519238,13.411506,71
10334,52.519040,13.411360,72
10334,52.518797,13.411288,73
10334,52.518591,13.411377,74
10334,52.518115,13.411821,75
10334,52.517729,13.412162,76
10334,52.517424,13.412281,77
10334,52.517190,13.412327,78
10334,52.517190,13.412327,79
10334,52.516651,13.412359,80
10334,52.513460,13.411903,81
10334,52.513199,13.411786,82
10334,52.512920,13.411508,83
10334,52.512731,13.411214,84
10334,52.512370,13.410141,85
10334,52.512370,13.410141,86
10334,52.512189,13.409523,87
10334,52.511926,13.408478,88
10334,52.511402,13.406758,89
10334,52.511320,13.406198,90
10334,52.511283,13.405595,91
10334,52.511342,13.403709,92
10334,52.511342,13.403709,93
10334,52.511393,13.402148,94
10334,52.511482,13.401646,95
10334,52.511607,13.401233,96
10334,52.513101,13.397602,97
10334,52.513199,13.397292,98
10334,52.513208,13.397012,99
10334,52.513233,13.396394,100
10334,52.513340,13.395863,101
10334,52.513384,13.395479,102
10334,52.513384,13.395479,103
10334,52.513383,13.394964,104
10334,52.513346,13.394301,105
10334,52.513273,13.393889,106
10334,52.513138,13.393536,107
10334,52.512985,13.393346,108
10334,52.512616,13.393009,109
10334,52.512471,13.392848,110
10334,52.512354,13.392539,111
10334,52.512290,13.392142,112
10334,52.512197,13.390566,113
10334,52.512197,13.390566,114
10334,52.511919,13.386105,115
10334,52.511791,13.385001,116
10334,52.511791,13.385001,117
10334,52.511654,13.384191,118
10334,52.511382,13.382955,119
10334,52.511228,13.382087,120
10334,52.511100,13.381072,121
10334,52.511036,13.380719,122
10334,52.510909,13.380336,123
10334,52.510684,13.379955,124
10334,52.510018,13.379354,125
10334,52.509657,13.378988,126
10334,52.509378,13.378533,127
10334,52.509035,13.377902,128
10334,52.509035,13.377902,129
10334,52.508783,13.377565,130
10334,52.508315,13.377169,131
10334,52.506749,13.376295,132
10334,52.506057,13.376092,133
10334,52.505580,13.375830,134
10334,52.504275,13.375072,135
10334,52.503816,13.374853,136
10334,52.503816,13.374853,137
10334,52.501946,13.374275,138
10334,52.500759,13.374032,139
10334,52.500418,13.374048,140
10334,52.500058,13.374139,141
10334,52.499816,13.374140,142
10334,52.499501,13.374083,143
10334,52.499501,13.374083,144
10334,52.498305,13.373810,145
10334,52.497613,13.373475,146
10334,52.497451,13.373300,147
10334,52.497216,13.372918,148
10334,52.497107,13.372565,149
10334,52.497025,13.371991,150
10334,52.496972,13.367943,151
10334,52.497007,13.367501,152
10334,52.497229,13.366292,153
10334,52.497226,13.365188,154
10334,52.497608,13.363153,155
10334,52.497608,13.363153,156
10334,52.497875,13.361782,157
10334,52.499395,13.354587,158
10334,52.499395,13.354587,159
10334,52.500364,13.350002,160
10334,52.501857,13.342997,161
10334,52.501857,13.342997,162
10334,52.502053,13.342172,163
10334,52.502276,13.341507,164
10334,52.504071,13.336989,165
10334,52.504196,13.336738,166
10334,52.504385,13.336546,167
10334,52.504726,13.336352,168
10334,52.504914,13.336144,169
10334,52.505075,13.335849,170
10334,52.505164,13.335451,171
10334,52.505198,13.334905,172
10334,52.505243,13.334625,173
10334,52.505350,13.334286,174
10334,52.505922,13.333016,175
10334,52.505922,13.333016,176
10334,52.508862,13.326442,177
10334,52.509157,13.325865,178
10334,52.509425,13.325451,179
10334,52.511798,13.322121,180
10334,52.511798,13.322121,181
10334,52.512515,13.321100,182
10334,52.512595,13.320804,183
10334,52.512639,13.320480,184
10334,52.512638,13.320141,185
10334,52.512344,13.317507,186
10334,52.512017,13.312840,187
10334,52.511926,13.312369,188
10334,52.511831,13.310720,189
10356,52.566795,13.411672,0
10356,52.565996,13.412118,1
10356,52.565457,13.412357,2
10356,52.564954,13.412507,3
10356,52.561414,13.412996,4
10356,52.559141,13.413214,5
10356,52.559141,13.413214,6
10356,52.558773,13.413260,7
10356,52.558378,13.413409,8
10356,52.557588,13.413973,9
10356,52.557220,13.414166,10
10356,52.556771,13.414301,11
10356,52.554866,13.414605,12
10356,52.554543,13.414622,13
10356,52.554255,13.414594,14
10356,52.552070,13.414147,15
10356,52.550821,13.413917,16
10356,52.549751,13.413687,17
10356,52.549158,13.413601,18
10356,52.549158,13.413601,19
10356,52.548439,13.413457,20
10356,52.547971,13.413430,21
10356,52.547621,13.413358,22
10356,52.543809,13.412359,23
10356,52.543629,13.412331,24
10356,52.542919,13.412260,25
10356,52.542577,13.412203,26
10356,52.541975,13.412147,27
10356,52.541975,13.412147,28
10356,52.541301,13.412106,29
10356,52.540474,13.412140,30
10356,52.538102,13.412166,31
10356,52.535568,13.412429,32
10356,52.535128,13.412490,33
10356,52.533699,13.412777,34
10356,52.533457,13.412822,35
10356,52.533160,13.412794,36
10356,52.532432,13.412650,37
10356,52.532443,13.412596,38
10356,52.521633,13.414011,39
10355,52.566795,13.411672,0
10355,52.565996,13.412118,1
10355,52.565457,13.412357,2
10355,52.564954,13.412507,3
10355,52.561414,13.412996,4
10355,52.559141,13.413214,5
10355,52.559141,13.413214,6
10355,52.558773,13.413260,7
10355,52.558378,13.413409,8
10355,52.557588,13.413973,9
10355,52.557220,13.414166,10
10355,52.556771,13.414301,11
10355,52.554866,13.414605,12
10355,52.554543,13.414622,13
10355,52.554255,13.414594,14
10355,52.552070,13.414147,15
10355,52.550821,13.413917,16
10355,52.549751,13.413687,17
10355,52.549158,13.413601,18
10355,52.549158,13.413601,19
10355,52.548439,13.413457,20
10355,52.547971,13.413430,21
10355,52.547621,13.413358,22
10355,52.543809,13.412359,23
10355,52.543629,13.412331,24
10355,52.542919,13.412260,25
10355,52.542577,13.412203,26
10355,52.541975,13.412147,27
10355,52.541975,13.412147,28
10355,52.541301,13.412106,29
10355,52.540474,13.412140,30
10355,52.538102,13.412166,31
10355,52.535568,13.412429,32
10355,52.535128,13.412490,33
10355,52.533699,13.412777,34
10355,52.533457,13.412822,35
10355,52.533160,13.412794,36
10355,52.532432,13.412650,37
10355,52.532443,13.412596,38
10355,52.521633,13.414011,39
10355,52.521660,13.414014,40
10355,52.521453,13.414280,41
10355,52.521220,13.414517,42
10355,52.520960,13.414621,43
10355,52.520708,13.414564,44
10355,52.520537,13.414417,45
10355,52.520366,13.414153,46
10355,52.519960,13.413094,47
10355,52.519418,13.411785,48
10355,52.519238,13.411506,49
10355,52.519040,13.411360,50
10355,52.518797,13.411288,51
10355,52.518591,13.411377,52
10355,52.518115,13.411821,53
10355,52.517729,13.412162,54
10355,52.517424,13.412281,55
10355,52.517190,13.412327,56
10355,52.517190,13.412327,57
10355,52.516651,13.412359,58
10355,52.513460,13.411903,59
10355,52.513199,13.411786,60
10355,52.512920,13.411508,61
10355,52.512731,13.411214,62
10355,52.512370,13.410141,63
10355,52.512370,13.410141,64
10355,52.512189,13.409523,65
10355,52.511926,13.408478,66
10355,52.511402,13.406758,67
10355,52.511320,13.406198,68
10355,52.511283,13.405595,69
10355,52.511342,13.403709,70
10355,52.511342,13.403709,71
10355,52.511393,13.402148,72
10355,52.511482,13.401646,73
10355,52.511607,13.401233,74
10355,52.513101,13.397602,75
10355,52.513199,13.397292,76
10355,52.513208,13.397012,77
10355,52.513233,13.396394,78
10355,52.513340,13.395863,79
10355,52.513384,13.395479,80
10355,52.513384,13.395479,81
10355,52.513383,13.394964,82
10355,52.513346,13.394301,83
10355,52.513273,13.393889,84
10355,52.513138,13.393536,85
10355,52.512985,13.393346,86
10355,52.512616,13.393009,87
10355,52.512471,13.392848,88
10355,52.512354,13.392539,89
10355,52.512290,13.392142,90
10355,52.512197,13.390566,91
10355,52.512197,13.390566,92
10355,52.511919,13.386105,93
10355,52.511791,13.385001,94
10355,52.511791,13.385001,95
10355,52.511654,13.384191,96
10355,52.511382,13.382955,97
10355,52.511228,13.382087,98
10355,52.511100,13.381072,99
10355,52.511036,13.380719,100
10355,52.510909,13.380336,101
10355,52.510684,13.379955,102
10355,52.510018,13.379354,103
10355,52.509657,13.378988,104
10355,52.509378,13.378533,105
10355,52.509035,13.377902,106
10354,52.566795,13.411672,0
10354,52.565996,13.412118,1
10354,52.565457,13.412357,2
10354,52.564954,13.412507,3
10354,52.561414,13.412996,4
10354,52.559141,13.413214,5
10354,52.559141,13.413214,6
10354,52.558773,13.413260,7
10354,52.558378,13.413409,8
10354,52.557588,13.413973,9
10354,52.557220,13.414166,10
10354,52.556771,13.414301,11
10354,52.554866,13.414605,12
10354,52.554543,13.414622,13
10354,52.554255,13.414594,14
10354,52.552070,13.414147,15
10354,52.550821,13.413917,16
10354,52.549751,13.413687,17
10354,52.549158,13.413601,18
10354,52.549158,13.413601,19
10354,52.548439,13.413457,20
10354,52.547971,13.413430,21
10354,52.547621,13.413358,22
10354,52.543809,13.412359,23
10354,52.543629,13.412331,24
10354,52.542919,13.412260,25
10354,52.542577,13.412203,26
10354,52.541975,13.412147,27
10354,52.541975,13.412147,28
10354,52.541301,13.412106,29
10354,52.540474,13.412140,30
10354,52.538102,13.412166,31
10354,52.535568,13.412429,32
10354,52.535128,13.412490,33
10354,52.533699,13.412777,34
10354,52.533457,13.412822,35
10354,52.533160,13.412794,36
10354,52.532432,13.412650,37
10354,52.532443,13.412596,38
10354,52.521633,13.414011,39
10354,52.521660,13.414014,40
10354,52.521453,13.414280,41
10354,52.521220,13.414517,42
10354,52.520960,13.414621,43
10354,52.520708,13.414564,44
10354,52.520537,13.414417,45
10354,52.520366,13.414153,46
10354,52.519960,13.413094,47
10354,52.519418,13.411785,48
10354,52.519238,13.411506,49
10354,52.519040,13.411360,50
10354,52.518797,13.411288,51
10354,52.518591,13.411377,52
10354,52.518115,13.411821,53
10354,52.517729,13.412162,54
10354,52.517424,13.412281,55
10354,52.517190,13.412327,56
10354,52.517190,13.412327,57
10354,52.516651,13.412359,58
10354,52.513460,13.411903,59
10354,52.513199,13.411786,60
10354,52.512920,13.411508,61
10354,52.512731,13.411214,62
10354,52.512370,13.410141,63
10354,52.512370,13.410141,64
10354,52.512189,13.409523,65
10354,52.511926,13.408478,66
10354,52.511402,13.406758,67
10354,52.511320,13.406198,68
10354,52.511283,13.405595,69
10354,52.511342,13.403709,70
10354,52.511342,13.403709,71
10354,52.511393,13.402148,72
10354,52.511482,13.401646,73
10354,52.511607,13.401233,74
10354,52.513101,13.397602,75
10354,52.513199,13.397292,76
10354,52.513208,13.397012,77
10354,52.513233,13.396394,78
10354,52.513340,13.395863,79
10354,52.513384,13.395479,80
10354,52.513384,13.395479,81
10354,52.513383,13.394964,82
10354,52.513346,13.394301,83
10354,52.513273,13.393889,84
10354,52.513138,13.393536,85
10354,52.512985,13.393346,86
10354,52.512616,13.393009,87
10354,52.512471,13.392848,88
10354,52.512354,13.392539,89
10354,52.512290,13.392142,90
10354,52.512197,13.390566,91
10354,52.512197,13.390566,92
10354,52.511919,13.386105,93
10354,52.511791,13.385001,94
10354,52.511791,13.385001,95
10354,52.511654,13.384191,96
10354,52.511382,13.382955,97
10354,52.511228,13.382087,98
10354,52.511100,13.381072,99
10354,52.511036,13.380719,100
10354,52.510909,13.380336,101
10354,52.510684,13.379955,102
10354,52.510018,13.379354,103
10354,52.509657,13.378988,104
10354,52.509378,13.378533,105
10354,52.509035,13.377902,106
10354,52.509035,13.377902,107
10354,52.508783,13.377565,108
10354,52.508315,13.377169,109
10354,52.506749,13.376295,110
10354,52.506057,13.376092,111
10354,52.505580,13.375830,112
10354,52.504275,13.375072,113
10354,52.503816,13.374853,114
10354,52.503816,13.374853,115
10354,52.501946,13.374275,116
10354,52.500759,13.374032,117
10354,52.500418,13.374048,118
10354,52.500058,13.374139,119
10354,52.499816,13.374140,120
10354,52.499501,13.374083,121
10354,52.499501,13.374083,122
10354,52.498305,13.373810,123
10354,52.497613,13.373475,124
10354,52.497451,13.373300,125
10354,52.497216,13.372918,126
10354,52.497107,13.372565,127
10354,52.497025,13.371991,128
10354,52.496972,13.367943,129
10354,52.497007,13.367501,130
10354,52.497229,13.366292,131
10354,52.497226,13.365188,132
10354,52.497608,13.363153,133
10354,52.497608,13.363153,134
10354,52.497875,13.361782,135
10354,52.499395,13.354587,136
10354,52.499395,13.354587,137
10354,52.500364,13.350002,138
10354,52.501857,13.342997,139
10354,52.501857,13.342997,140
10354,52.502053,13.342172,141
10354,52.502276,13.341507,142
10354,52.504071,13.336989,143
10354,52.504196,13.336738,144
10354,52.504385,13.336546,145
10354,52.504726,13.336352,146
10354,52.504914,13.336144,147
10354,52.505075,13.335849,148
10354,52.505164,13.335451,149
10354,52.505198,13.334905,150
10354,52.505243,13.334625,151
10354,52.505350,13.334286,152
10354,52.505922,13.333016,153
10350,52.566795,13.411672,0
10350,52.565996,13.412118,1
10350,52.565457,13.412357,2
10350,52.564954,13.412507,3
10350,52.561414,13.412996,4
10350,52.559141,13.413214,5
10350,52.559141,13.413214,6
10350,52.558773,13.413260,7
10350,52.558378,13.413409,8
10350,52.557588,13.413973,9
10350,52.557220,13.414166,10
10350,52.556771,13.414301,11
10350,52.554866,13.414605,12
10350,52.554543,13.414622,13
10350,52.554255,13.414594,14
10350,52.552070,13.414147,15
10350,52.550821,13.413917,16
10350,52.549751,13.413687,17
10350,52.549158,13.413601,18
10350,52.549158,13.413601,19
10350,52.548439,13.413457,20
10350,52.547971,13.413430,21
10350,52.547621,13.413358,22
10350,52.543809,13.412359,23
10350,52.543629,13.412331,24
10350,52.542919,13.412260,25
10350,52.542577,13.412203,26
10350,52.541975,13.412147,27
10350,52.541975,13.412147,28
10350,52.541301,13.412106,29
10350,52.540474,13.412140,30
10350,52.538102,13.412166,31
10350,52.535568,13.412429,32
10350,52.535128,13.412490,33
10350,52.533699,13.412777,34
10350,52.533457,13.412822,35
10350,52.533160,13.412794,36
10350,52.532432,13.412650,37
10350,52.532443,13.412596,38
10350,52.521633,13.414011,39
10350,52.521660,13.414014,40
10350,52.521453,13.414280,41
10350,52.521220,13.414517,42
10350,52.520960,13.414621,43
10350,52.520708,13.414564,44
10350,52.520537,13.414417,45
10350,52.520366,13.414153,46
10350,52.519960,13.413094,47
10350,52.519418,13.411785,48
10350,52.519238,13.411506,49
10350,52.519040,13.411360,50
10350,52.518797,13.411288,51
10350,52.518591,13.411377,52
10350,52.518115,13.411821,53
10350,52.517729,13.412162,54
10350,52.517424,13.412281,55
10350,52.517190,13.412327,56
10350,52.517190,13.412327,57
10350,52.516651,13.412359,58
10350,52.513460,13.411903,59
10350,52.513199,13.411786,60
10350,52.512920,13.411508,61
10350,52.512731,13.411214,62
10350,52.512370,13.410141,63
10350,52.512370,13.410141,64
10350,52.512189,13.409523,65
10350,52.511926,13.408478,66
10350,52.511402,13.406758,67
10350,52.511320,13.406198,68
10350,52.511283,13.405595,69
10350,52.511342,13.403709,70
10350,52.511342,13.403709,71
10350,52.511393,13.402148,72
10350,52.511482,13.401646,73
10350,52.511607,13.401233,74
10350,52.513101,13.397602,75
10350,52.513199,13.397292,76
10350,52.513208,13.397012,77
10350,52.513233,13.396394,78
10350,52.513340,13.395863,79
10350,52.513384,13.395479,80
10350,52.513384,13.395479,81
10350,52.513383,13.394964,82
10350,52.513346,13.394301,83
10350,52.513273,13.393889,84
10350,52.513138,13.393536,85
10350,52.512985,13.393346,86
10350,52.512616,13.393009,87
10350,52.512471,13.392848,88
10350,52.512354,13.392539,89
10350,52.512290,13.392142,90
10350,52.512197,13.390566,91
10350,52.512197,13.390566,92
10350,52.511919,13.386105,93
10350,52.511791,13.385001,94
10350,52.511791,13.385001,95
10350,52.511654,13.384191,96
10350,52.511382,13.382955,97
10350,52.511228,13.382087,98
10350,52.511100,13.381072,99
10350,52.511036,13.380719,100
10350,52.510909,13.380336,101
10350,52.510684,13.379955,102
10350,52.510018,13.379354,103
10350,52.509657,13.378988,104
10350,52.509378,13.378533,105
10350,52.509035,13.377902,106
10350,52.509035,13.377902,107
10350,52.508783,13.377565,108
10350,52.508315,13.377169,109
10350,52.506749,13.376295,110
10350,52.506057,13.376092,111
10350,52.505580,13.375830,112
10350,52.504275,13.375072,113
10350,52.503816,13.374853,114
10350,52.503816,13.374853,115
10350,52.501946,13.374275,116
10350,52.500759,13.374032,117
10350,52.500418,13.374048,118
10350,52.500058,13.374139,119
10350,52.499816,13.374140,120
10350,52.499501,13.374083,121
10350,52.499501,13.374083,122
10350,52.498305,13.373810,123
10350,52.497613,13.373475,124
10350,52.497451,13.373300,125
10350,52.497216,13.372918,126
10350,52.497107,13.372565,127
10350,52.497025,13.371991,128
10350,52.496972,13.367943,129
10350,52.497007,13.367501,130
10350,52.497229,13.366292,131
10350,52.497226,13.365188,132
10350,52.497608,13.363153,133
10350,52.497608,13.363153,134
10350,52.497875,13.361782,135
10350,52.499395,13.354587,136
10350,52.499395,13.354587,137
10350,52.500364,13.350002,138
10350,52.501857,13.342997,139
10350,52.501857,13.342997,140
10350,52.502053,13.342172,141
10350,52.502276,13.341507,142
10350,52.504071,13.336989,143
10350,52.504196,13.336738,144
10350,52.504385,13.336546,145
10350,52.504726,13.336352,146
10350,52.504914,13.336144,147
10350,52.505075,13.335849,148
10350,52.505164,13.335451,149
10350,52.505198,13.334905,150
10350,52.505243,13.334625,151
10350,52.505350,13.334286,152
10350,52.505922,13.333016,153
10350,52.505922,13.333016,154
10350,52.508862,13.326442,155
10350,52.509157,13.325865,156
10350,52.509425,13.325451,157
10350,52.511798,13.322121,158
10350,52.511798,13.322121,159
10350,52.512506,13.321100,160
10350,52.512595,13.320790,161
10350,52.512639,13.320465,162
10350,52.512638,13.320141,163
10350,52.512344,13.317507,164
10350,52.512017,13.312840,165
10350,52.511966,13.310704,166
10350,52.511966,13.310704,167
10350,52.511520,13.305125,168
10350,52.511520,13.305125,169
10350,52.510901,13.295836,170
10350,52.510901,13.295836,171
10350,52.510110,13.283086,172
10350,52.510110,13.283086,173
10350,52.509621,13.275755,174
10350,52.509619,13.275004,175
10350,52.509671,13.274356,176
10350,52.509908,13.272601,177
10353,52.566795,13.411672,0
10353,52.565996,13.412118,1
10353,52.565457,13.412357,2
10353,52.564954,13.412507,3
10353,52.561414,13.412996,4
10353,52.559141,13.413214,5
10353,52.559141,13.413214,6
10353,52.558773,13.413260,7
10353,52.558378,13.413409,8
10353,52.557588,13.413973,9
10353,52.557220,13.414166,10
10353,52.556771,13.414301,11
10353,52.554866,13.414605,12
10353,52.554543,13.414622,13
10353,52.554255,13.414594,14
10353,52.552070,13.414147,15
10353,52.550821,13.413917,16
10353,52.549751,13.413687,17
10353,52.549158,13.413601,18
10353,52.549158,13.413601,19
10353,52.548439,13.413457,20
10353,52.547971,13.413430,21
10353,52.547621,13.413358,22
10353,52.543809,13.412359,23
10353,52.543629,13.412331,24
10353,52.542919,13.412260,25
10353,52.542577,13.412203,26
10353,52.541975,13.412147,27
10353,52.541975,13.412147,28
10353,52.541301,13.412106,29
10353,52.540474,13.412140,30
10353,52.538102,13.412166,31
10353,52.535568,13.412429,32
10353,52.535128,13.412490,33
10353,52.533699,13.412777,34
10353,52.533457,13.412822,35
10353,52.533160,13.412794,36
10353,52.532432,13.412650,37
10353,52.532443,13.412596,38
10353,52.521633,13.414011,39
10353,52.521660,13.414014,40
10353,52.521453,13.414280,41
10353,52.521220,13.414517,42
10353,52.520960,13.414621,43
10353,52.520708,13.414564,44
10353,52.520537,13.414417,45
10353,52.520366,13.414153,46
10353,52.519960,13.413094,47
10353,52.519418,13.411785,48
10353,52.519238,13.411506,49
10353,52.519040,13.411360,50
10353,52.518797,13.411288,51
10353,52.518591,13.411377,52
10353,52.518115,13.411821,53
10353,52.517729,13.412162,54
10353,52.517424,13.412281,55
10353,52.517190,13.412327,56
10353,52.517190,13.412327,57
10353,52.516651,13.412359,58
10353,52.513460,13.411903,59
10353,52.513199,13.411786,60
10353,52.512920,13.411508,61
10353,52.512731,13.411214,62
10353,52.512370,13.410141,63
10353,52.512370,13.410141,64
10353,52.512189,13.409523,65
10353,52.511926,13.408478,66
10353,52.511402,13.406758,67
10353,52.511320,13.406198,68
10353,52.511283,13.405595,69
10353,52.511342,13.403709,70
10353,52.511342,13.403709,71
10353,52.511393,13.402148,72
10353,52.511482,13.401646,73
10353,52.511607,13.401233,74
10353,52.513101,13.397602,75
10353,52.513199,13.397292,76
10353,52.513208,13.397012,77
10353,52.513233,13.396394,78
10353,52.513340,13.395863,79
10353,52.513384,13.395479,80
10353,52.513384,13.395479,81
10353,52.513383,13.394964,82
10353,52.513346,13.394301,83
10353,52.513273,13.393889,84
10353,52.513138,13.393536,85
10353,52.512985,13.393346,86
10353,52.512616,13.393009,87
10353,52.512471,13.392848,88
10353,52.512354,13.392539,89
10353,52.512290,13.392142,90
10353,52.512197,13.390566,91
10353,52.512197,13.390566,92
10353,52.511919,13.386105,93
10353,52.511791,13.385001,94
10353,52.511791,13.385001,95
10353,52.511654,13.384191,96
10353,52.511382,13.382955,97
10353,52.511228,13.382087,98
10353,52.511100,13.381072,99
10353,52.511036,13.380719,100
10353,52.510909,13.380336,101
10353,52.510684,13.379955,102
10353,52.510018,13.379354,103
10353,52.509657,13.378988,104
10353,52.509378,13.378533,105
10353,52.509035,13.377902,106
10353,52.509035,13.377902,107
10353,52.508783,13.377565,108
10353,52.508315,13.377169,109
10353,52.506749,13.376295,110
10353,52.506057,13.376092,111
10353,52.505580,13.375830,112
10353,52.504275,13.375072,113
10353,52.503816,13.374853,114
10353,52.503816,13.374853,115
10353,52.501946,13.374275,116
10353,52.500759,13.374032,117
10353,52.500418,13.374048,118
10353,52.500058,13.374139,119
10353,52.499816,13.374140,120
10353,52.499501,13.374083,121
10353,52.499501,13.374083,122
10353,52.498305,13.373810,123
10353,52.497613,13.373475,124
10353,52.497451,13.373300,125
10353,52.497216,13.372918,126
10353,52.497107,13.372565,127
10353,52.497025,13.371991,128
10353,52.496972,13.367943,129
10353,52.497007,13.367501,130
10353,52.497229,13.366292,131
10353,52.497226,13.365188,132
10353,52.497608,13.363153,133
10353,52.497608,13.363153,134
10353,52.497875,13.361782,135
10353,52.499395,13.354587,136
10353,52.499395,13.354587,137
10353,52.500364,13.350002,138
10353,52.501857,13.342997,139
10353,52.501857,13.342997,140
10353,52.502053,13.342172,141
10353,52.502276,13.341507,142
10353,52.504071,13.336989,143
10353,52.504196,13.336738,144
10353,52.504385,13.336546,145
10353,52.504726,13.336352,146
10353,52.504914,13.336144,147
10353,52.505075,13.335849,148
10353,52.505164,13.335451,149
10353,52.505198,13.334905,150
10353,52.505243,13.334625,151
10353,52.505350,13.334286,152
10353,52.505922,13.333016,153
10353,52.505922,13.333016,154
10353,52.508862,13.326442,155
10353,52.509157,13.325865,156
10353,52.509425,13.325451,157
10353,52.511798,13.322121,158
10353,52.511798,13.322121,159
10353,52.512506,13.321100,160
10353,52.512595,13.320790,161
10353,52.512639,13.320465,162
10353,52.512638,13.320141,163
10353,52.512344,13.317507,164
10353,52.512017,13.312840,165
10353,52.511966,13.310704,166
10353,52.511966,13.310704,167
10353,52.511520,13.305125,168
10353,52.511520,13.305125,169
10353,52.510901,13.295836,170
10353,52.510901,13.295836,171
10353,52.510110,13.283086,172
10353,52.510110,13.283086,173
10353,52.509621,13.275755,174
10353,52.509619,13.275004,175
10353,52.509671,13.274356,176
10353,52.509908,13.272601,177
10353,52.509908,13.272601,178
10353,52.510068,13.271775,179
10353,52.510228,13.271184,180
10353,52.510477,13.270564,181
10353,52.511041,13.269617,182
10353,52.512025,13.268253,183
10353,52.515690,13.262007,184
10353,52.515905,13.261549,185
10353,52.516047,13.261062,186
10353,52.516162,13.260501,187
10353,52.516275,13.259248,188
10353,52.516275,13.259248,189
10353,52.516369,13.257612,190
10353,52.516329,13.256507,191
10353,52.516237,13.255668,192
10353,52.516062,13.254418,193
10353,52.516043,13.253947,194
10353,52.516095,13.253431,195
10353,52.516200,13.252649,196
10353,52.516405,13.251940,197
10353,52.516637,13.251305,198
10353,52.516896,13.250816,199
10349,52.566795,13.411672,0
10349,52.565996,13.412118,1
10349,52.565457,13.412357,2
10349,52.564954,13.412507,3
10349,52.561414,13.412996,4
10349,52.559141,13.413214,5
10349,52.559141,13.413214,6
10349,52.558773,13.413260,7
10349,52.558378,13.413409,8
10349,52.557588,13.413973,9
10349,52.557220,13.414166,10
10349,52.556771,13.414301,11
10349,52.554866,13.414605,12
10349,52.554543,13.414622,13
10349,52.554255,13.414594,14
10349,52.552070,13.414147,15
10349,52.550821,13.413917,16
10349,52.549751,13.413687,17
10349,52.549158,13.413601,18
10349,52.549158,13.413601,19
10349,52.548439,13.413457,20
10349,52.547971,13.413430,21
10349,52.547621,13.413358,22
10349,52.543809,13.412359,23
10349,52.543629,13.412331,24
10349,52.542919,13.412260,25
10349,52.542577,13.412203,26
10349,52.541975,13.412147,27
10349,52.541975,13.412147,28
10349,52.541301,13.412106,29
10349,52.540474,13.412140,30
10349,52.538102,13.412166,31
10349,52.535568,13.412429,32
10349,52.535128,13.412490,33
10349,52.533699,13.412777,34
10349,52.533457,13.412822,35
10349,52.533160,13.412794,36
10349,52.532432,13.412650,37
10349,52.532443,13.412596,38
10349,52.521633,13.414011,39
10349,52.521660,13.414014,40
10349,52.521453,13.414280,41
10349,52.521220,13.414517,42
10349,52.520960,13.414621,43
10349,52.520708,13.414564,44
10349,52.520537,13.414417,45
10349,52.520366,13.414153,46
10349,52.519960,13.413094,47
10349,52.519418,13.411785,48
10349,52.519238,13.411506,49
10349,52.519040,13.411360,50
10349,52.518797,13.411288,51
10349,52.518591,13.411377,52
10349,52.518115,13.411821,53
10349,52.517729,13.412162,54
10349,52.517424,13.412281,55
10349,52.517190,13.412327,56
10349,52.517190,13.412327,57
10349,52.516651,13.412359,58
10349,52.513460,13.411903,59
10349,52.513199,13.411786,60
10349,52.512920,13.411508,61
10349,52.512731,13.411214,62
10349,52.512370,13.410141,63
10349,52.512370,13.410141,64
10349,52.512189,13.409523,65
10349,52.511926,13.408478,66
10349,52.511402,13.406758,67
10349,52.511320,13.406198,68
10349,52.511283,13.405595,69
10349,52.511342,13.403709,70
10349,52.511342,13.403709,71
10349,52.511393,13.402148,72
10349,52.511482,13.401646,73
10349,52.511607,13.401233,74
10349,52.513101,13.397602,75
10349,52.513199,13.397292,76
10349,52.513208,13.397012,77
10349,52.513233,13.396394,78
10349,52.513340,13.395863,79
10349,52.513384,13.395479,80
10349,52.513384,13.395479,81
10349,52.513383,13.394964,82
10349,52.513346,13.394301,83
10349,52.513273,13.393889,84
10349,52.513138,13.393536,85
10349,52.512985,13.393346,86
10349,52.512616,13.393009,87
10349,52.512471,13.392848,88
10349,52.512354,13.392539,89
10349,52.512290,13.392142,90
10349,52.512197,13.390566,91
10349,52.512197,13.390566,92
10349,52.511919,13.386105,93
10349,52.511791,13.385001,94
10349,52.511791,13.385001,95
10349,52.511654,13.384191,96
10349,52.511382,13.382955,97
10349,52.511228,13.382087,98
10349,52.511100,13.381072,99
10349,52.511036,13.380719,100
10349,52.510909,13.380336,101
10349,52.510684,13.379955,102
10349,52.510018,13.379354,103
10349,52.509657,13.378988,104
10349,52.509378,13.378533,105
10349,52.509035,13.377902,106
10349,52.509035,13.377902,107
10349,52.508783,13.377565,108
10349,52.508315,13.377169,109
10349,52.506749,13.376295,110
10349,52.506057,13.376092,111
10349,52.505580,13.375830,112
10349,52.504275,13.375072,113
10349,52.503816,13.374853,114
10349,52.503816,13.374853,115
10349,52.501946,13.374275,116
10349,52.500759,13.374032,117
10349,52.500418,13.374048,118
10349,52.500058,13.374139,119
10349,52.499816,13.374140,120
10349,52.499501,13.374083,121
10349,52.499501,13.374083,122
10349,52.498305,13.373810,123
10349,52.497613,13.373475,124
10349,52.497451,13.373300,125
10349,52.497216,13.372918,126
10349,52.497107,13.372565,127
10349,52.497025,13.371991,128
10349,52.496972,13.367943,129
10349,52.497007,13.367501,130
10349,52.497229,13.366292,131
10349,52.497226,13.365188,132
10349,52.497608,13.363153,133
10349,52.497608,13.363153,134
10349,52.497875,13.361782,135
10349,52.499395,13.354587,136
10349,52.499395,13.354587,137
10349,52.500364,13.350002,138
10349,52.501857,13.342997,139
10349,52.501857,13.342997,140
10349,52.502053,13.342172,141
10349,52.502276,13.341507,142
10349,52.504071,13.336989,143
10349,52.504196,13.336738,144
10349,52.504385,13.336546,145
10349,52.504726,13.336352,146
10349,52.504914,13.336144,147
10349,52.505075,13.335849,148
10349,52.505164,13.335451,149
10349,52.505198,13.334905,150
10349,52.505243,13.334625,151
10349,52.505350,13.334286,152
10349,52.505922,13.333016,153
10349,52.505922,13.333016,154
10349,52.508862,13.326442,155
10349,52.509157,13.325865,156
10349,52.509425,13.325451,157
10349,52.511798,13.322121,158
10349,52.511798,13.322121,159
10349,52.512506,13.321100,160
10349,52.512595,13.320790,161
10349,52.512639,13.320465,162
10349,52.512638,13.320141,163
10349,52.512344,13.317507,164
10349,52.512017,13.312840,165
10349,52.511966,13.310704,166
10349,52.511966,13.310704,167
10349,52.511520,13.305125,168
10349,52.511520,13.305125,169
10349,52.510901,13.295836,170
10349,52.510901,13.295836,171
10349,52.510110,13.283086,172
10349,52.510110,13.283086,173
10349,52.509621,13.275755,174
10349,52.509619,13.275004,175
10349,52.509671,13.274356,176
10349,52.509908,13.272601,177
10349,52.509908,13.272601,178
10349,52.510068,13.271775,179
10349,52.510228,13.271184,180
10349,52.510477,13.270564,181
10349,52.511041,13.269617,182
10349,52.512025,13.268253,183
10349,52.515690,13.262007,184
10349,52.515905,13.261549,185
10349,52.516047,13.261062,186
10349,52.516162,13.260501,187
10349,52.516275,13.259248,188
10349,52.516275,13.259248,189
10349,52.516369,13.257612,190
10349,52.516329,13.256507,191
10349,52.516237,13.255668,192
10349,52.516062,13.254418,193
10349,52.516043,13.253947,194
10349,52.516095,13.253431,195
10349,52.516200,13.252649,196
10349,52.516405,13.251940,197
10349,52.516637,13.251305,198
10349,52.516896,13.250816,199
10349,52.516896,13.250816,200
10349,52.517057,13.250579,201
10349,52.517236,13.250342,202
10349,52.520364,13.247840,203
10349,52.520642,13.247558,204
10349,52.520901,13.247217,205
10349,52.521071,13.247039,206
10349,52.521940,13.246250,207
10349,52.522460,13.245627,208
10349,52.522845,13.245344,209
10349,52.523213,13.245149,210
10349,52.524093,13.244817,211
10349,52.524353,13.244624,212
10349,52.524594,13.244371,213
10349,52.524836,13.244000,214
10349,52.525023,13.243616,215
10349,52.525175,13.243187,216
10349,52.525405,13.241992,217
10349,52.525591,13.241253,218
10358,52.566795,13.411672,0
10358,52.565996,13.412118,1
10358,52.565457,13.412357,2
10358,52.564954,13.412507,3
10358,52.561414,13.412996,4
10358,52.559141,13.413214,5
10358,52.559141,13.413214,6
10358,52.558773,13.413260,7
10358,52.558378,13.413409,8
10358,52.557588,13.413973,9
10358,52.557220,13.414166,10
10358,52.556771,13.414301,11
10358,52.554866,13.414605,12
10358,52.554543,13.414622,13
10358,52.554255,13.414594,14
10358,52.552070,13.414147,15
10358,52.550821,13.413917,16
10358,52.549751,13.413687,17
10358,52.549158,13.413601,18
10358,52.549158,13.413601,19
10358,52.548439,13.413457,20
10358,52.547971,13.413430,21
10358,52.547621,13.413358,22
10358,52.543809,13.412359,23
10358,52.543629,13.412331,24
10358,52.542919,13.412260,25
10358,52.542577,13.412203,26
10358,52.541975,13.412147,27
10358,52.541975,13.412147,28
10358,52.541301,13.412106,29
10358,52.540474,13.412140,30
10358,52.538102,13.412166,31
10358,52.535568,13.412429,32
10358,52.535128,13.412490,33
10358,52.533699,13.412777,34
10358,52.533457,13.412822,35
10358,52.533160,13.412794,36
10358,52.532432,13.412650,37
10358,52.532443,13.412596,38
10358,52.521633,13.414011,39
10358,52.521660,13.414014,40
10358,52.521453,13.414280,41
10358,52.521220,13.414517,42
10358,52.520960,13.414621,43
10358,52.520708,13.414564,44
10358,52.520537,13.414417,45
10358,52.520366,13.414153,46
10358,52.519960,13.413094,47
10358,52.519418,13.411785,48
10358,52.519238,13.411506,49
10358,52.519040,13.411360,50
10358,52.518797,13.411288,51
10358,52.518591,13.411377,52
10358,52.518115,13.411821,53
10358,52.517729,13.412162,54
10358,52.517424,13.412281,55
10358,52.517190,13.412327,56
10358,52.517190,13.412327,57
10358,52.516651,13.412359,58
10358,52.513460,13.411903,59
10358,52.513199,13.411786,60
10358,52.512920,13.411508,61
10358,52.512731,13.411214,62
10358,52.512370,13.410141,63
10358,52.512370,13.410141,64
10358,52.512189,13.409523,65
10358,52.511926,13.408478,66
10358,52.511402,13.406758,67
10358,52.511320,13.406198,68
10358,52.511283,13.405595,69
10358,52.511342,13.403709,70
10358,52.511342,13.403709,71
10358,52.511393,13.402148,72
10358,52.511482,13.401646,73
10358,52.511607,13.401233,74
10358,52.513101,13.397602,75
10358,52.513199,13.397292,76
10358,52.513208,13.397012,77
10358,52.513233,13.396394,78
10358,52.513340,13.395863,79
10358,52.513384,13.395479,80
10358,52.513384,13.395479,81
10358,52.513383,13.394964,82
10358,52.513346,13.394301,83
10358,52.513273,13.393889,84
10358,52.513138,13.393536,85
10358,52.512985,13.393346,86
10358,52.512616,13.393009,87
10358,52.512471,13.392848,88
10358,52.512354,13.392539,89
10358,52.512290,13.392142,90
10358,52.512197,13.390566,91
10358,52.512197,13.390566,92
10358,52.511919,13.386105,93
10358,52.511791,13.385001,94
10358,52.511791,13.385001,95
10358,52.511654,13.384191,96
10358,52.511382,13.382955,97
10358,52.511228,13.382087,98
10358,52.511100,13.381072,99
10358,52.511036,13.380719,100
10358,52.510909,13.380336,101
10358,52.510684,13.379955,102
10358,52.510018,13.379354,103
10358,52.509657,13.378988,104
10358,52.509378,13.378533,105
10358,52.509035,13.377902,106
10358,52.509035,13.377902,107
10358,52.508783,13.377565,108
10358,52.508315,13.377169,109
10358,52.506749,13.376295,110
10358,52.506057,13.376092,111
10358,52.505580,13.375830,112
10358,52.504275,13.375072,113
10358,52.503816,13.374853,114
10358,52.503816,13.374853,115
10358,52.501946,13.374275,116
10358,52.500759,13.374032,117
10358,52.500418,13.374048,118
10358,52.500058,13.374139,119
10358,52.499816,13.374140,120
10358,52.499501,13.374083,121
10358,52.499501,13.374083,122
10358,52.498305,13.373810,123
10358,52.497613,13.373475,124
10358,52.497451,13.373300,125
10358,52.497216,13.372918,126
10358,52.497107,13.372565,127
10358,52.497025,13.371991,128
10358,52.496972,13.367943,129
10358,52.497007,13.367501,130
10358,52.497229,13.366292,131
10358,52.497226,13.365188,132
10358,52.497608,13.363153,133
10358,52.497608,13.363153,134
10358,52.497875,13.361782,135
10358,52.499395,13.354587,136
10358,52.499395,13.354587,137
10358,52.500364,13.350002,138
10358,52.501857,13.342997,139
10358,52.501857,13.342997,140
10358,52.502053,13.342172,141
10358,52.502276,13.341507,142
10358,52.504071,13.336989,143
10358,52.504196,13.336738,144
10358,52.504385,13.336546,145
10358,52.504726,13.336352,146
10358,52.504914,13.336144,147
10358,52.505075,13.335849,148
10358,52.505164,13.335451,149
10358,52.505198,13.334905,150
10358,52.505243,13.334625,151
10358,52.505350,13.334286,152
10358,52.505922,13.333016,153
10358,52.505922,13.333016,154
10358,52.508862,13.326442,155
10358,52.509157,13.325865,156
10358,52.509425,13.325451,157
10358,52.511798,13.322121,158
10358,52.511798,13.322121,159
10358,52.512515,13.321100,160
10358,52.512595,13.320804,161
10358,52.512639,13.320480,162
10358,52.512638,13.320141,163
10358,52.512344,13.317507,164
10358,52.512017,13.312840,165
10358,52.511926,13.312369,166
10358,52.511831,13.310720,167
10333,52.566822,13.411775,0
10333,52.566032,13.412266,1
10333,52.565458,13.412549,2
10333,52.565035,13.412639,3
10333,52.561406,13.413144,4
10333,52.560282,13.413105,5
10333,52.559141,13.413214,6
10333,52.559141,13.413214,7
10333,52.558773,13.413260,8
10333,52.558378,13.413409,9
10333,52.557588,13.413973,10
10333,52.557220,13.414166,11
10333,52.556771,13.414301,12
10333,52.554866,13.414605,13
10333,52.554543,13.414622,14
10333,52.554255,13.414594,15
10333,52.552070,13.414147,16
10333,52.550821,13.413917,17
10333,52.549751,13.413687,18
10333,52.549158,13.413601,19
10333,52.549158,13.413601,20
10333,52.548439,13.413457,21
10333,52.547971,13.413430,22
10333,52.547621,13.413358,23
10333,52.543809,13.412359,24
10333,52.543629,13.412331,25
10333,52.542919,13.412260,26
10333,52.542577,13.412203,27
10333,52.541975,13.412147,28
10333,52.541975,13.412147,29
10333,52.541301,13.412106,30
10333,52.540474,13.412140,31
10333,52.538102,13.412166,32
10333,52.535568,13.412429,33
10333,52.535128,13.412490,34
10333,52.533699,13.412777,35
10333,52.533457,13.412822,36
10333,52.533160,13.412794,37
10333,52.532432,13.412650,38
10333,52.532432,13.412650,39
10333,52.531839,13.412521,40
10333,52.531515,13.412345,41
10333,52.531209,13.412037,42
10333,52.530479,13.410965,43
10333,52.529677,13.410026,44
10333,52.529381,13.409807,45
10333,52.529165,13.409763,46
10333,52.528922,13.409794,47
10333,52.527674,13.410419,48
10333,52.527674,13.410419,49
10333,52.526498,13.411014,50
10333,52.526256,13.411089,51
10333,52.526040,13.411061,52
10333,52.525833,13.410973,53
10333,52.524564,13.409992,54
10333,52.524366,13.409905,55
10333,52.524124,13.409921,56
10333,52.523836,13.410158,57
10333,52.523398,13.410926,58
10333,52.522869,13.411695,59
10333,52.522627,13.412153,60
10333,52.522000,13.413452,61
10333,52.521660,13.414014,62
10333,52.521660,13.414014,63
10333,52.521453,13.414280,64
10333,52.521220,13.414517,65
10333,52.520960,13.414621,66
10333,52.520708,13.414564,67
10333,52.520537,13.414417,68
10333,52.520366,13.414153,69
10333,52.519960,13.413094,70
10333,52.519418,13.411785,71
10333,52.519238,13.411506,72
10333,52.519040,13.411360,73
10333,52.518797,13.411288,74
10333,52.518591,13.411377,75
10333,52.518115,13.411821,76
10333,52.517729,13.412162,77
10333,52.517424,13.412281,78
10333,52.517190,13.412327,79
10333,52.517190,13.412327,80
10333,52.516651,13.412359,81
10333,52.513460,13.411903,82
10333,52.513199,13.411786,83
10333,52.512920,13.411508,84
10333,52.512731,13.411214,85
10333,52.512370,13.410141,86
10333,52.512370,13.410141,87
10333,52.512189,13.409523,88
10333,52.511926,13.408478,89
10333,52.511402,13.406758,90
10333,52.511320,13.406198,91
10333,52.511283,13.405595,92
10333,52.511342,13.403709,93
10333,52.511342,13.403709,94
10333,52.511393,13.402148,95
10333,52.511482,13.401646,96
10333,52.511607,13.401233,97
10333,52.513101,13.397602,98
10333,52.513199,13.397292,99
10333,52.513208,13.397012,100
10333,52.513233,13.396394,101
10333,52.513340,13.395863,102
10333,52.513384,13.395479,103
10333,52.513384,13.395479,104
10333,52.513383,13.394964,105
10333,52.513346,13.394301,106
10333,52.513273,13.393889,107
10333,52.513138,13.393536,108
10333,52.512985,13.393346,109
10333,52.512616,13.393009,110
10333,52.512471,13.392848,111
10333,52.512354,13.392539,112
10333,52.512290,13.392142,113
10333,52.512197,13.390566,114
10333,52.512197,13.390566,115
10333,52.511919,13.386105,116
10333,52.511791,13.385001,117
10333,52.511791,13.385001,118
10333,52.511654,13.384191,119
10333,52.511382,13.382955,120
10333,52.511228,13.382087,121
10333,52.511100,13.381072,122
10333,52.511036,13.380719,123
10333,52.510909,13.380336,124
10333,52.510684,13.379955,125
10333,52.510018,13.379354,126
10333,52.509657,13.378988,127
10333,52.509378,13.378533,128
10333,52.509035,13.377902,129
10333,52.509035,13.377902,130
10333,52.508783,13.377565,131
10333,52.508315,13.377169,132
10333,52.506749,13.376295,133
10333,52.506057,13.376092,134
10333,52.505580,13.375830,135
10333,52.504275,13.375072,136
10333,52.503816,13.374853,137
10333,52.503816,13.374853,138
10333,52.501946,13.374275,139
10333,52.500759,13.374032,140
10333,52.500418,13.374048,141
10333,52.500058,13.374139,142
10333,52.499816,13.374140,143
10333,52.499501,13.374083,144
10333,52.499501,13.374083,145
10333,52.498305,13.373810,146
10333,52.497613,13.373475,147
10333,52.497451,13.373300,148
10333,52.497216,13.372918,149
10333,52.497107,13.372565,150
10333,52.497025,13.371991,151
10333,52.496972,13.367943,152
10333,52.497007,13.367501,153
10333,52.497229,13.366292,154
10333,52.497226,13.365188,155
10333,52.497608,13.363153,156
10333,52.497608,13.363153,157
10333,52.497875,13.361782,158
10333,52.499395,13.354587,159
10333,52.499395,13.354587,160
10333,52.500364,13.350002,161
10333,52.501857,13.342997,162
10333,52.501857,13.342997,163
10333,52.502053,13.342172,164
10333,52.502276,13.341507,165
10333,52.504071,13.336989,166
10333,52.504196,13.336738,167
10333,52.504385,13.336546,168
10333,52.504726,13.336352,169
10333,52.504914,13.336144,170
10333,52.505075,13.335849,171
10333,52.505164,13.335451,172
10333,52.505198,13.334905,173
10333,52.505243,13.334625,174
10333,52.505350,13.334286,175
10333,52.505922,13.333016,176
10333,52.505922,13.333016,177
10333,52.508862,13.326442,178
10333,52.509157,13.325865,179
10333,52.509425,13.325451,180
10333,52.511798,13.322121,181
10333,52.511798,13.322121,182
10333,52.512506,13.321100,183
10333,52.512595,13.320790,184
10333,52.512639,13.320465,185
10333,52.512638,13.320141,186
10333,52.512344,13.317507,187
10333,52.512017,13.312840,188
10333,52.511966,13.310704,189
10333,52.511966,13.310704,190
10333,52.511520,13.305125,191
10333,52.511520,13.305125,192
10333,52.510901,13.295836,193
10333,52.510901,13.295836,194
10333,52.510110,13.283086,195
10333,52.510110,13.283086,196
10333,52.509621,13.275755,197
10333,52.509619,13.275004,198
10333,52.509671,13.274356,199
10333,52.509908,13.272601,200
10333,52.509908,13.272601,201
10333,52.510068,13.271775,202
10333,52.510228,13.271184,203
10333,52.510477,13.270564,204
10333,52.511041,13.269617,205
10333,52.512025,13.268253,206
10333,52.515690,13.262007,207
10333,52.515905,13.261549,208
10333,52.516047,13.261062,209
10333,52.516162,13.260501,210
10333,52.516275,13.259248,211
10333,52.516275,13.259248,212
10333,52.516369,13.257612,213
10333,52.516329,13.256507,214
10333,52.516237,13.255668,215
10333,52.516062,13.254418,216
10333,52.516043,13.253947,217
10333,52.516095,13.253431,218
10333,52.516200,13.252649,219
10333,52.516405,13.251940,220
10333,52.516637,13.251305,221
10333,52.516896,13.250816,222
10333,52.516896,13.250816,223
10333,52.517057,13.250579,224
10333,52.517236,13.250342,225
10333,52.520364,13.247840,226
10333,52.520642,13.247558,227
10333,52.520901,13.247217,228
10333,52.521071,13.247039,229
10333,52.521940,13.246250,230
10333,52.522460,13.245627,231
10333,52.522845,13.245344,232
10333,52.523213,13.245149,233
10333,52.524093,13.244817,234
10333,52.524353,13.244624,235
10333,52.524594,13.244371,236
10333,52.524836,13.244000,237
10333,52.525023,13.243616,238
10333,52.525175,13.243187,239
10333,52.525405,13.241992,240
10333,52.525591,13.241253,241
10357,52.566822,13.411775,0
10357,52.566032,13.412266,1
10357,52.565458,13.412549,2
10357,52.565035,13.412639,3
10357,52.561406,13.413144,4
10357,52.560282,13.413105,5
10357,52.559141,13.413214,6
10357,52.559141,13.413214,7
10357,52.558773,13.413260,8
10357,52.558378,13.413409,9
10357,52.557588,13.413973,10
10357,52.557220,13.414166,11
10357,52.556771,13.414301,12
10357,52.554866,13.414605,13
10357,52.554543,13.414622,14
10357,52.554255,13.414594,15
10357,52.552070,13.414147,16
10357,52.550821,13.413917,17
10357,52.549751,13.413687,18
10357,52.549158,13.413601,19
10357,52.549158,13.413601,20
10357,52.548439,13.413457,21
10357,52.547971,13.413430,22
10357,52.547621,13.413358,23
10357,52.543809,13.412359,24
10357,52.543629,13.412331,25
10357,52.542919,13.412260,26
10357,52.542577,13.412203,27
10357,52.541975,13.412147,28
10357,52.541975,13.412147,29
10357,52.541301,13.412106,30
10357,52.540474,13.412140,31
10357,52.538102,13.412166,32
10357,52.535568,13.412429,33
10357,52.535128,13.412490,34
10357,52.533699,13.412777,35
10357,52.533457,13.412822,36
10357,52.533160,13.412794,37
10357,52.532432,13.412650,38
10357,52.532443,13.412596,39
10357,52.521633,13.414011,40
10357,52.521660,13.414014,41
10357,52.521453,13.414280,42
10357,52.521220,13.414517,43
10357,52.520960,13.414621,44
10357,52.520708,13.414564,45
10357,52.520537,13.414417,46
10357,52.520366,13.414153,47
10357,52.519960,13.413094,48
10357,52.519418,13.411785,49
10357,52.519238,13.411506,50
10357,52.519040,13.411360,51
10357,52.518797,13.411288,52
10357,52.518591,13.411377,53
10357,52.518115,13.411821,54
10357,52.517729,13.412162,55
10357,52.517424,13.412281,56
10357,52.517190,13.412327,57
10357,52.517190,13.412327,58
10357,52.516651,13.412359,59
10357,52.513460,13.411903,60
10357,52.513199,13.411786,61
10357,52.512920,13.411508,62
10357,52.512731,13.411214,63
10357,52.512370,13.410141,64
10357,52.512370,13.410141,65
10357,52.512189,13.409523,66
10357,52.511926,13.408478,67
10357,52.511402,13.406758,68
10357,52.511320,13.406198,69
10357,52.511283,13.405595,70
10357,52.511342,13.403709,71
10357,52.511342,13.403709,72
10357,52.511393,13.402148,73
10357,52.511482,13.401646,74
10357,52.511607,13.401233,75
10357,52.513101,13.397602,76
10357,52.513199,13.397292,77
10357,52.513208,13.397012,78
10357,52.513233,13.396394,79
10357,52.513340,13.395863,80
10357,52.513384,13.395479,81
10357,52.513384,13.395479,82
10357,52.513383,13.394964,83
10357,52.513346,13.394301,84
10357,52.513273,13.393889,85
10357,52.513138,13.393536,86
10357,52.512985,13.393346,87
10357,52.512616,13.393009,88
10357,52.512471,13.392848,89
10357,52.512354,13.392539,90
10357,52.512290,13.392142,91
10357,52.512197,13.390566,92
10357,52.512197,13.390566,93
10357,52.511919,13.386105,94
10357,52.511791,13.385001,95
10357,52.511791,13.385001,96
10357,52.511654,13.384191,97
10357,52.511382,13.382955,98
10357,52.511228,13.382087,99
10357,52.511100,13.381072,100
10357,52.511036,13.380719,101
10357,52.510909,13.380336,102
10357,52.510684,13.379955,103
10357,52.510018,13.379354,104
10357,52.509657,13.378988,105
10357,52.509378,13.378533,106
10357,52.509035,13.377902,107
10357,52.509035,13.377902,108
10357,52.508783,13.377565,109
10357,52.508315,13.377169,110
10357,52.506749,13.376295,111
10357,52.506057,13.376092,112
10357,52.505580,13.375830,113
10357,52.504275,13.375072,114
10357,52.503816,13.374853,115
10357,52.503816,13.374853,116
10357,52.501946,13.374275,117
10357,52.500759,13.374032,118
10357,52.500418,13.374048,119
10357,52.500058,13.374139,120
10357,52.499816,13.374140,121
10357,52.499501,13.374083,122
10357,52.499501,13.374083,123
10357,52.498305,13.373810,124
10357,52.497613,13.373475,125
10357,52.497451,13.373300,126
10357,52.497216,13.372918,127
10357,52.497107,13.372565,128
10357,52.497025,13.371991,129
10357,52.496972,13.367943,130
10357,52.497007,13.367501,131
10357,52.497229,13.366292,132
10357,52.497226,13.365188,133
10357,52.497608,13.363153,134
10357,52.497608,13.363153,135
10357,52.497875,13.361782,136
10357,52.499395,13.354587,137
10357,52.499395,13.354587,138
10357,52.500364,13.350002,139
10357,52.501857,13.342997,140
10357,52.501857,13.342997,141
10357,52.502053,13.342172,142
10357,52.502276,13.341507,143
10357,52.504071,13.336989,144
10357,52.504196,13.336738,145
10357,52.504385,13.336546,146
10357,52.504726,13.336352,147
10357,52.504914,13.336144,148
10357,52.505075,13.335849,149
10357,52.505164,13.335451,150
10357,52.505198,13.334905,151
10357,52.505243,13.334625,152
10357,52.505350,13.334286,153
10357,52.505922,13.333016,154
10357,52.505922,13.333016,155
10357,52.508862,13.326442,156
10357,52.509157,13.325865,157
10357,52.509425,13.325451,158
10357,52.511798,13.322121,159
10357,52.511798,13.322121,160
10357,52.512506,13.321100,161
10357,52.512595,13.320790,162
10357,52.512639,13.320465,163
10357,52.512638,13.320141,164
10357,52.512344,13.317507,165
10357,52.512017,13.312840,166
10357,52.511966,13.310704,167
10357,52.511966,13.310704,168
10357,52.511520,13.305125,169
10357,52.511520,13.305125,170
10357,52.510901,13.295836,171
10357,52.510901,13.295836,172
10357,52.510110,13.283086,173
10357,52.510110,13.283086,174
10357,52.509621,13.275755,175
10357,52.509619,13.275004,176
10357,52.509671,13.274356,177
10357,52.509908,13.272601,178
10357,52.509908,13.272601,179
10357,52.510068,13.271775,180
10357,52.510228,13.271184,181
10357,52.510477,13.270564,182
10357,52.511041,13.269617,183
10357,52.512025,13.268253,184
10357,52.515690,13.262007,185
10357,52.515905,13.261549,186
10357,52.516047,13.261062,187
10357,52.516162,13.260501,188
10357,52.516275,13.259248,189
10357,52.516275,13.259248,190
10357,52.516369,13.257612,191
10357,52.516329,13.256507,192
10357,52.516237,13.255668,193
10357,52.516062,13.254418,194
10357,52.516043,13.253947,195
10357,52.516095,13.253431,196
10357,52.516200,13.252649,197
10357,52.516405,13.251940,198
10357,52.516637,13.251305,199
10357,52.516896,13.250816,200
10357,52.516896,13.250816,201
10357,52.517057,13.250579,202
10357,52.517236,13.250342,203
10357,52.520364,13.247840,204
10357,52.520642,13.247558,205
10357,52.520901,13.247217,206
10357,52.521071,13.247039,207
10357,52.521940,13.246250,208
10357,52.522460,13.245627,209
10357,52.522845,13.245344,210
10357,52.523213,13.245149,211
10357,52.524093,13.244817,212
10357,52.524353,13.244624,213
10357,52.524594,13.244371,214
10357,52.524836,13.244000,215
10357,52.525023,13.243616,216
10357,52.525175,13.243187,217
10357,52.525405,13.241992,218
10357,52.525591,13.241253,219
10479,52.574123,13.349007,0
10479,52.573850,13.351398,1
10479,52.573536,13.355545,2
10479,52.573431,13.356725,3
10479,52.573290,13.357597,4
10479,52.573057,13.358262,5
10479,52.572780,13.358868,6
10479,52.572440,13.359386,7
10479,52.572081,13.359757,8
10479,52.571749,13.360025,9
10479,52.571049,13.360427,10
10479,52.571049,13.360427,11
10479,52.564605,13.363814,12
10479,52.564605,13.363814,13
10479,52.564416,13.363933,14
10479,52.564012,13.364230,15
10479,52.563448,13.364838,16
10479,52.557103,13.373266,17
10479,52.557103,13.373266,18
10479,52.554055,13.376763,19
10479,52.553697,13.377281,20
10479,52.553357,13.377946,21
10479,52.553017,13.378818,22
10479,52.552785,13.379674,23
10479,52.552589,13.380472,24
10479,52.552214,13.381476,25
10479,52.552214,13.381476,26
10479,52.551812,13.382481,27
10479,52.551481,13.383176,28
10479,52.549976,13.385661,29
10479,52.549690,13.386237,30
10479,52.549422,13.387020,31
10479,52.549207,13.387581,32
10479,52.548723,13.388351,33
10479,52.548723,13.388351,34
10479,52.548257,13.388884,35
10479,52.547898,13.389151,36
10479,52.547467,13.389330,37
10479,52.547153,13.389391,38
10479,52.546326,13.389366,39
10479,52.545904,13.389457,40
10479,52.545437,13.389754,41
10479,52.545105,13.390095,42
10479,52.544469,13.390983,43
10479,52.543922,13.391575,44
10479,52.542154,13.392955,45
10479,52.542154,13.392955,46
10479,52.537282,13.396710,47
10479,52.537282,13.396710,48
10479,52.536672,13.397199,49
10479,52.536322,13.397422,50
10479,52.536043,13.397556,51
10479,52.532838,13.398752,52
10479,52.532505,13.398931,53
10479,52.532173,13.399139,54
10479,52.530343,13.400695,55
10479,52.530343,13.400695,56
10479,52.527777,13.402830,57
10479,52.527490,13.403023,58
10479,52.527167,13.403246,59
10479,52.526430,13.403485,60
10479,52.526170,13.403619,61
10479,52.525919,13.403974,62
10479,52.525427,13.405038,63
10479,52.525427,13.405038,64
10479,52.525078,13.405791,65
10479,52.524944,13.406219,66
10479,52.524837,13.406735,67
10479,52.524694,13.407354,68
10479,52.524327,13.408329,69
10479,52.524166,13.408727,70
10479,52.523933,13.408994,71
10479,52.523718,13.409142,72
10479,52.522892,13.409426,73
10479,52.522649,13.409648,74
10479,52.522488,13.409899,75
10479,52.522112,13.410918,76
10479,52.521915,13.411346,77
10479,52.520947,13.412633,78
10479,52.520947,13.412633,79
10479,52.520015,13.413801,80
10479,52.519692,13.414303,81
10479,52.519360,13.414747,82
10479,52.518939,13.415117,83
10479,52.518625,13.415325,84
10479,52.517942,13.415623,85
10479,52.517592,13.415904,86
10479,52.517296,13.416318,87
10479,52.516813,13.417470,88
10479,52.516580,13.417854,89
10479,52.516302,13.418076,90
10479,52.516068,13.418121,91
10479,52.515592,13.418138,92
10479,52.515592,13.418138,93
10479,52.515008,13.418067,94
10479,52.513039,13.417429,95
10479,52.511078,13.416495,96
10479,52.510124,13.415734,97
10479,52.510124,13.415734,98
10479,52.503644,13.410625,99
10479,52.503644,13.410625,100
10479,52.502564,13.409777,101
10479,52.502304,13.409689,102
10479,52.502061,13.409691,103
10479,52.501854,13.409751,104
10479,52.501594,13.409973,105
10479,52.501317,13.410475,106
10479,52.499468,13.416963,107
10479,52.499244,13.417391,108
10479,52.498913,13.417893,109
10479,52.498913,13.417893,110
10479,52.498446,13.418455,111
10479,52.497126,13.419197,112
10479,52.496759,13.419494,113
10479,52.496265,13.420173,114
10479,52.496005,13.420425,115
10479,52.495709,13.420559,116
10479,52.495314,13.420678,117
10479,52.494963,13.420783,118
10479,52.493491,13.421717,119
10479,52.493491,13.421717,120
10479,52.488222,13.424995,121
10479,52.487763,13.425012,122
10479,52.486477,13.424326,123
10479,52.486477,13.424326,124
10479,52.486001,13.424166,125
10479,52.485614,13.424139,126
10479,52.485021,13.424215,127
10479,52.484500,13.424365,128
10479,52.483926,13.424618,129
10479,52.483611,13.424707,130
10479,52.482092,13.424758,131
10479,52.481293,13.424880,132
10479,52.480188,13.425194,133
10479,52.480188,13.425194,134
10479,52.478059,13.425910,135
10479,52.475276,13.427144,136
10479,52.473408,13.428065,137
10479,52.473408,13.428065,138
10479,52.469682,13.430039,139
10479,52.469440,13.430246,140
10479,52.467716,13.431240,141
10480,52.595611,13.334394,0
10480,52.595519,13.333686,1
10480,52.595428,13.333097,2
10480,52.595292,13.332419,3
10480,52.595083,13.331771,4
10480,52.594504,13.330225,5
10480,52.593899,13.328857,6
10480,52.593583,13.328239,7
10480,52.593249,13.327725,8
10480,52.592681,13.327079,9
10480,52.592132,13.326567,10
10480,52.591375,13.325996,11
10480,52.590799,13.325646,12
10480,52.590205,13.325399,13
10480,52.589567,13.325389,14
10480,52.588993,13.325496,15
10480,52.588436,13.325677,16
10480,52.588436,13.325677,17
10480,52.587619,13.326111,18
10480,52.587171,13.326424,19
10480,52.586767,13.326898,20
10480,52.585380,13.328959,21
10480,52.584842,13.329685,22
10480,52.584341,13.330249,23
10480,52.583856,13.330710,24
10480,52.583157,13.331246,25
10480,52.582340,13.331723,26
10480,52.578821,13.333296,27
10480,52.578821,13.333296,28
10480,52.578265,13.333580,29
10480,52.577457,13.334057,30
10480,52.577170,13.334295,31
10480,52.576866,13.334578,32
10480,52.576471,13.335126,33
10480,52.576140,13.335703,34
10480,52.575899,13.336236,35
10480,52.575623,13.337093,36
10480,52.575445,13.337950,37
10480,52.575295,13.339190,38
10480,52.575295,13.339190,39
10480,52.575173,13.340873,40
10480,52.575077,13.341935,41
10480,52.574848,13.343781,42
10480,52.574123,13.349007,43
10480,52.574123,13.349007,44
10480,52.573850,13.351398,45
10480,52.573536,13.355545,46
10480,52.573431,13.356725,47
10480,52.573290,13.357597,48
10480,52.573057,13.358262,49
10480,52.572780,13.358868,50
10480,52.572440,13.359386,51
10480,52.572081,13.359757,52
10480,52.571749,13.360025,53
10480,52.571049,13.360427,54
10480,52.571049,13.360427,55
10480,52.564605,13.363814,56
10480,52.564605,13.363814,57
10480,52.564416,13.363933,58
10480,52.564012,13.364230,59
10480,52.563448,13.364838,60
10480,52.557103,13.373266,61
10480,52.557103,13.373266,62
10480,52.554055,13.376763,63
10480,52.553697,13.377281,64
10480,52.553357,13.377946,65
10480,52.553017,13.378818,66
10480,52.552785,13.379674,67
10480,52.552589,13.380472,68
10480,52.552214,13.381476,69
10480,52.552214,13.381476,70
10480,52.551812,13.382481,71
10480,52.551481,13.383176,72
10480,52.549976,13.385661,73
10480,52.549690,13.386237,74
10480,52.549422,13.387020,75
10480,52.549207,13.387581,76
10480,52.548723,13.388351,77
10480,52.548723,13.388351,78
10480,52.548257,13.388884,79
10480,52.547898,13.389151,80
10480,52.547467,13.389330,81
10480,52.547153,13.389391,82
10480,52.546326,13.389366,83
10480,52.545904,13.389457,84
10480,52.545437,13.389754,85
10480,52.545105,13.390095,86
10480,52.544469,13.390983,87
10480,52.543922,13.391575,88
10480,52.542154,13.392955,89
10480,52.542154,13.392955,90
10480,52.537282,13.396710,91
10480,52.537282,13.396710,92
10480,52.536672,13.397199,93
10480,52.536322,13.397422,94
10480,52.536043,13.397556,95
10480,52.532838,13.398752,96
10480,52.532505,13.398931,97
10480,52.532173,13.399139,98
10480,52.530343,13.400695,99
10480,52.530343,13.400695,100
10480,52.527777,13.402830,101
10480,52.527490,13.403023,102
10480,52.527167,13.403246,103
10480,52.526430,13.403485,104
10480,52.526170,13.403619,105
10480,52.525919,13.403974,106
10480,52.525427,13.405038,107
10480,52.525427,13.405038,108
10480,52.525078,13.405791,109
10480,52.524944,13.406219,110
10480,52.524837,13.406735,111
10480,52.524694,13.407354,112
10480,52.524327,13.408329,113
10480,52.524166,13.408727,114
10480,52.523933,13.408994,115
10480,52.523718,13.409142,116
10480,52.522892,13.409426,117
10480,52.522649,13.409648,118
10480,52.522488,13.409899,119
10480,52.522112,13.410918,120
10480,52.521915,13.411346,121
10480,52.520947,13.412633,122
10480,52.520947,13.412633,123
10480,52.520015,13.413801,124
10480,52.519692,13.414303,125
10480,52.519360,13.414747,126
10480,52.518939,13.415117,127
10480,52.518625,13.415325,128
10480,52.517942,13.415623,129
10480,52.517592,13.415904,130
10480,52.517296,13.416318,131
10480,52.516813,13.417470,132
10480,52.516580,13.417854,133
10480,52.516302,13.418076,134
10480,52.516068,13.418121,135
10480,52.515592,13.418138,136
10480,52.515592,13.418138,137
10480,52.515008,13.418067,138
10480,52.513039,13.417429,139
10480,52.511078,13.416495,140
10480,52.510124,13.415734,141
10480,52.510124,13.415734,142
10480,52.503644,13.410625,143
10480,52.503644,13.410625,144
10480,52.502564,13.409777,145
10480,52.502304,13.409689,146
10480,52.502061,13.409691,147
10480,52.501854,13.409751,148
10480,52.501594,13.409973,149
10480,52.501317,13.410475,150
10480,52.499468,13.416963,151
10480,52.499244,13.417391,152
10480,52.498913,13.417893,153
10480,52.498913,13.417893,154
10480,52.498446,13.418455,155
10480,52.497126,13.419197,156
10480,52.496759,13.419494,157
10480,52.496265,13.420173,158
10480,52.496005,13.420425,159
10480,52.495709,13.420559,160
10480,52.495314,13.420678,161
10480,52.494963,13.420783,162
10480,52.493491,13.421717,163
10480,52.493491,13.421717,164
10480,52.488222,13.424995,165
10480,52.487763,13.425012,166
10480,52.486477,13.424326,167
10481,52.595611,13.334394,0
10481,52.595519,13.333686,1
10481,52.595428,13.333097,2
10481,52.595292,13.332419,3
10481,52.595083,13.331771,4
10481,52.594504,13.330225,5
10481,52.593899,13.328857,6
10481,52.593583,13.328239,7
10481,52.593249,13.327725,8
10481,52.592681,13.327079,9
10481,52.592132,13.326567,10
10481,52.591375,13.325996,11
10481,52.590799,13.325646,12
10481,52.590205,13.325399,13
10481,52.589567,13.325389,14
10481,52.588993,13.325496,15
10481,52.588436,13.325677,16
10481,52.588436,13.325677,17
10481,52.587619,13.326111,18
10481,52.587171,13.326424,19
10481,52.586767,13.326898,20
10481,52.585380,13.328959,21
10481,52.584842,13.329685,22
10481,52.584341,13.330249,23
10481,52.583856,13.330710,24
10481,52.583157,13.331246,25
10481,52.582340,13.331723,26
10481,52.578821,13.333296,27
10481,52.578821,13.333296,28
10481,52.578265,13.333580,29
10481,52.577457,13.334057,30
10481,52.577170,13.334295,31
10481,52.576866,13.334578,32
10481,52.576471,13.335126,33
10481,52.576140,13.335703,34
10481,52.575899,13.336236,35
10481,52.575623,13.337093,36
10481,52.575445,13.337950,37
10481,52.575295,13.339190,38
10481,52.575295,13.339190,39
10481,52.575173,13.340873,40
10481,52.575077,13.341935,41
10481,52.574848,13.343781,42
10481,52.574123,13.349007,43
10481,52.574123,13.349007,44
10481,52.573850,13.351398,45
10481,52.573536,13.355545,46
10481,52.573431,13.356725,47
10481,52.573290,13.357597,48
10481,52.573057,13.358262,49
10481,52.572780,13.358868,50
10481,52.572440,13.359386,51
10481,52.572081,13.359757,52
10481,52.571749,13.360025,53
10481,52.571049,13.360427,54
10481,52.571049,13.360427,55
10481,52.564605,13.363814,56
10481,52.564605,13.363814,57
10481,52.564416,13.363933,58
10481,52.564012,13.364230,59
10481,52.563448,13.364838,60
10481,52.557103,13.373266,61
10481,52.557103,13.373266,62
10481,52.554055,13.376763,63
10481,52.553697,13.377281,64
10481,52.553357,13.377946,65
10481,52.553017,13.378818,66
10481,52.552785,13.379674,67
10481,52.552589,13.380472,68
10481,52.552214,13.381476,69
10481,52.552214,13.381476,70
10481,52.551812,13.382481,71
10481,52.551481,13.383176,72
10481,52.549976,13.385661,73
10481,52.549690,13.386237,74
10481,52.549422,13.387020,75
10481,52.549207,13.387581,76
10481,52.548723,13.388351,77
10481,52.548723,13.388351,78
10481,52.548257,13.388884,79
10481,52.547898,13.389151,80
10481,52.547467,13.389330,81
10481,52.547153,13.389391,82
10481,52.546326,13.389366,83
10481,52.545904,13.389457,84
10481,52.545437,13.389754,85
10481,52.545105,13.390095,86
10481,52.544469,13.390983,87
10481,52.543922,13.391575,88
10481,52.542154,13.392955,89
10481,52.542154,13.392955,90
10481,52.537282,13.396710,91
10481,52.537282,13.396710,92
10481,52.536672,13.397199,93
10481,52.536322,13.397422,94
10481,52.536043,13.397556,95
10481,52.532838,13.398752,96
10481,52.532505,13.398931,97
10481,52.532173,13.399139,98
10481,52.530343,13.400695,99
10481,52.530343,13.400695,100
10481,52.527777,13.402830,101
10481,52.527490,13.403023,102
10481,52.527167,13.403246,103
10481,52.526430,13.403485,104
10481,52.526170,13.403619,105
10481,52.525919,13.403974,106
10481,52.525427,13.405038,107
10481,52.525427,13.405038,108
10481,52.525078,13.405791,109
10481,52.524944,13.406219,110
10481,52.524837,13.406735,111
10481,52.524694,13.407354,112
10481,52.524327,13.408329,113
10481,52.524166,13.408727,114
10481,52.523933,13.408994,115
10481,52.523718,13.409142,116
10481,52.522892,13.409426,117
10481,52.522649,13.409648,118
10481,52.522488,13.409899,119
10481,52.522112,13.410918,120
10481,52.521915,13.411346,121
10481,52.520947,13.412633,122
10481,52.520947,13.412633,123
10481,52.520015,13.413801,124
10481,52.519692,13.414303,125
10481,52.519360,13.414747,126
10481,52.518939,13.415117,127
10481,52.518625,13.415325,128
10481,52.517942,13.415623,129
10481,52.517592,13.415904,130
10481,52.517296,13.416318,131
10481,52.516813,13.417470,132
10481,52.516580,13.417854,133
10481,52.516302,13.418076,134
10481,52.516068,13.418121,135
10481,52.515592,13.418138,136
10481,52.515592,13.418138,137
10481,52.515008,13.418067,138
10481,52.513039,13.417429,139
10481,52.511078,13.416495,140
10481,52.510124,13.415734,141
10481,52.510124,13.415734,142
10481,52.503644,13.410625,143
10481,52.503644,13.410625,144
10481,52.502564,13.409777,145
10481,52.502304,13.409689,146
10481,52.502061,13.409691,147
10481,52.501854,13.409751,148
10481,52.501594,13.409973,149
10481,52.501317,13.410475,150
10481,52.499468,13.416963,151
10481,52.499244,13.417391,152
10481,52.498913,13.417893,153
10481,52.498913,13.417893,154
10481,52.498446,13.418455,155
10481,52.497126,13.419197,156
10481,52.496759,13.419494,157
10481,52.496265,13.420173,158
10481,52.496005,13.420425,159
10481,52.495709,13.420559,160
10481,52.495314,13.420678,161
10481,52.494963,13.420783,162
10481,52.493491,13.421717,163
10481,52.493491,13.421717,164
10481,52.488222,13.424995,165
10481,52.487763,13.425012,166
10481,52.486477,13.424326,167
10481,52.486477,13.424326,168
10481,52.486001,13.424166,169
10481,52.485614,13.424139,170
10481,52.485021,13.424215,171
10481,52.484500,13.424365,172
10481,52.483926,13.424618,173
10481,52.483611,13.424707,174
10481,52.482092,13.424758,175
10481,52.481293,13.424880,176
10481,52.480188,13.425194,177
10481,52.480188,13.425194,178
10481,52.478059,13.425910,179
10481,52.475276,13.427144,180
10481,52.473408,13.428065,181
10481,52.473408,13.428065,182
10481,52.469682,13.430039,183
10481,52.467689,13.431137,184
10476,52.595611,13.334394,0
10476,52.595519,13.333686,1
10476,52.595428,13.333097,2
10476,52.595292,13.332419,3
10476,52.595083,13.331771,4
10476,52.594504,13.330225,5
10476,52.593899,13.328857,6
10476,52.593583,13.328239,7
10476,52.593249,13.327725,8
10476,52.592681,13.327079,9
10476,52.592132,13.326567,10
10476,52.591375,13.325996,11
10476,52.590799,13.325646,12
10476,52.590205,13.325399,13
10476,52.589567,13.325389,14
10476,52.588993,13.325496,15
10476,52.588436,13.325677,16
10476,52.588436,13.325677,17
10476,52.587619,13.326111,18
10476,52.587171,13.326424,19
10476,52.586767,13.326898,20
10476,52.585380,13.328959,21
10476,52.584842,13.329685,22
10476,52.584341,13.330249,23
10476,52.583856,13.330710,24
10476,52.583157,13.331246,25
10476,52.582340,13.331723,26
10476,52.578821,13.333296,27
10476,52.578821,13.333296,28
10476,52.578265,13.333580,29
10476,52.577457,13.334057,30
10476,52.577170,13.334295,31
10476,52.576866,13.334578,32
10476,52.576471,13.335126,33
10476,52.576140,13.335703,34
10476,52.575899,13.336236,35
10476,52.575623,13.337093,36
10476,52.575445,13.337950,37
10476,52.575295,13.339190,38
10476,52.575295,13.339190,39
10476,52.575173,13.340873,40
10476,52.575077,13.341935,41
10476,52.574848,13.343781,42
10476,52.574123,13.349007,43
10476,52.574123,13.349007,44
10476,52.573850,13.351398,45
10476,52.573536,13.355545,46
10476,52.573431,13.356725,47
10476,52.573290,13.357597,48
10476,52.573057,13.358262,49
10476,52.572780,13.358868,50
10476,52.572440,13.359386,51
10476,52.572081,13.359757,52
10476,52.571749,13.360025,53
10476,52.571049,13.360427,54
10476,52.571049,13.360427,55
10476,52.564605,13.363814,56
10476,52.564605,13.363814,57
10476,52.564416,13.363933,58
10476,52.564012,13.364230,59
10476,52.563448,13.364838,60
10476,52.557103,13.373266,61
10476,52.557103,13.373266,62
10476,52.554055,13.376763,63
10476,52.553697,13.377281,64
10476,52.553357,13.377946,65
10476,52.553017,13.378818,66
10476,52.552785,13.379674,67
10476,52.552589,13.380472,68
10476,52.552214,13.381476,69
10476,52.552214,13.381476,70
10476,52.551812,13.382481,71
10476,52.551481,13.383176,72
10476,52.549976,13.385661,73
10476,52.549690,13.386237,74
10476,52.549422,13.387020,75
10476,52.549207,13.387581,76
10476,52.548723,13.388351,77
10476,52.548723,13.388351,78
10476,52.548257,13.388884,79
10476,52.547898,13.389151,80
10476,52.547467,13.389330,81
10476,52.547153,13.389391,82
10476,52.546326,13.389366,83
10476,52.545904,13.389457,84
10476,52.545437,13.389754,85
10476,52.545105,13.390095,86
10476,52.544469,13.390983,87
10476,52.543922,13.391575,88
10476,52.542154,13.392955,89
10476,52.542154,13.392955,90
10476,52.537282,13.396710,91
10476,52.537282,13.396710,92
10476,52.536672,13.397199,93
10476,52.536322,13.397422,94
10476,52.536043,13.397556,95
10476,52.532838,13.398752,96
10476,52.532505,13.398931,97
10476,52.532173,13.399139,98
10476,52.530343,13.400695,99
10476,52.530343,13.400695,100
10476,52.527777,13.402830,101
10476,52.527490,13.403023,102
10476,52.527167,13.403246,103
10476,52.526430,13.403485,104
10476,52.526170,13.403619,105
10476,52.525919,13.403974,106
10476,52.525427,13.405038,107
10476,52.525427,13.405038,108
10476,52.525078,13.405791,109
10476,52.524944,13.406219,110
10476,52.524837,13.406735,111
10476,52.524694,13.407354,112
10476,52.524327,13.408329,113
10476,52.524166,13.408727,114
10476,52.523933,13.408994,115
10476,52.523718,13.409142,116
10476,52.522892,13.409426,117
10476,52.522649,13.409648,118
10476,52.522488,13.409899,119
10476,52.522112,13.410918,120
10476,52.521915,13.411346,121
10476,52.520947,13.412633,122
10476,52.520947,13.412633,123
10476,52.520015,13.413801,124
10476,52.519692,13.414303,125
10476,52.519360,13.414747,126
10476,52.518939,13.415117,127
10476,52.518625,13.415325,128
10476,52.517942,13.415623,129
10476,52.517592,13.415904,130
10476,52.517296,13.416318,131
10476,52.516813,13.417470,132
10476,52.516580,13.417854,133
10476,52.516302,13.418076,134
10476,52.516068,13.418121,135
10476,52.515592,13.418138,136
10476,52.515592,13.418138,137
10476,52.515008,13.418067,138
10476,52.513039,13.417429,139
10476,52.511078,13.416495,140
10476,52.510124,13.415734,141
10476,52.510124,13.415734,142
10476,52.503644,13.410625,143
10476,52.503644,13.410625,144
10476,52.502564,13.409777,145
10476,52.502304,13.409689,146
10476,52.502061,13.409691,147
10476,52.501854,13.409751,148
10476,52.501594,13.409973,149
10476,52.501317,13.410475,150
10476,52.499468,13.416963,151
10476,52.499244,13.417391,152
10476,52.498913,13.417893,153
10476,52.498913,13.417893,154
10476,52.498446,13.418455,155
10476,52.497126,13.419197,156
10476,52.496759,13.419494,157
10476,52.496265,13.420173,158
10476,52.496005,13.420425,159
10476,52.495709,13.420559,160
10476,52.495314,13.420678,161
10476,52.494963,13.420783,162
10476,52.493491,13.421717,163
10476,52.493491,13.421717,164
10476,52.488222,13.424995,165
10476,52.487763,13.425012,166
10476,52.486477,13.424326,167
10476,52.486477,13.424326,168
10476,52.486001,13.424166,169
10476,52.485614,13.424139,170
10476,52.485021,13.424215,171
10476,52.484500,13.424365,172
10476,52.483926,13.424618,173
10476,52.483611,13.424707,174
10476,52.482092,13.424758,175
10476,52.481293,13.424880,176
10476,52.480188,13.425194,177
10476,52.480188,13.425194,178
10476,52.478059,13.425910,179
10476,52.475276,13.427144,180
10476,52.473408,13.428065,181
10476,52.473408,13.428065,182
10476,52.469682,13.430039,183
10476,52.469440,13.430246,184
10476,52.467716,13.431240,185
